{
	"credit": "Made by TC",
	"parent": "minecraft:block/template_farmland",
	"textures": {
		"2": "aether:block/construction/aether_farmland_side",
		"dirt": "aether:block/natural/aether_dirt",
		"top": "aether:block/construction/aether_farmland",
		"particle": "aether:block/construction/aether_farmland_side"
	},
	"elements": [
		{
			"from": [0, 0, 0],
			"to": [16, 15, 16],
			"faces": {
				"north": {"uv": [0, 1, 16, 16], "texture": "#2"},
				"east": {"uv": [0, 1, 16, 16], "texture": "#2"},
				"south": {"uv": [0, 1, 16, 16], "texture": "#2"},
				"west": {"uv": [0, 1, 16, 16], "texture": "#2"},
				"up": {"uv": [0, 0, 16, 16], "texture": "#top"},
				"down": {"uv": [0, 0, 16, 16], "texture": "#dirt"}
			}
		}
	]
}