{
	"credit": "Made by TC",
	"parent": "minecraft:block/cube_bottom_top",
	"textures": {
		"2": "aether:block/utility/altar_top",
		"side": "aether:block/utility/altar_side",
		"top": "aether:block/construction/plate_holystone",
		"particle": "aether:block/utility/altar_top"
	},
	"elements": [
		{
			"from": [0, 0, 0],
			"to": [16, 16, 16],
			"faces": {
				"north": {"uv": [0, 0, 16, 16], "texture": "#side"},
				"east": {"uv": [0, 0, 16, 16], "texture": "#side"},
				"south": {"uv": [0, 0, 16, 16], "texture": "#side"},
				"west": {"uv": [0, 0, 16, 16], "texture": "#side"},
				"up": {"uv": [0, 0, 16, 16], "texture": "#2"},
				"down": {"uv": [0, 0, 16, 16], "texture": "#top"}
			}
		}
	]
}