{
	"credit": "Made by TC",
	"render_type": "minecraft:cutout",
	"ambientocclusion": false,
	"textures": {
		"0": "aether:block/utility/ambrosium_torch_base",
		"2": "aether:block/utility/ambrosium_torch",
		"3": "aether:block/utility/ambrosium_torch_flame",
		"particle": "aether:block/utility/ambrosium_torch"
	},
	"elements": [
		{
			"name": "Torch",
			"from": [7, 0, 7],
			"to": [9, 10, 9],
			"shade": false,
			"faces": {
				"north": {"uv": [7, 6, 9, 16], "texture": "#2"},
				"east": {"uv": [7, 6, 9, 16], "texture": "#2"},
				"south": {"uv": [7, 6, 9, 16], "texture": "#2"},
				"west": {"uv": [7, 6, 9, 16], "texture": "#2"},
				"up": {"uv": [7, 14, 9, 16], "texture": "#3"},
				"down": {"uv": [7, 14, 9, 16], "texture": "#2"}
			}
		},
		{
			"name": "Flame",
			"from": [5.5, 8, 8],
			"to": [10.5, 15, 8],
			"shade": false,
			"rotation": {"angle": 0, "axis": "y", "origin": [8, 13, 8]},
			"faces": {
				"north": {"uv": [5, 8, 11, 15], "texture": "#3"},
				"south": {"uv": [5, 8, 11, 15], "texture": "#3"}
			}
		},
		{
			"name": "Flame",
			"from": [8, 8, 5.5],
			"to": [8, 15, 10.5],
			"shade": false,
			"rotation": {"angle": 0, "axis": "y", "origin": [8, 13, 8]},
			"faces": {
				"east": {"uv": [5, 8, 11, 15], "texture": "#3"},
				"west": {"uv": [5, 8, 11, 15], "texture": "#3"}
			}
		},
		{
			"name": "Grip",
			"from": [6.5, 5, 6.5],
			"to": [9.5, 6, 9.5],
			"shade": false,
			"faces": {
				"north": {"uv": [7, 10, 10, 11], "texture": "#0"},
				"east": {"uv": [7, 10, 10, 11], "texture": "#0"},
				"south": {"uv": [7, 10, 10, 11], "texture": "#0"},
				"west": {"uv": [7, 10, 10, 11], "texture": "#0"},
				"up": {"uv": [7, 10, 8, 11], "texture": "#0"},
				"down": {"uv": [7, 10, 10, 11], "texture": "#0"}
			}
		},
		{
			"name": "Tray",
			"from": [6, 7, 6],
			"to": [10, 8, 10],
			"shade": false,
			"faces": {
				"north": {"uv": [6, 8, 10, 9], "texture": "#0"},
				"east": {"uv": [6, 8, 10, 9], "texture": "#0"},
				"south": {"uv": [6, 8, 10, 9], "texture": "#0"},
				"west": {"uv": [6, 8, 10, 9], "texture": "#0"},
				"up": {"uv": [12, 12, 16, 16], "texture": "#0"},
				"down": {"uv": [12, 12, 16, 16], "texture": "#0"}
			}
		}
	],
	"gui_light": "front",
	"display": {
		"thirdperson_righthand": {
			"rotation": [30, 0, 0],
			"translation": [0, 3, 2],
			"scale": [0.75, 0.75, 0.75]
		},
		"thirdperson_lefthand": {
			"rotation": [30, 0, 0],
			"translation": [0, 3, 2],
			"scale": [0.75, 0.75, 0.75]
		},
		"firstperson_righthand": {
			"rotation": [-15, 55, 0],
			"translation": [1.5, 5, 0],
			"scale": [0.7, 0.7, 0.7]
		},
		"firstperson_lefthand": {
			"rotation": [-15, 55, 0],
			"translation": [1.5, 5, 0],
			"scale": [0.7, 0.7, 0.7]
		},
		"ground": {
			"translation": [0, 2, 0],
			"scale": [0.5, 0.5, 0.5]
		}
	}
}