{
	"credit": "Made with Blockbench",
	"textures": {
		"top": "aether:block/dungeon/angelic_stone_wall_top1",
		"particle": "aether:block/dungeon/angelic_stone",
		"wall": "aether:block/dungeon/angelic_stone"
	},
	"elements": [
		{
			"from": [5, 0.01, 0],
			"to": [11, 16.01, 8],
			"faces": {
				"north": {"uv": [5, 0, 11, 16], "texture": "#wall", "cullface": "north"},
				"east": {"uv": [8, 0, 16, 16], "texture": "#wall"},
				"west": {"uv": [0, 0, 8, 16], "texture": "#wall"},
				"up": {"uv": [5, 0, 11, 8], "texture": "#top"},
				"down": {"uv": [5, 8, 11, 16], "texture": "#wall", "cullface": "down"}
			}
		}
	]
}