{
	"credit": "Made by TC",
	"parent": "minecraft:block/block",
	"render_type": "minecraft:cutout",
	"textures": {
		"2": "aether:block/natural/berry_bush_tips",
		"3": "aether:block/natural/skyroot_leaves",
		"particle": "aether:block/natural/berry_bush",
		"bush": "aether:block/natural/berry_bush",
		"stem": "aether:block/natural/berry_bush_stem"
	},
	"elements": [
		{
			"from": [0, 8, 0],
			"to": [16, 16, 16],
			"faces": {
				"north": {"uv": [0, 0, 16, 8], "texture": "#bush"},
				"east": {"uv": [0, 0, 16, 8], "texture": "#bush"},
				"south": {"uv": [0, 0, 16, 8], "texture": "#bush"},
				"west": {"uv": [0, 0, 16, 8], "texture": "#bush"},
				"up": {"uv": [0, 0, 16, 16], "texture": "#3"},
				"down": {"uv": [0, 0, 0, 0], "texture": "#3"}
			}
		},
		{
			"from": [0, 2, 0],
			"to": [16, 8, 16],
			"faces": {
				"north": {"uv": [0, 0, 16, 6], "texture": "#2"},
				"east": {"uv": [0, 0, 16, 6], "texture": "#2"},
				"south": {"uv": [0, 0, 16, 6], "texture": "#2"},
				"west": {"uv": [0, 0, 16, 6], "texture": "#2"}
			}
		},
		{
			"from": [0.8, 0, 8],
			"to": [15.2, 16, 8],
			"rotation": {"angle": 45, "axis": "y", "origin": [8, 8, 8], "rescale": true},
			"faces": {
				"north": {"uv": [0.8, 0, 15.2, 16], "texture": "#stem"},
				"south": {"uv": [0.8, 0, 15.2, 16], "texture": "#stem"}
			}
		},
		{
			"from": [8, 0, 0.8],
			"to": [8, 16, 15.2],
			"rotation": {"angle": 45, "axis": "y", "origin": [8, 8, 8], "rescale": true},
			"faces": {
				"east": {"uv": [0.8, 0, 15.2, 16], "texture": "#stem"},
				"west": {"uv": [0.8, 0, 15.2, 16], "texture": "#stem"}
			}
		}
	]
}