{
	"credit": "Made with Blockbench",
	"textures": {
		"0": "aether:block/dungeon/carved_stone_wall_top",
		"1": "aether:block/dungeon/carved_stone_wall_side"
	},
	"elements": [
		{
			"from": [5, 12, 0],
			"to": [11, 15, 8],
			"faces": {
				"north": {"uv": [5, 1, 11, 4.05], "texture": "#1"},
				"east": {"uv": [8, 1, 16, 4], "texture": "#1"},
				"south": {"uv": [5, 1, 11, 4], "texture": "#1"},
				"west": {"uv": [0, 1, 8, 4], "texture": "#1"},
				"up": {"uv": [5, 0, 11, 8], "texture": "#0"},
				"down": {"uv": [5, 0, 11, 8], "texture": "#0"}
			}
		},
		{
			"from": [5, 4, 0],
			"to": [11, 7, 8],
			"faces": {
				"north": {"uv": [5, 1, 11, 4.05], "texture": "#1"},
				"east": {"uv": [8, 1, 16, 4], "texture": "#1"},
				"south": {"uv": [5, 1, 11, 4], "texture": "#1"},
				"west": {"uv": [0, 1, 8, 4], "texture": "#1"},
				"up": {"uv": [5, 0, 11, 8], "texture": "#0"},
				"down": {"uv": [5, 0, 11, 8], "texture": "#0"}
			}
		},
		{
			"from": [6, 0, 0],
			"to": [10, 4, 8],
			"faces": {
				"north": {"uv": [12, 12, 16, 16], "texture": "#1"},
				"east": {"uv": [0, 0, 8, 4], "texture": "#1"},
				"south": {"uv": [8, 12, 12, 16], "texture": "#1"},
				"west": {"uv": [0, 0, 8, 4], "texture": "#1"},
				"up": {"uv": [5, 0, 11, 8], "texture": "#0"},
				"down": {"uv": [5, 0, 11, 8], "texture": "#0"}
			}
		}
	]
}