{
	"credit": "Made by TC",
	"parent": "block/block",
	"textures": {
		"particle": "aether:block/natural/aether_dirt",
		"bottom": "aether:block/natural/aether_dirt",
		"top": "aether:block/natural/enchanted_aether_grass_block_top1",
		"side": "aether:block/natural/enchanted_aether_grass_block_side"
	},
	"elements": [
		{
			"from": [0, 0, 0],
			"to": [16, 16, 16],
			"faces": {
				"north": {"uv": [0, 0, 16, 16], "texture": "#side", "cullface": "north"},
				"east": {"uv": [0, 0, 16, 16], "texture": "#side", "cullface": "east"},
				"south": {"uv": [0, 0, 16, 16], "texture": "#side", "cullface": "south"},
				"west": {"uv": [0, 0, 16, 16], "texture": "#side", "cullface": "west"},
				"up": {"uv": [0, 0, 16, 16], "texture": "#top", "cullface": "up", "tintindex": 0},
				"down": {"uv": [0, 0, 16, 16], "texture": "#bottom", "cullface": "down"}
			}
		}
	]
}