{
	"credit": "Made by TC",
	"ambientocclusion": false,
	"textures": {
		"2": "aether:block/utility/freezer_bottom",
		"top": "aether:block/utility/freezer_top",
		"particle": "aether:block/utility/freezer_side",
		"side": "aether:block/utility/freezer_side"
	},
	"elements": [
		{
			"name": "West",
			"from": [0, 0, 0],
			"to": [16, 16, 16],
			"faces": {
				"north": {"uv": [0, 0, 16, 16], "texture": "#side"},
				"east": {"uv": [0, 0, 16, 16], "texture": "#side"},
				"south": {"uv": [0, 0, 16, 16], "texture": "#side"},
				"west": {"uv": [0, 0, 16, 16], "texture": "#side"},
				"up": {"uv": [0, 0, 16, 16], "texture": "#top", "cullface": "up"},
				"down": {"uv": [0, 0, 16, 16], "texture": "#2"}
			}
		}
	]
}