{
	"credit": "Made by TC",
	"render_type": "minecraft:cutout",
	"textures": {
		"dirt_patch": "aether:block/natural/aether_dirt_patch",
		"particle": "aether:block/natural/golden_oak_sapling"
	},
	"elements": [
		{
			"from": [8, 0, 0.8],
			"to": [8, 16, 15.2],
			"shade": false,
			"rotation": {"angle": 45, "axis": "y", "origin": [8, 8, 8], "rescale": true},
			"faces": {
				"east": {"uv": [0, 0, 16, 16], "texture": "#particle"},
				"west": {"uv": [0, 0, 16, 16], "texture": "#particle"}
			}
		},
		{
			"from": [0.8, 0, 8],
			"to": [15.2, 16, 8],
			"shade": false,
			"rotation": {"angle": 45, "axis": "y", "origin": [8, 8, 8], "rescale": true},
			"faces": {
				"north": {"uv": [0, 0, 16, 16], "texture": "#particle"},
				"south": {"uv": [0, 0, 16, 16], "texture": "#particle"}
			}
		},
		{
			"from": [0, 0, 0],
			"to": [16, 0.0625, 16],
			"faces": {
				"up": {"uv": [0, 0, 16, 16], "texture": "#dirt_patch"}
			}
		}
	]
}