{
	"credit": "Made by TC",
	"parent": "block/block",
	"textures": {
		"1": "aether:block/utility/incubator_bottom",
		"3": "aether:block/utility/incubator_side",
		"4": "aether:block/utility/incubator_top",
		"particle": "aether:block/utility/incubator_side"
	},
	"elements": [
		{
			"from": [0, 0, 0],
			"to": [16, 2, 16],
			"faces": {
				"north": {"uv": [0, 14, 16, 16], "texture": "#3"},
				"east": {"uv": [0, 14, 16, 16], "texture": "#3"},
				"south": {"uv": [0, 14, 16, 16], "texture": "#3"},
				"west": {"uv": [0, 14, 16, 16], "texture": "#3"},
				"up": {"uv": [0, 0, 16, 16], "texture": "#1"},
				"down": {"uv": [0, 0, 16, 16], "texture": "#1"}
			}
		},
		{
			"from": [0, 2, 0],
			"to": [2, 7, 2],
			"faces": {
				"north": {"uv": [14, 9, 16, 14], "texture": "#3"},
				"east": {"uv": [14, 9, 16, 14], "rotation": 180, "texture": "#3"},
				"south": {"uv": [14, 9, 16, 14], "texture": "#3"},
				"west": {"uv": [0, 9, 2, 14], "texture": "#3"}
			}
		},
		{
			"from": [14, 2, 0],
			"to": [16, 7, 2],
			"rotation": {"angle": 0, "axis": "y", "origin": [1, 4.5, 1]},
			"faces": {
				"north": {"uv": [0, 9, 2, 14], "texture": "#3"},
				"east": {"uv": [14, 9, 16, 14], "texture": "#3"},
				"south": {"uv": [14, 9, 16, 14], "rotation": 180, "texture": "#3"},
				"west": {"uv": [14, 9, 16, 14], "texture": "#3"}
			}
		},
		{
			"from": [14, 2, 14],
			"to": [16, 7, 16],
			"rotation": {"angle": 0, "axis": "y", "origin": [8, 4.5, 1]},
			"faces": {
				"north": {"uv": [14, 9, 16, 14], "texture": "#3"},
				"east": {"uv": [0, 9, 2, 14], "texture": "#3"},
				"south": {"uv": [14, 9, 16, 14], "texture": "#3"},
				"west": {"uv": [14, 9, 16, 14], "rotation": 180, "texture": "#3"}
			}
		},
		{
			"from": [0, 2, 14],
			"to": [2, 7, 16],
			"rotation": {"angle": 0, "axis": "y", "origin": [8, 4.5, 1]},
			"faces": {
				"north": {"uv": [14, 9, 16, 14], "rotation": 180, "texture": "#3"},
				"east": {"uv": [14, 9, 16, 14], "texture": "#3"},
				"south": {"uv": [0, 9, 2, 14], "texture": "#3"},
				"west": {"uv": [14, 9, 16, 14], "texture": "#3"}
			}
		},
		{
			"from": [0, 7, 0],
			"to": [16, 16, 16],
			"faces": {
				"north": {"uv": [0, 0, 16, 9], "texture": "#3"},
				"east": {"uv": [0, 0, 16, 9], "texture": "#3"},
				"south": {"uv": [0, 0, 16, 9], "texture": "#3"},
				"west": {"uv": [0, 0, 16, 9], "texture": "#3"},
				"up": {"uv": [0, 0, 16, 16], "texture": "#4"},
				"down": {"uv": [0, 0, 16, 16], "texture": "#4"}
			}
		},
		{
			"from": [1, 2, 1],
			"to": [15, 7, 15],
			"faces": {
				"north": {"uv": [1, 9, 15, 14], "texture": "#3"},
				"east": {"uv": [1, 9, 15, 14], "texture": "#3"},
				"south": {"uv": [1, 9, 15, 14], "texture": "#3"},
				"west": {"uv": [1, 9, 15, 14], "texture": "#3"}
			}
		},
		{
			"from": [2, 16, 2],
			"to": [4, 18, 14],
			"faces": {
				"north": {"uv": [12, 14, 14, 16], "texture": "#3"},
				"east": {"uv": [2, 14, 14, 16], "texture": "#3"},
				"south": {"uv": [2, 14, 4, 16], "texture": "#3"},
				"west": {"uv": [2, 14, 14, 16], "texture": "#3"},
				"up": {"uv": [2, 2, 4, 14], "texture": "#4"}
			}
		},
		{
			"from": [12, 16, 2],
			"to": [14, 18, 14],
			"faces": {
				"north": {"uv": [2, 14, 4, 16], "texture": "#3"},
				"east": {"uv": [2, 14, 14, 16], "texture": "#3"},
				"south": {"uv": [12, 14, 14, 16], "texture": "#3"},
				"west": {"uv": [2, 14, 14, 16], "texture": "#3"},
				"up": {"uv": [12, 2, 14, 14], "texture": "#4"}
			}
		},
		{
			"from": [4, 16, 12],
			"to": [12, 18, 14],
			"faces": {
				"north": {"uv": [4, 14, 12, 16], "texture": "#3"},
				"south": {"uv": [4, 14, 12, 16], "texture": "#3"},
				"up": {"uv": [4, 12, 12, 14], "texture": "#4"}
			}
		},
		{
			"from": [4, 16, 2],
			"to": [12, 18, 4],
			"faces": {
				"north": {"uv": [4, 14, 12, 16], "texture": "#3"},
				"south": {"uv": [4, 14, 12, 16], "texture": "#3"},
				"up": {"uv": [4, 2, 12, 4], "texture": "#4"}
			}
		}
	]
}