{
	"credit": "Made by TC",
	"parent": "minecraft:block/slab",
	"textures": {
		"1": "aether:block/natural/mossy_holystone",
		"2": "aether:block/natural/mossy_holystone_block",
		"top": "aether:block/natural/mossy_holystone_slab",
		"particle": "aether:block/natural/mossy_holystone"
	},
	"elements": [
		{
			"from": [0, 0, 0],
			"to": [16, 8, 16],
			"faces": {
				"north": {"uv": [0, 0, 16, 8], "texture": "#top"},
				"east": {"uv": [0, 0, 16, 8], "texture": "#top"},
				"south": {"uv": [0, 0, 16, 8], "texture": "#top"},
				"west": {"uv": [0, 0, 16, 8], "texture": "#top"},
				"up": {"uv": [0, 0, 16, 16], "texture": "#2"},
				"down": {"uv": [0, 0, 16, 16], "texture": "#1"}
			}
		}
	]
}