{
	"credit": "Made by TC",
	"parent": "minecraft:block/block",
	"render_type": "minecraft:cutout",
	"textures": {
		"3": "aether:block/natural/berry_bush",
		"4": "aether:block/natural/skyroot_leaves",
		"5": "aether:block/natural/berry_bush_tips",
		"dirt": "aether:block/natural/aether_dirt",
		"particle": "aether:block/utility/flower_pot2",
		"flowerpot": "aether:block/utility/flower_pot2",
		"stem": "aether:block/natural/berry_bush_stem"
	},
	"elements": [
		{
			"from": [4, 0, 5],
			"to": [5, 3, 11],
			"faces": {
				"north": {"uv": [11, 13, 12, 16], "texture": "#flowerpot"},
				"east": {"uv": [5, 13, 11, 16], "texture": "#flowerpot"},
				"south": {"uv": [4, 13, 5, 16], "texture": "#flowerpot"},
				"west": {"uv": [5, 13, 11, 16], "texture": "#flowerpot"},
				"up": {"uv": [5, 6, 11, 7], "rotation": 90, "texture": "#flowerpot"},
				"down": {"uv": [5, 15, 11, 16], "rotation": 90, "texture": "#flowerpot", "cullface": "down"}
			}
		},
		{
			"from": [11, 0, 5],
			"to": [12, 3, 11],
			"faces": {
				"north": {"uv": [4, 13, 5, 16], "texture": "#flowerpot"},
				"east": {"uv": [5, 13, 11, 16], "texture": "#flowerpot"},
				"south": {"uv": [11, 13, 12, 16], "texture": "#flowerpot"},
				"west": {"uv": [5, 13, 11, 16], "texture": "#flowerpot"},
				"up": {"uv": [5, 13, 11, 14], "rotation": 90, "texture": "#flowerpot"},
				"down": {"uv": [5, 15, 11, 16], "rotation": 90, "texture": "#flowerpot", "cullface": "down"}
			}
		},
		{
			"from": [4, 0, 4],
			"to": [12, 3, 5],
			"faces": {
				"north": {"uv": [4, 13, 12, 16], "texture": "#flowerpot"},
				"east": {"uv": [4, 13, 5, 16], "texture": "#flowerpot"},
				"south": {"uv": [4, 13, 12, 16], "texture": "#flowerpot"},
				"west": {"uv": [11, 13, 12, 16], "texture": "#flowerpot"},
				"up": {"uv": [4, 6, 12, 7], "texture": "#flowerpot"},
				"down": {"uv": [4, 15, 12, 16], "texture": "#flowerpot", "cullface": "down"}
			}
		},
		{
			"from": [4, 0, 11],
			"to": [12, 3, 12],
			"faces": {
				"north": {"uv": [4, 13, 12, 16], "texture": "#flowerpot"},
				"east": {"uv": [11, 13, 12, 16], "texture": "#flowerpot"},
				"south": {"uv": [4, 13, 12, 16], "texture": "#flowerpot"},
				"west": {"uv": [4, 13, 5, 16], "texture": "#flowerpot"},
				"up": {"uv": [4, 13, 12, 14], "texture": "#flowerpot"},
				"down": {"uv": [4, 15, 12, 16], "texture": "#flowerpot", "cullface": "down"}
			}
		},
		{
			"from": [5, 0, 5],
			"to": [11, 2, 11],
			"faces": {
				"up": {"uv": [5, 5, 11, 11], "texture": "#dirt"},
				"down": {"uv": [5, 7, 11, 13], "texture": "#flowerpot", "cullface": "down"}
			}
		},
		{
			"from": [0, 2, 8],
			"to": [16, 14, 8],
			"rotation": {"angle": 45, "axis": "y", "origin": [8, 8, 8]},
			"faces": {
				"north": {"uv": [1, 4, 15, 16], "texture": "#stem"},
				"south": {"uv": [1, 4, 15, 16], "texture": "#stem"}
			}
		},
		{
			"from": [8, 2, 1],
			"to": [8, 14, 15],
			"rotation": {"angle": 45, "axis": "y", "origin": [8, 8, 8]},
			"faces": {
				"east": {"uv": [1, 4, 15, 16], "texture": "#stem"},
				"west": {"uv": [1, 4, 15, 16], "texture": "#stem"}
			}
		},
		{
			"from": [1, 8, 1],
			"to": [15, 18, 15],
			"faces": {
				"north": {"uv": [1, 1, 15, 11], "texture": "#3"},
				"east": {"uv": [1, 1, 15, 11], "texture": "#3"},
				"south": {"uv": [1, 1, 15, 11], "texture": "#3"},
				"west": {"uv": [1, 1, 15, 11], "texture": "#3"},
				"up": {"uv": [2, 2, 16, 16], "texture": "#4"},
				"down": {"uv": [2, 2, 16, 16], "texture": "#4"}
			}
		},
		{
			"from": [1, 5, 1],
			"to": [15, 8, 15],
			"faces": {
				"north": {"uv": [0, 2, 14, 5], "texture": "#5"},
				"east": {"uv": [0, 2, 14, 5], "texture": "#5"},
				"south": {"uv": [0, 2, 14, 5], "texture": "#5"},
				"west": {"uv": [0, 2, 14, 5], "texture": "#5"}
			}
		}
	]
}