{
	"credit": "Made by TC",
	"textures": {
		"0": "aether:block/construction/fence_skyroot",
		"1": "aether:block/construction/fence_skyroot_top"
	},
	"elements": [
		{
			"name": "Top",
			"from": [7, 12, 0],
			"to": [9, 15, 9],
			"faces": {
				"north": {"uv": [7, 1, 9, 4], "texture": "#0"},
				"east": {"uv": [7, 1, 16, 4], "texture": "#0"},
				"south": {"uv": [7, 1, 9, 4], "texture": "#0"},
				"west": {"uv": [0, 1, 9, 4], "texture": "#0"},
				"up": {"uv": [7, 0, 9, 9], "texture": "#1"},
				"down": {"uv": [7, 7, 9, 16], "texture": "#1"}
			}
		},
		{
			"name": "Bottom",
			"from": [7, 6, 0],
			"to": [9, 7, 9],
			"faces": {
				"north": {"uv": [0, 7, 2, 8], "texture": "#0"},
				"east": {"uv": [7, 7, 16, 8], "texture": "#0"},
				"south": {"uv": [14, 7, 16, 8], "texture": "#0"},
				"west": {"uv": [0, 7, 9, 8], "texture": "#0"},
				"up": {"uv": [7, 0, 9, 9], "texture": "#1"},
				"down": {"uv": [7, 7, 9, 16], "texture": "#1"}
			}
		},
		{
			"name": "Bottom",
			"from": [7, 8, 1],
			"to": [9, 12, 2],
			"faces": {
				"north": {"uv": [7, 7, 9, 10], "texture": "#0"},
				"east": {"uv": [6, 12, 7, 16], "texture": "#0"},
				"south": {"uv": [6, 12, 8, 16], "texture": "#0"},
				"west": {"uv": [6, 12, 7, 16], "texture": "#0"},
				"down": {"uv": [7, 12, 9, 13], "texture": "#1"}
			}
		},
		{
			"name": "Bottom",
			"from": [7, 8, 2],
			"to": [9, 9, 4],
			"faces": {
				"north": {"uv": [7, 7, 9, 10], "texture": "#0"},
				"east": {"uv": [14, 7, 12, 8], "texture": "#0"},
				"west": {"uv": [0, 7, 2, 8], "texture": "#0"},
				"up": {"uv": [4, 7, 6, 9], "rotation": 90, "texture": "#1"},
				"down": {"uv": [7, 11, 9, 13], "texture": "#1"}
			}
		},
		{
			"name": "Bottom",
			"from": [7, 8, 4],
			"to": [9, 11, 5],
			"faces": {
				"north": {"uv": [7, 7, 9, 10], "texture": "#0"},
				"east": {"uv": [6, 5, 7, 8], "texture": "#0"},
				"south": {"uv": [6, 5, 8, 8], "texture": "#0"},
				"west": {"uv": [6, 5, 7, 8], "texture": "#0"},
				"up": {"uv": [9, 1, 7, 2], "texture": "#1"},
				"down": {"uv": [7, 10, 9, 11], "texture": "#1"}
			}
		},
		{
			"name": "Bottom",
			"from": [7, 10, 3],
			"to": [9, 11, 4],
			"faces": {
				"north": {"uv": [8, 10, 6, 11], "texture": "#0"},
				"east": {"uv": [8, 14, 9, 15], "texture": "#0"},
				"west": {"uv": [8, 14, 9, 15], "texture": "#0"},
				"up": {"uv": [9, 0, 7, 1], "texture": "#1"},
				"down": {"uv": [7, 11, 9, 12], "texture": "#1"}
			}
		}
	]
}