{
	"credit": "Made with Blockbench",
	"ambientocclusion": false,
	"textures": {
		"0": "aether:block/construction/skyroot_door_top",
		"1": "aether:block/construction/skyroot_door_sides",
		"particle": "aether:block/construction/skyroot_door_top"
	},
	"elements": [
		{
			"name": "top",
			"from": [0, 13, 0],
			"to": [3, 16, 16],
			"rotation": {"angle": 0, "axis": "y", "origin": [1.5, 8, 8]},
			"faces": {
				"north": {"uv": [13, 0, 16, 3], "texture": "#0"},
				"east": {"uv": [16, 0, 0, 3], "texture": "#0"},
				"south": {"uv": [3, 0, 0, 3], "texture": "#0"},
				"west": {"uv": [16, 0, 0, 3], "texture": "#0"},
				"up": {"uv": [0, 0, 16, 3], "rotation": 270, "texture": "#0"},
				"down": {"uv": [0, 8, 16, 11], "rotation": 90, "texture": "#1"}
			}
		},
		{
			"name": "top",
			"from": [0, 0, 0],
			"to": [3, 13, 3],
			"rotation": {"angle": 0, "axis": "y", "origin": [1.5, 8, 8]},
			"faces": {
				"north": {"uv": [0, 6, 13, 3], "rotation": 90, "texture": "#1"},
				"east": {"uv": [13, 3, 16, 16], "texture": "#0"},
				"south": {"uv": [0, 11, 13, 8], "rotation": 90, "texture": "#1"},
				"west": {"uv": [0, 3, 3, 16], "texture": "#0"}
			}
		},
		{
			"name": "top",
			"from": [0, 0, 13],
			"to": [3, 13, 16],
			"rotation": {"angle": 0, "axis": "y", "origin": [1.5, 8, 8]},
			"faces": {
				"north": {"uv": [0, 11, 13, 8], "rotation": 90, "texture": "#1"},
				"east": {"uv": [0, 3, 3, 16], "texture": "#0"},
				"south": {"uv": [0, 6, 13, 3], "rotation": 90, "texture": "#1"},
				"west": {"uv": [13, 3, 16, 16], "texture": "#0"}
			}
		},
		{
			"name": "top",
			"from": [0, 0, 7],
			"to": [3, 13, 9],
			"rotation": {"angle": 0, "axis": "y", "origin": [1.5, 8, 8]},
			"faces": {
				"north": {"uv": [0, 8, 13, 5], "rotation": 90, "texture": "#1"},
				"east": {"uv": [7, 3, 9, 16], "texture": "#0"},
				"south": {"uv": [0, 8, 13, 5], "rotation": 90, "texture": "#1"},
				"west": {"uv": [7, 3, 9, 16], "texture": "#0"}
			}
		},
		{
			"name": "top",
			"from": [1, 9, 6],
			"to": [2, 11, 7],
			"rotation": {"angle": 0, "axis": "y", "origin": [1.5, 8, 8]},
			"faces": {
				"north": {"uv": [6, 5, 7, 6], "texture": "#0"},
				"east": {"uv": [6, 5, 7, 6], "texture": "#0"},
				"west": {"uv": [6, 5, 7, 6], "texture": "#0"},
				"up": {"uv": [6, 5, 7, 6], "rotation": 180, "texture": "#0"},
				"down": {"uv": [6, 5, 7, 6], "rotation": 180, "texture": "#0"}
			}
		},
		{
			"name": "top",
			"from": [1, 10, 5],
			"to": [2, 11, 6],
			"rotation": {"angle": 0, "axis": "y", "origin": [1.5, 8, 8]},
			"faces": {
				"east": {"uv": [5, 5, 6, 6], "texture": "#0"},
				"west": {"uv": [5, 5, 6, 6], "texture": "#0"},
				"up": {"uv": [5, 5, 6, 6], "rotation": 180, "texture": "#0"},
				"down": {"uv": [5, 5, 6, 6], "rotation": 180, "texture": "#0"}
			}
		},
		{
			"name": "top",
			"from": [1, 7, 5],
			"to": [2, 8, 6],
			"rotation": {"angle": 0, "axis": "y", "origin": [1.5, 8, 8]},
			"faces": {
				"east": {"uv": [5, 8, 6, 9], "texture": "#0"},
				"south": {"uv": [5, 8, 6, 9], "texture": "#0"},
				"west": {"uv": [5, 8, 6, 9], "texture": "#0"},
				"up": {"uv": [5, 8, 6, 9], "rotation": 180, "texture": "#0"},
				"down": {"uv": [5, 8, 6, 9], "rotation": 180, "texture": "#0"}
			}
		},
		{
			"name": "top",
			"from": [1, 7, 4],
			"to": [2, 11, 5],
			"rotation": {"angle": 0, "axis": "y", "origin": [1.5, 8, 8]},
			"faces": {
				"north": {"uv": [4, 5, 5, 9], "texture": "#0"},
				"east": {"uv": [4, 5, 5, 9], "texture": "#0"},
				"south": {"uv": [4, 5, 5, 9], "texture": "#0"},
				"west": {"uv": [4, 5, 5, 9], "texture": "#0"},
				"up": {"uv": [4, 5, 5, 6], "rotation": 180, "texture": "#0"},
				"down": {"uv": [4, 8, 5, 9], "rotation": 180, "texture": "#0"}
			}
		},
		{
			"name": "top",
			"from": [1, 1, 5],
			"to": [2, 2, 6],
			"rotation": {"angle": 0, "axis": "y", "origin": [1.5, 8, 8]},
			"faces": {
				"east": {"uv": [5, 8, 6, 9], "texture": "#0"},
				"south": {"uv": [5, 8, 6, 9], "texture": "#0"},
				"west": {"uv": [5, 8, 6, 9], "texture": "#0"},
				"up": {"uv": [5, 8, 6, 9], "rotation": 180, "texture": "#0"},
				"down": {"uv": [5, 8, 6, 9], "rotation": 180, "texture": "#0"}
			}
		},
		{
			"name": "top",
			"from": [1, 1, 4],
			"to": [2, 5, 5],
			"rotation": {"angle": 0, "axis": "y", "origin": [1.5, 8, 8]},
			"faces": {
				"north": {"uv": [4, 5, 5, 9], "texture": "#0"},
				"east": {"uv": [4, 5, 5, 9], "texture": "#0"},
				"south": {"uv": [4, 5, 5, 9], "texture": "#0"},
				"west": {"uv": [4, 5, 5, 9], "texture": "#0"},
				"up": {"uv": [4, 5, 5, 6], "rotation": 180, "texture": "#0"},
				"down": {"uv": [4, 8, 5, 9], "rotation": 180, "texture": "#0"}
			}
		},
		{
			"name": "top",
			"from": [1, 4, 5],
			"to": [2, 5, 6],
			"rotation": {"angle": 0, "axis": "y", "origin": [1.5, 8, 8]},
			"faces": {
				"east": {"uv": [5, 5, 6, 6], "texture": "#0"},
				"west": {"uv": [5, 5, 6, 6], "texture": "#0"},
				"up": {"uv": [5, 5, 6, 6], "rotation": 180, "texture": "#0"},
				"down": {"uv": [5, 5, 6, 6], "rotation": 180, "texture": "#0"}
			}
		},
		{
			"name": "top",
			"from": [1, 3, 6],
			"to": [2, 5, 7],
			"rotation": {"angle": 0, "axis": "y", "origin": [1.5, 8, 8]},
			"faces": {
				"north": {"uv": [6, 5, 7, 6], "texture": "#0"},
				"east": {"uv": [6, 5, 7, 6], "texture": "#0"},
				"west": {"uv": [6, 5, 7, 6], "texture": "#0"},
				"up": {"uv": [6, 5, 7, 6], "rotation": 180, "texture": "#0"},
				"down": {"uv": [6, 5, 7, 6], "rotation": 180, "texture": "#0"}
			}
		},
		{
			"name": "top",
			"from": [1, 1, 10],
			"to": [2, 2, 11],
			"rotation": {"angle": 0, "axis": "y", "origin": [1.5, 8, 8]},
			"faces": {
				"north": {"uv": [5, 8, 6, 9], "texture": "#0"},
				"east": {"uv": [5, 8, 6, 9], "texture": "#0"},
				"west": {"uv": [5, 8, 6, 9], "texture": "#0"},
				"up": {"uv": [5, 8, 6, 9], "texture": "#0"},
				"down": {"uv": [5, 8, 6, 9], "texture": "#0"}
			}
		},
		{
			"name": "top",
			"from": [1, 1, 11],
			"to": [2, 5, 12],
			"rotation": {"angle": 0, "axis": "y", "origin": [1.5, 8, 8]},
			"faces": {
				"north": {"uv": [4, 5, 5, 9], "texture": "#0"},
				"east": {"uv": [4, 5, 5, 9], "texture": "#0"},
				"south": {"uv": [4, 5, 5, 9], "texture": "#0"},
				"west": {"uv": [4, 5, 5, 9], "texture": "#0"},
				"up": {"uv": [4, 5, 5, 6], "texture": "#0"},
				"down": {"uv": [4, 8, 5, 9], "texture": "#0"}
			}
		},
		{
			"name": "top",
			"from": [1, 4, 10],
			"to": [2, 5, 11],
			"rotation": {"angle": 0, "axis": "y", "origin": [1.5, 8, 8]},
			"faces": {
				"east": {"uv": [5, 5, 6, 6], "texture": "#0"},
				"west": {"uv": [5, 5, 6, 6], "texture": "#0"},
				"up": {"uv": [5, 5, 6, 6], "texture": "#0"},
				"down": {"uv": [5, 5, 6, 6], "texture": "#0"}
			}
		},
		{
			"name": "top",
			"from": [1, 3, 9],
			"to": [2, 5, 10],
			"rotation": {"angle": 0, "axis": "y", "origin": [1.5, 8, 8]},
			"faces": {
				"east": {"uv": [6, 5, 7, 6], "texture": "#0"},
				"south": {"uv": [6, 5, 7, 6], "texture": "#0"},
				"west": {"uv": [6, 5, 7, 6], "texture": "#0"},
				"up": {"uv": [6, 5, 7, 6], "texture": "#0"},
				"down": {"uv": [6, 5, 7, 6], "texture": "#0"}
			}
		},
		{
			"name": "top",
			"from": [1, 7, 10],
			"to": [2, 8, 11],
			"rotation": {"angle": 0, "axis": "y", "origin": [1.5, 8, 8]},
			"faces": {
				"north": {"uv": [5, 8, 6, 9], "texture": "#0"},
				"east": {"uv": [5, 8, 6, 9], "texture": "#0"},
				"west": {"uv": [5, 8, 6, 9], "texture": "#0"},
				"up": {"uv": [5, 8, 6, 9], "texture": "#0"},
				"down": {"uv": [5, 8, 6, 9], "texture": "#0"}
			}
		},
		{
			"name": "top",
			"from": [1, 7, 11],
			"to": [2, 11, 12],
			"rotation": {"angle": 0, "axis": "y", "origin": [1.5, 8, 8]},
			"faces": {
				"north": {"uv": [4, 5, 5, 9], "texture": "#0"},
				"east": {"uv": [4, 5, 5, 9], "texture": "#0"},
				"south": {"uv": [4, 5, 5, 9], "texture": "#0"},
				"west": {"uv": [4, 5, 5, 9], "texture": "#0"},
				"up": {"uv": [4, 5, 5, 6], "texture": "#0"},
				"down": {"uv": [4, 8, 5, 9], "texture": "#0"}
			}
		},
		{
			"name": "top",
			"from": [1, 10, 10],
			"to": [2, 11, 11],
			"rotation": {"angle": 0, "axis": "y", "origin": [1.5, 8, 8]},
			"faces": {
				"east": {"uv": [5, 5, 6, 6], "texture": "#0"},
				"west": {"uv": [5, 5, 6, 6], "texture": "#0"},
				"up": {"uv": [5, 5, 6, 6], "texture": "#0"},
				"down": {"uv": [5, 5, 6, 6], "texture": "#0"}
			}
		},
		{
			"name": "top",
			"from": [1, 9, 9],
			"to": [2, 11, 10],
			"rotation": {"angle": 0, "axis": "y", "origin": [1.5, 8, 8]},
			"faces": {
				"east": {"uv": [6, 5, 7, 6], "texture": "#0"},
				"south": {"uv": [6, 5, 7, 6], "texture": "#0"},
				"west": {"uv": [6, 5, 7, 6], "texture": "#0"},
				"up": {"uv": [6, 5, 7, 6], "texture": "#0"},
				"down": {"uv": [6, 5, 7, 6], "texture": "#0"}
			}
		},
		{
			"name": "top",
			"from": [0, 12, 9],
			"to": [3, 13, 10],
			"rotation": {"angle": 0, "axis": "y", "origin": [1.5, 8, 8]},
			"faces": {
				"east": {"uv": [9, 3, 10, 4], "texture": "#0"},
				"south": {"uv": [0, 8, 1, 5], "rotation": 90, "texture": "#1"},
				"west": {"uv": [9, 3, 10, 4], "texture": "#0"},
				"down": {"uv": [0, 5, 1, 8], "rotation": 270, "texture": "#1"}
			}
		},
		{
			"name": "top",
			"from": [0, 12, 6],
			"to": [3, 13, 7],
			"rotation": {"angle": 0, "axis": "y", "origin": [1.5, 8, 8]},
			"faces": {
				"north": {"uv": [0, 8, 1, 5], "rotation": 90, "texture": "#1"},
				"east": {"uv": [9, 3, 10, 4], "texture": "#0"},
				"west": {"uv": [9, 3, 10, 4], "texture": "#0"},
				"down": {"uv": [0, 5, 1, 8], "rotation": 90, "texture": "#1"}
			}
		},
		{
			"name": "top",
			"from": [0, 12, 3],
			"to": [3, 13, 4],
			"rotation": {"angle": 0, "axis": "y", "origin": [1.5, 8, 8]},
			"faces": {
				"east": {"uv": [3, 3, 4, 4], "texture": "#0"},
				"south": {"uv": [0, 8, 1, 5], "rotation": 90, "texture": "#1"},
				"west": {"uv": [3, 3, 4, 4], "texture": "#0"},
				"down": {"uv": [0, 5, 1, 8], "rotation": 270, "texture": "#1"}
			}
		},
		{
			"name": "top",
			"from": [0, 12, 12],
			"to": [3, 13, 13],
			"rotation": {"angle": 0, "axis": "y", "origin": [1.5, 8, 8]},
			"faces": {
				"north": {"uv": [0, 8, 1, 5], "rotation": 90, "texture": "#1"},
				"east": {"uv": [3, 3, 4, 4], "texture": "#0"},
				"west": {"uv": [3, 3, 4, 4], "texture": "#0"},
				"down": {"uv": [0, 5, 1, 8], "rotation": 90, "texture": "#1"}
			}
		}
	],
	"groups": [
		{
			"name": "top",
			"origin": [0, 0, 0],
			"color": 0,
			"children": [0, 1, 2, 3, 4, 5, 6, 7, 8, 9, 10, 11, 12, 13, 14, 15, 16, 17, 18, 19, 20, 21, 22, 23]
		}
	]
}