{
	"credit": "Made by TC",
	"parent": "block/thin_block",
	"textures": {
		"particle": "aether:block/construction/skyroot_trapdoor"
	},
	"elements": [
		{
			"from": [9, 6, 14],
			"to": [10, 10, 15],
			"rotation": {"angle": 0, "axis": "x", "origin": [8, 15.5, 8]},
			"faces": {
				"north": {"uv": [6, 6, 7, 10], "rotation": 180, "texture": "#particle"},
				"east": {"uv": [6, 10, 7, 6], "rotation": 180, "texture": "#particle"},
				"south": {"uv": [6, 6, 7, 10], "texture": "#particle"},
				"west": {"uv": [6, 10, 7, 6], "texture": "#particle"}
			}
		},
		{
			"from": [6, 6, 14],
			"to": [7, 10, 15],
			"rotation": {"angle": 0, "axis": "x", "origin": [8, 15.5, 8]},
			"faces": {
				"north": {"uv": [6, 6, 7, 10], "rotation": 180, "texture": "#particle"},
				"east": {"uv": [6, 10, 7, 6], "rotation": 180, "texture": "#particle"},
				"south": {"uv": [6, 6, 7, 10], "texture": "#particle"},
				"west": {"uv": [6, 10, 7, 6], "texture": "#particle"}
			}
		},
		{
			"from": [7, 9, 14],
			"to": [9, 10, 15],
			"rotation": {"angle": 0, "axis": "x", "origin": [8, 15.5, 8]},
			"faces": {
				"north": {"uv": [7, 6, 9, 7], "rotation": 180, "texture": "#particle"},
				"south": {"uv": [7, 6, 9, 7], "texture": "#particle"},
				"up": {"uv": [7, 9, 9, 10], "rotation": 90, "texture": "#particle"},
				"down": {"uv": [7, 9, 9, 10], "rotation": 270, "texture": "#particle"}
			}
		},
		{
			"from": [7, 6, 14],
			"to": [9, 7, 15],
			"rotation": {"angle": 0, "axis": "x", "origin": [8, 15.5, 8]},
			"faces": {
				"north": {"uv": [7, 6, 9, 7], "rotation": 180, "texture": "#particle"},
				"south": {"uv": [7, 6, 9, 7], "texture": "#particle"},
				"up": {"uv": [7, 6, 9, 7], "texture": "#particle"},
				"down": {"uv": [7, 6, 9, 7], "rotation": 180, "texture": "#particle"}
			}
		},
		{
			"from": [3, 13, 13],
			"to": [13, 16, 16],
			"rotation": {"angle": 0, "axis": "x", "origin": [8, 15.5, 8]},
			"faces": {
				"north": {"uv": [3, 13, 13, 16], "rotation": 180, "texture": "#particle"},
				"south": {"uv": [3, 16, 13, 13], "texture": "#particle"},
				"up": {"uv": [13, 13, 3, 16], "texture": "#particle"},
				"down": {"uv": [3, 0, 13, 3], "rotation": 180, "texture": "#particle"}
			}
		},
		{
			"from": [3, 0, 13],
			"to": [13, 3, 16],
			"rotation": {"angle": 0, "axis": "x", "origin": [8, 15.5, 8]},
			"faces": {
				"north": {"uv": [3, 0, 13, 3], "rotation": 180, "texture": "#particle"},
				"south": {"uv": [3, 3, 13, 0], "texture": "#particle"},
				"up": {"uv": [13, 3, 3, 0], "texture": "#particle"},
				"down": {"uv": [3, 0, 13, 3], "rotation": 180, "texture": "#particle"}
			}
		},
		{
			"from": [0, 0, 13],
			"to": [3, 16, 16],
			"rotation": {"angle": 0, "axis": "x", "origin": [8, 15.5, 8]},
			"faces": {
				"north": {"uv": [0, 0, 3, 16], "rotation": 180, "texture": "#particle"},
				"east": {"uv": [3, 16, 0, 0], "rotation": 180, "texture": "#particle"},
				"south": {"uv": [16, 16, 13, 0], "texture": "#particle"},
				"west": {"uv": [0, 13, 16, 16], "rotation": 270, "texture": "#particle"},
				"up": {"uv": [0, 13, 3, 16], "texture": "#particle"},
				"down": {"uv": [13, 0, 16, 3], "rotation": 180, "texture": "#particle"}
			}
		},
		{
			"from": [13, 0, 13],
			"to": [16, 16, 16],
			"rotation": {"angle": 0, "axis": "x", "origin": [8, 15.5, 8]},
			"faces": {
				"north": {"uv": [13, 0, 16, 16], "rotation": 180, "texture": "#particle"},
				"east": {"uv": [0, 0, 16, 3], "rotation": 90, "texture": "#particle"},
				"south": {"uv": [3, 16, 0, 0], "texture": "#particle"},
				"west": {"uv": [13, 0, 16, 16], "texture": "#particle"},
				"up": {"uv": [13, 13, 16, 16], "texture": "#particle"},
				"down": {"uv": [0, 0, 3, 3], "rotation": 180, "texture": "#particle"}
			}
		},
		{
			"from": [3, 3, 14],
			"to": [6, 4, 15],
			"rotation": {"angle": 0, "axis": "x", "origin": [8, 15.5, 8]},
			"faces": {
				"north": {"uv": [10, 12, 13, 13], "rotation": 180, "texture": "#particle"},
				"south": {"uv": [10, 12, 13, 13], "texture": "#particle"},
				"up": {"uv": [10, 12, 13, 13], "texture": "#particle"}
			}
		},
		{
			"from": [4, 6, 14],
			"to": [5, 7, 15],
			"rotation": {"angle": 0, "axis": "x", "origin": [8, 15.5, 8]},
			"faces": {
				"north": {"uv": [11, 9, 12, 10], "rotation": 180, "texture": "#particle"},
				"east": {"uv": [11, 9, 12, 10], "rotation": 90, "texture": "#particle"},
				"south": {"uv": [11, 9, 12, 10], "texture": "#particle"},
				"up": {"uv": [11, 9, 12, 10], "texture": "#particle"},
				"down": {"uv": [11, 9, 12, 10], "rotation": 180, "texture": "#particle"}
			}
		},
		{
			"from": [3, 4, 14],
			"to": [4, 7, 15],
			"rotation": {"angle": 0, "axis": "x", "origin": [8, 15.5, 8]},
			"faces": {
				"north": {"uv": [12, 9, 13, 12], "texture": "#particle"},
				"east": {"uv": [12, 12, 13, 9], "rotation": 180, "texture": "#particle"},
				"south": {"uv": [12, 9, 13, 12], "texture": "#particle"},
				"up": {"uv": [12, 9, 13, 10], "rotation": 90, "texture": "#particle"}
			}
		},
		{
			"from": [6, 3, 14],
			"to": [7, 6, 15],
			"rotation": {"angle": 0, "axis": "x", "origin": [8, 15.5, 8]},
			"faces": {
				"north": {"uv": [9, 10, 10, 13], "rotation": 180, "texture": "#particle"},
				"east": {"uv": [9, 10, 10, 13], "rotation": 180, "texture": "#particle"},
				"south": {"uv": [9, 10, 10, 13], "texture": "#particle"},
				"west": {"uv": [9, 10, 10, 13], "texture": "#particle"}
			}
		},
		{
			"from": [6, 10, 14],
			"to": [7, 13, 15],
			"rotation": {"angle": 0, "axis": "x", "origin": [8, 15.5, 8]},
			"faces": {
				"north": {"uv": [9, 10, 10, 13], "rotation": 180, "texture": "#particle"},
				"east": {"uv": [9, 10, 10, 13], "texture": "#particle"},
				"south": {"uv": [9, 10, 10, 13], "texture": "#particle"},
				"west": {"uv": [9, 10, 10, 13], "rotation": 180, "texture": "#particle"}
			}
		},
		{
			"from": [3, 12, 14],
			"to": [6, 13, 15],
			"rotation": {"angle": 0, "axis": "x", "origin": [8, 15.5, 8]},
			"faces": {
				"north": {"uv": [10, 12, 13, 13], "rotation": 180, "texture": "#particle"},
				"south": {"uv": [10, 12, 13, 13], "texture": "#particle"},
				"down": {"uv": [10, 12, 13, 13], "texture": "#particle"}
			}
		},
		{
			"from": [3, 9, 14],
			"to": [4, 12, 15],
			"rotation": {"angle": 0, "axis": "x", "origin": [8, 15.5, 8]},
			"faces": {
				"north": {"uv": [12, 9, 13, 12], "rotation": 180, "texture": "#particle"},
				"east": {"uv": [12, 12, 13, 9], "texture": "#particle"},
				"south": {"uv": [12, 9, 13, 12], "rotation": 180, "texture": "#particle"},
				"down": {"uv": [12, 9, 13, 10], "rotation": 90, "texture": "#particle"}
			}
		},
		{
			"from": [4, 9, 14],
			"to": [5, 10, 15],
			"rotation": {"angle": 0, "axis": "x", "origin": [8, 15.5, 8]},
			"faces": {
				"north": {"uv": [11, 9, 12, 10], "rotation": 180, "texture": "#particle"},
				"east": {"uv": [11, 9, 12, 10], "rotation": 270, "texture": "#particle"},
				"south": {"uv": [11, 9, 12, 10], "texture": "#particle"},
				"up": {"uv": [11, 9, 12, 10], "rotation": 180, "texture": "#particle"},
				"down": {"uv": [11, 9, 12, 10], "texture": "#particle"}
			}
		},
		{
			"from": [9, 10, 14],
			"to": [10, 13, 15],
			"rotation": {"angle": 0, "axis": "x", "origin": [8, 15.5, 8]},
			"faces": {
				"north": {"uv": [9, 10, 10, 13], "texture": "#particle"},
				"east": {"uv": [9, 10, 10, 13], "rotation": 180, "texture": "#particle"},
				"south": {"uv": [9, 10, 10, 13], "rotation": 180, "texture": "#particle"},
				"west": {"uv": [9, 10, 10, 13], "texture": "#particle"}
			}
		},
		{
			"from": [10, 12, 14],
			"to": [13, 13, 15],
			"rotation": {"angle": 0, "axis": "x", "origin": [8, 15.5, 8]},
			"faces": {
				"north": {"uv": [10, 12, 13, 13], "texture": "#particle"},
				"south": {"uv": [10, 12, 13, 13], "rotation": 180, "texture": "#particle"},
				"down": {"uv": [10, 12, 13, 13], "rotation": 180, "texture": "#particle"}
			}
		},
		{
			"from": [12, 9, 14],
			"to": [13, 12, 15],
			"rotation": {"angle": 0, "axis": "x", "origin": [8, 15.5, 8]},
			"faces": {
				"north": {"uv": [12, 9, 13, 12], "rotation": 180, "texture": "#particle"},
				"south": {"uv": [12, 9, 13, 12], "rotation": 180, "texture": "#particle"},
				"west": {"uv": [12, 12, 13, 9], "texture": "#particle"},
				"down": {"uv": [12, 9, 13, 10], "rotation": 270, "texture": "#particle"}
			}
		},
		{
			"from": [11, 9, 14],
			"to": [12, 10, 15],
			"rotation": {"angle": 0, "axis": "x", "origin": [8, 15.5, 8]},
			"faces": {
				"north": {"uv": [11, 9, 12, 10], "texture": "#particle"},
				"south": {"uv": [11, 9, 12, 10], "rotation": 180, "texture": "#particle"},
				"west": {"uv": [11, 9, 12, 10], "rotation": 270, "texture": "#particle"},
				"up": {"uv": [11, 9, 12, 10], "texture": "#particle"},
				"down": {"uv": [11, 9, 12, 10], "rotation": 180, "texture": "#particle"}
			}
		},
		{
			"from": [11, 6, 14],
			"to": [12, 7, 15],
			"rotation": {"angle": 0, "axis": "x", "origin": [8, 15.5, 8]},
			"faces": {
				"north": {"uv": [11, 9, 12, 10], "texture": "#particle"},
				"south": {"uv": [11, 9, 12, 10], "rotation": 180, "texture": "#particle"},
				"west": {"uv": [11, 9, 12, 10], "rotation": 90, "texture": "#particle"},
				"up": {"uv": [11, 9, 12, 10], "rotation": 180, "texture": "#particle"},
				"down": {"uv": [11, 9, 12, 10], "texture": "#particle"}
			}
		},
		{
			"from": [12, 4, 14],
			"to": [13, 7, 15],
			"rotation": {"angle": 0, "axis": "x", "origin": [8, 15.5, 8]},
			"faces": {
				"north": {"uv": [12, 9, 13, 12], "texture": "#particle"},
				"south": {"uv": [12, 9, 13, 12], "texture": "#particle"},
				"west": {"uv": [12, 12, 13, 9], "rotation": 180, "texture": "#particle"},
				"up": {"uv": [12, 9, 13, 10], "rotation": 270, "texture": "#particle"}
			}
		},
		{
			"from": [10, 3, 14],
			"to": [13, 4, 15],
			"rotation": {"angle": 0, "axis": "x", "origin": [8, 15.5, 8]},
			"faces": {
				"north": {"uv": [10, 12, 13, 13], "texture": "#particle"},
				"south": {"uv": [10, 12, 13, 13], "rotation": 180, "texture": "#particle"},
				"up": {"uv": [10, 12, 13, 13], "rotation": 180, "texture": "#particle"}
			}
		},
		{
			"from": [9, 3, 14],
			"to": [10, 6, 15],
			"rotation": {"angle": 0, "axis": "x", "origin": [8, 15.5, 8]},
			"faces": {
				"north": {"uv": [9, 10, 10, 13], "texture": "#particle"},
				"east": {"uv": [9, 10, 10, 13], "texture": "#particle"},
				"south": {"uv": [9, 10, 10, 13], "rotation": 180, "texture": "#particle"},
				"west": {"uv": [9, 10, 10, 13], "rotation": 180, "texture": "#particle"}
			}
		}
	]
}