{
	"credit": "Made by TC",
	"parent": "block/block",
	"textures": {
		"1": "aether:block/construction/fence_skyroot_top",
		"particle": "aether:block/construction/fence_skyroot",
		"texture": "aether:block/construction/fence_skyroot"
	},
	"elements": [
		{
			"name": "DAPOST",
			"from": [14, 0, 6],
			"to": [16, 16, 10],
			"faces": {
				"north": {"uv": [8, 0, 10, 16], "texture": "#texture"},
				"east": {"uv": [6, 0, 10, 16], "texture": "#texture", "cullface": "east"},
				"south": {"uv": [6, 0, 8, 16], "texture": "#texture"},
				"west": {"uv": [6, 0, 10, 16], "texture": "#texture"},
				"up": {"uv": [6, 6, 8, 10], "texture": "#1", "cullface": "up"},
				"down": {"uv": [14, 7, 16, 9], "texture": "#texture", "cullface": "down"}
			}
		},
		{
			"name": "Glizzyhands",
			"from": [14, 1, 15],
			"to": [16, 15, 16],
			"rotation": {"angle": 0, "axis": "y", "origin": [8.125, 8, 2.5]},
			"faces": {
				"north": {"uv": [8, 2, 10, 16], "texture": "#texture"},
				"east": {"uv": [7, 2, 8, 16], "texture": "#texture"},
				"south": {"uv": [8, 2, 10, 16], "texture": "#texture"},
				"west": {"uv": [9, 2, 10, 16], "texture": "#texture"},
				"up": {"uv": [9, 2, 10, 4], "rotation": 270, "texture": "#texture"},
				"down": {"uv": [9, 14, 10, 16], "rotation": 90, "texture": "#texture"}
			}
		},
		{
			"name": "Glizzyhands",
			"from": [14, 13, 10],
			"to": [16, 15, 15],
			"rotation": {"angle": 0, "axis": "y", "origin": [8.125, 8, 2.5]},
			"faces": {
				"north": {"uv": [1, 1, 3.5, 3], "texture": "#texture"},
				"east": {"uv": [1, 1, 6, 3], "texture": "#texture"},
				"west": {"uv": [10, 1, 15, 3], "texture": "#texture"},
				"up": {"uv": [10, 7, 15, 9], "rotation": 270, "texture": "#1"},
				"down": {"uv": [10, 7, 15, 9], "rotation": 90, "texture": "#1"}
			}
		},
		{
			"name": "Glizzyhands",
			"from": [14, 1, 10],
			"to": [16, 3, 15],
			"rotation": {"angle": 0, "axis": "y", "origin": [8.125, 8, 2.5]},
			"faces": {
				"north": {"uv": [1, 1, 3.5, 3], "texture": "#texture"},
				"east": {"uv": [1, 1, 6, 3], "texture": "#texture"},
				"west": {"uv": [10, 1, 15, 3], "texture": "#texture"},
				"up": {"uv": [10, 7, 15, 9], "rotation": 270, "texture": "#1"},
				"down": {"uv": [10, 7, 15, 9], "rotation": 90, "texture": "#1"}
			}
		},
		{
			"name": "Swirly1",
			"from": [14, 9, 14],
			"to": [16, 13, 15],
			"rotation": {"angle": 0, "axis": "y", "origin": [8.125, 8, 2.5]},
			"faces": {
				"north": {"uv": [6, 12, 8, 16], "texture": "#texture"},
				"east": {"uv": [6, 12, 7, 16], "texture": "#texture"},
				"south": {"uv": [7, 7, 9, 10], "texture": "#texture"},
				"west": {"uv": [6, 12, 7, 16], "texture": "#texture"},
				"up": {"uv": [0, 0, 0, 0], "rotation": 180, "texture": "#texture"},
				"down": {"uv": [7, 12, 9, 13], "rotation": 180, "texture": "#texture"}
			}
		},
		{
			"name": "Swirly1",
			"from": [14, 9, 12],
			"to": [16, 10, 14],
			"rotation": {"angle": 0, "axis": "y", "origin": [8.125, 8, 2.5]},
			"faces": {
				"east": {"uv": [0, 7, 2, 8], "texture": "#texture"},
				"south": {"uv": [7, 7, 9, 10], "texture": "#texture"},
				"west": {"uv": [14, 7, 12, 8], "texture": "#texture"},
				"up": {"uv": [4, 7, 6, 9], "rotation": 270, "texture": "#texture"},
				"down": {"uv": [7, 11, 9, 13], "rotation": 180, "texture": "#texture"}
			}
		},
		{
			"name": "Swirly1",
			"from": [14, 9, 11],
			"to": [16, 12, 12],
			"rotation": {"angle": 0, "axis": "y", "origin": [8.125, 8, 2.5]},
			"faces": {
				"north": {"uv": [6, 5, 8, 8], "texture": "#texture"},
				"east": {"uv": [6, 5, 7, 8], "texture": "#texture"},
				"south": {"uv": [7, 7, 9, 10], "texture": "#texture"},
				"west": {"uv": [6, 5, 7, 8], "texture": "#texture"},
				"up": {"uv": [9, 1, 7, 2], "rotation": 180, "texture": "#texture"},
				"down": {"uv": [7, 10, 9, 11], "rotation": 180, "texture": "#texture"}
			}
		},
		{
			"name": "Swirly1",
			"from": [14, 11, 12],
			"to": [16, 12, 13],
			"rotation": {"angle": 0, "axis": "y", "origin": [8.125, 8, 2.5]},
			"faces": {
				"east": {"uv": [8, 14, 9, 15], "texture": "#texture"},
				"south": {"uv": [8, 10, 6, 11], "texture": "#texture"},
				"west": {"uv": [8, 14, 9, 15], "texture": "#texture"},
				"up": {"uv": [9, 0, 7, 1], "rotation": 180, "texture": "#texture"},
				"down": {"uv": [7, 11, 9, 12], "rotation": 180, "texture": "#texture"}
			}
		},
		{
			"name": "Swirly2",
			"from": [14, 4, 12],
			"to": [16, 5, 13],
			"rotation": {"angle": 0, "axis": "y", "origin": [8.125, 8, 2.5]},
			"faces": {
				"east": {"uv": [8, 14, 9, 15], "rotation": 180, "texture": "#texture"},
				"south": {"uv": [8, 10, 6, 11], "rotation": 180, "texture": "#texture"},
				"west": {"uv": [8, 14, 9, 15], "rotation": 180, "texture": "#texture"},
				"up": {"uv": [7, 11, 9, 12], "texture": "#texture"},
				"down": {"uv": [9, 0, 7, 1], "texture": "#texture"}
			}
		},
		{
			"name": "Swirly2",
			"from": [14, 3, 14],
			"to": [16, 7, 15],
			"rotation": {"angle": 0, "axis": "y", "origin": [8.125, 8, 2.5]},
			"faces": {
				"north": {"uv": [6, 12, 8, 16], "rotation": 180, "texture": "#texture"},
				"east": {"uv": [6, 12, 7, 16], "rotation": 180, "texture": "#texture"},
				"south": {"uv": [7, 7, 9, 10], "rotation": 180, "texture": "#texture"},
				"west": {"uv": [6, 12, 7, 16], "rotation": 180, "texture": "#texture"},
				"up": {"uv": [7, 12, 9, 13], "texture": "#texture"}
			}
		},
		{
			"name": "Swirly2",
			"from": [14, 6, 12],
			"to": [16, 7, 14],
			"rotation": {"angle": 0, "axis": "y", "origin": [8.125, 8, 2.5]},
			"faces": {
				"east": {"uv": [14, 7, 12, 8], "rotation": 180, "texture": "#texture"},
				"south": {"uv": [7, 7, 9, 10], "rotation": 180, "texture": "#texture"},
				"west": {"uv": [0, 7, 2, 8], "rotation": 180, "texture": "#texture"},
				"up": {"uv": [7, 11, 9, 13], "texture": "#texture"},
				"down": {"uv": [4, 7, 6, 9], "rotation": 90, "texture": "#texture"}
			}
		},
		{
			"name": "Swirly2",
			"from": [14, 4, 11],
			"to": [16, 7, 12],
			"rotation": {"angle": 0, "axis": "y", "origin": [8.125, 8, 2.5]},
			"faces": {
				"north": {"uv": [6, 5, 8, 8], "rotation": 180, "texture": "#texture"},
				"east": {"uv": [6, 5, 7, 8], "rotation": 180, "texture": "#texture"},
				"south": {"uv": [7, 7, 9, 10], "rotation": 180, "texture": "#texture"},
				"west": {"uv": [6, 5, 7, 8], "rotation": 180, "texture": "#texture"},
				"up": {"uv": [7, 10, 9, 11], "texture": "#texture"},
				"down": {"uv": [9, 1, 7, 2], "texture": "#texture"}
			}
		},
		{
			"name": "DAPOST",
			"from": [0, 0, 6],
			"to": [2, 16, 10],
			"rotation": {"angle": 0, "axis": "y", "origin": [11.75, 8, 8]},
			"faces": {
				"north": {"uv": [6, 0, 8, 16], "texture": "#texture"},
				"east": {"uv": [6, 0, 10, 16], "texture": "#texture"},
				"south": {"uv": [8, 0, 10, 16], "texture": "#texture"},
				"west": {"uv": [6, 0, 10, 16], "texture": "#texture", "cullface": "west"},
				"up": {"uv": [6, 6, 8, 10], "rotation": 180, "texture": "#1", "cullface": "up"},
				"down": {"uv": [14, 7, 16, 9], "rotation": 180, "texture": "#texture", "cullface": "down"}
			}
		},
		{
			"name": "Glizzyhands",
			"from": [0, 1, 15],
			"to": [2, 15, 16],
			"rotation": {"angle": 0, "axis": "y", "origin": [8.125, 8, 2.5]},
			"faces": {
				"north": {"uv": [8, 2, 10, 16], "texture": "#texture"},
				"east": {"uv": [7, 2, 8, 16], "texture": "#texture"},
				"south": {"uv": [8, 2, 10, 16], "texture": "#texture"},
				"west": {"uv": [9, 2, 10, 16], "texture": "#texture"},
				"up": {"uv": [9, 2, 10, 4], "rotation": 270, "texture": "#texture"},
				"down": {"uv": [9, 14, 10, 16], "rotation": 90, "texture": "#texture"}
			}
		},
		{
			"name": "Glizzyhands",
			"from": [0, 13, 10],
			"to": [2, 15, 15],
			"rotation": {"angle": 0, "axis": "y", "origin": [8.125, 8, 2.5]},
			"faces": {
				"north": {"uv": [1, 1, 3.5, 3], "texture": "#texture"},
				"east": {"uv": [1, 1, 6, 3], "texture": "#texture"},
				"west": {"uv": [10, 1, 15, 3], "texture": "#texture"},
				"up": {"uv": [10, 7, 15, 9], "rotation": 270, "texture": "#1"},
				"down": {"uv": [10, 7, 15, 9], "rotation": 90, "texture": "#1"}
			}
		},
		{
			"name": "Glizzyhands",
			"from": [0, 1, 10],
			"to": [2, 3, 15],
			"rotation": {"angle": 0, "axis": "y", "origin": [8.125, 8, 2.5]},
			"faces": {
				"north": {"uv": [1, 1, 3.5, 3], "texture": "#texture"},
				"east": {"uv": [1, 1, 6, 3], "texture": "#texture"},
				"west": {"uv": [10, 1, 15, 3], "texture": "#texture"},
				"up": {"uv": [10, 7, 15, 9], "rotation": 270, "texture": "#1"},
				"down": {"uv": [10, 7, 15, 9], "rotation": 90, "texture": "#1"}
			}
		},
		{
			"name": "Swirly2",
			"from": [0, 9, 14],
			"to": [2, 13, 15],
			"rotation": {"angle": 0, "axis": "y", "origin": [8.125, 8, 2.5]},
			"faces": {
				"north": {"uv": [6, 12, 8, 16], "texture": "#texture"},
				"east": {"uv": [6, 12, 7, 16], "texture": "#texture"},
				"south": {"uv": [7, 7, 9, 10], "texture": "#texture"},
				"west": {"uv": [6, 12, 7, 16], "texture": "#texture"},
				"up": {"uv": [0, 0, 0, 0], "rotation": 180, "texture": "#texture"},
				"down": {"uv": [7, 12, 9, 13], "rotation": 180, "texture": "#texture"}
			}
		},
		{
			"name": "Swirly2",
			"from": [0, 9, 12],
			"to": [2, 10, 14],
			"rotation": {"angle": 0, "axis": "y", "origin": [8.125, 8, 2.5]},
			"faces": {
				"east": {"uv": [0, 7, 2, 8], "texture": "#texture"},
				"south": {"uv": [7, 7, 9, 10], "texture": "#texture"},
				"west": {"uv": [14, 7, 12, 8], "texture": "#texture"},
				"up": {"uv": [4, 7, 6, 9], "rotation": 270, "texture": "#texture"},
				"down": {"uv": [7, 11, 9, 13], "rotation": 180, "texture": "#texture"}
			}
		},
		{
			"name": "Swirly2",
			"from": [0, 9, 11],
			"to": [2, 12, 12],
			"rotation": {"angle": 0, "axis": "y", "origin": [8.125, 8, 2.5]},
			"faces": {
				"north": {"uv": [6, 5, 8, 8], "texture": "#texture"},
				"east": {"uv": [6, 5, 7, 8], "texture": "#texture"},
				"south": {"uv": [7, 7, 9, 10], "texture": "#texture"},
				"west": {"uv": [6, 5, 7, 8], "texture": "#texture"},
				"up": {"uv": [9, 1, 7, 2], "rotation": 180, "texture": "#texture"},
				"down": {"uv": [7, 10, 9, 11], "rotation": 180, "texture": "#texture"}
			}
		},
		{
			"name": "Swirly2",
			"from": [0, 11, 12],
			"to": [2, 12, 13],
			"rotation": {"angle": 0, "axis": "y", "origin": [8.125, 8, 2.5]},
			"faces": {
				"east": {"uv": [8, 14, 9, 15], "texture": "#texture"},
				"south": {"uv": [8, 10, 6, 11], "texture": "#texture"},
				"west": {"uv": [8, 14, 9, 15], "texture": "#texture"},
				"up": {"uv": [9, 0, 7, 1], "rotation": 180, "texture": "#texture"},
				"down": {"uv": [7, 11, 9, 12], "rotation": 180, "texture": "#texture"}
			}
		},
		{
			"name": "Swirly3",
			"from": [0, 4, 12],
			"to": [2, 5, 13],
			"rotation": {"angle": 0, "axis": "y", "origin": [8.125, 8, 2.5]},
			"faces": {
				"east": {"uv": [8, 14, 9, 15], "rotation": 180, "texture": "#texture"},
				"south": {"uv": [8, 10, 6, 11], "rotation": 180, "texture": "#texture"},
				"west": {"uv": [8, 14, 9, 15], "rotation": 180, "texture": "#texture"},
				"up": {"uv": [7, 11, 9, 12], "texture": "#texture"},
				"down": {"uv": [9, 0, 7, 1], "texture": "#texture"}
			}
		},
		{
			"name": "Swirly3",
			"from": [0, 3, 14],
			"to": [2, 7, 15],
			"rotation": {"angle": 0, "axis": "y", "origin": [8.125, 8, 2.5]},
			"faces": {
				"north": {"uv": [6, 12, 8, 16], "rotation": 180, "texture": "#texture"},
				"east": {"uv": [6, 12, 7, 16], "rotation": 180, "texture": "#texture"},
				"south": {"uv": [7, 7, 9, 10], "rotation": 180, "texture": "#texture"},
				"west": {"uv": [6, 12, 7, 16], "rotation": 180, "texture": "#texture"},
				"up": {"uv": [7, 12, 9, 13], "texture": "#texture"}
			}
		},
		{
			"name": "Swirly3",
			"from": [0, 6, 12],
			"to": [2, 7, 14],
			"rotation": {"angle": 0, "axis": "y", "origin": [8.125, 8, 2.5]},
			"faces": {
				"east": {"uv": [14, 7, 12, 8], "rotation": 180, "texture": "#texture"},
				"south": {"uv": [7, 7, 9, 10], "rotation": 180, "texture": "#texture"},
				"west": {"uv": [0, 7, 2, 8], "rotation": 180, "texture": "#texture"},
				"up": {"uv": [7, 11, 9, 13], "texture": "#texture"},
				"down": {"uv": [4, 7, 6, 9], "rotation": 90, "texture": "#texture"}
			}
		},
		{
			"name": "Swirly3",
			"from": [0, 4, 11],
			"to": [2, 7, 12],
			"rotation": {"angle": 0, "axis": "y", "origin": [8.125, 8, 2.5]},
			"faces": {
				"north": {"uv": [6, 5, 8, 8], "rotation": 180, "texture": "#texture"},
				"east": {"uv": [6, 5, 7, 8], "rotation": 180, "texture": "#texture"},
				"south": {"uv": [7, 7, 9, 10], "rotation": 180, "texture": "#texture"},
				"west": {"uv": [6, 5, 7, 8], "rotation": 180, "texture": "#texture"},
				"up": {"uv": [7, 10, 9, 11], "texture": "#texture"},
				"down": {"uv": [9, 1, 7, 2], "texture": "#texture"}
			}
		}
	],
	"display": {
		"gui": {
			"rotation": [30, 45, 0],
			"translation": [0, -1, 0],
			"scale": [0.8, 0.8, 0.8]
		},
		"head": {
			"translation": [0, -3, -6]
		}
	},
	"groups": [
		{
			"name": "Right",
			"origin": [11, 2.5, 8],
			"color": 0,
			"children": [0, 1, 2, 3, 4, 5, 6, 7, 8, 9, 10, 11]
		},
		{
			"name": "Left",
			"origin": [11, 2.5, 8],
			"color": 0,
			"children": [12, 13, 14, 15, 16, 17, 18, 19, 20, 21, 22, 23]
		}
	]
}