{
	"credit": "Made by TC",
	"parent": "block/block",
	"textures": {
		"particle": "aether:block/construction/skyroot_bookshelf2",
		"side": "aether:block/construction/skyroot_bookshelf2",
		"top": "aether:block/construction/bookshelf_top"
	},
	"elements": [
		{
			"name": "Books",
			"from": [1, 2, 1],
			"to": [15, 15, 15],
			"faces": {
				"north": {"uv": [1, 1, 15, 14], "texture": "#side"},
				"east": {"uv": [1, 1, 15, 14], "texture": "#side"},
				"south": {"uv": [1, 1, 15, 14], "texture": "#side"},
				"west": {"uv": [1, 1, 15, 14], "texture": "#side"}
			}
		},
		{
			"name": "Bottom",
			"from": [0, 0, 0],
			"to": [16, 2, 16],
			"faces": {
				"north": {"uv": [0, 14, 16, 16], "texture": "#side"},
				"east": {"uv": [0, 14, 16, 16], "texture": "#side"},
				"south": {"uv": [0, 14, 16, 16], "texture": "#side"},
				"west": {"uv": [0, 14, 16, 16], "texture": "#side"},
				"up": {"uv": [0, 0, 16, 16], "texture": "#top"},
				"down": {"uv": [0, 0, 16, 16], "texture": "#top"}
			}
		},
		{
			"name": "Top",
			"from": [0, 15, 0],
			"to": [16, 16, 16],
			"faces": {
				"north": {"uv": [0, 0, 16, 1], "texture": "#side"},
				"east": {"uv": [0, 0, 16, 1], "texture": "#side"},
				"south": {"uv": [0, 0, 16, 1], "texture": "#side"},
				"west": {"uv": [0, 0, 16, 1], "texture": "#side"},
				"up": {"uv": [0, 0, 16, 16], "texture": "#top"},
				"down": {"uv": [0, 0, 16, 16], "texture": "#top"}
			}
		},
		{
			"name": "Shelf",
			"from": [0.5, 8, 0.5],
			"to": [15.5, 9, 15.5],
			"faces": {
				"north": {"uv": [0.5, 7, 15.5, 8], "texture": "#side"},
				"east": {"uv": [0.5, 7, 15.5, 8], "texture": "#side"},
				"south": {"uv": [0.5, 7, 15.5, 8], "texture": "#side"},
				"west": {"uv": [0.5, 7, 15.5, 8], "texture": "#side"},
				"up": {"uv": [0.5, 0.5, 15.5, 15.5], "texture": "#top"},
				"down": {"uv": [0.5, 0.5, 15.5, 15.5], "texture": "#top"}
			}
		},
		{
			"from": [0, 0, 15],
			"to": [1, 16, 16],
			"faces": {
				"north": {"uv": [0, 0, 1, 16], "texture": "#side"},
				"east": {"uv": [15, 0, 16, 16], "texture": "#side"},
				"south": {"uv": [0, 0, 1, 16], "texture": "#side"},
				"west": {"uv": [15, 0, 16, 16], "texture": "#side"}
			}
		},
		{
			"from": [15, 0, 0],
			"to": [16, 16, 1],
			"faces": {
				"north": {"uv": [0, 0, 1, 16], "texture": "#side"},
				"east": {"uv": [15, 0, 16, 16], "texture": "#side"},
				"south": {"uv": [0, 0, 1, 16], "texture": "#side"},
				"west": {"uv": [15, 0, 16, 16], "texture": "#side"}
			}
		},
		{
			"from": [15, 0, 15],
			"to": [16, 16, 16],
			"faces": {
				"north": {"uv": [15, 0, 16, 16], "texture": "#side"},
				"east": {"uv": [0, 0, 1, 16], "texture": "#side"},
				"south": {"uv": [15, 0, 16, 16], "texture": "#side"},
				"west": {"uv": [0, 0, 1, 16], "texture": "#side"}
			}
		},
		{
			"from": [0, 0, 0],
			"to": [1, 16, 1],
			"faces": {
				"north": {"uv": [15, 0, 16, 16], "texture": "#side"},
				"east": {"uv": [0, 0, 1, 16], "texture": "#side"},
				"south": {"uv": [15, 0, 16, 16], "texture": "#side"},
				"west": {"uv": [0, 0, 1, 16], "texture": "#side"}
			}
		}
	]
}