{
	"credit": "Made by TC",
	"parent": "block/block",
	"textures": {
		"1": "aether:block/construction/fence_skyroot_top",
		"particle": "aether:block/construction/fence_skyroot",
		"texture": "aether:block/construction/fence_skyroot"
	},
	"elements": [
		{
			"name": "DAPOST",
			"from": [14, 0, 6],
			"to": [16, 14, 10],
			"faces": {
				"north": {"uv": [8, 0, 10, 16], "texture": "#texture"},
				"east": {"uv": [6, 2, 10, 16], "texture": "#texture"},
				"south": {"uv": [6, 0, 8, 16], "texture": "#texture"},
				"west": {"uv": [6, 2, 10, 16], "texture": "#texture"},
				"up": {"uv": [6, 6, 8, 10], "texture": "#1"},
				"down": {"uv": [14, 7, 16, 9], "texture": "#texture"}
			}
		},
		{
			"name": "Glizzyhands",
			"from": [8, 0, 7],
			"to": [9, 14, 9],
			"faces": {
				"north": {"uv": [9, 2, 10, 16], "texture": "#texture"},
				"east": {"uv": [8, 2, 10, 16], "texture": "#texture"},
				"south": {"uv": [7, 2, 8, 16], "texture": "#texture"},
				"west": {"uv": [8, 2, 10, 16], "texture": "#texture"},
				"up": {"uv": [9, 2, 10, 4], "texture": "#texture"},
				"down": {"uv": [9, 14, 10, 16], "texture": "#texture"}
			}
		},
		{
			"name": "Glizzyhands",
			"from": [9, 12, 7],
			"to": [14, 14, 9],
			"faces": {
				"north": {"uv": [10, 1, 15, 3], "texture": "#texture"},
				"south": {"uv": [1, 1, 6, 3], "texture": "#texture"},
				"up": {"uv": [10, 7, 15, 9], "texture": "#1"},
				"down": {"uv": [10, 7, 15, 9], "texture": "#1"}
			}
		},
		{
			"name": "Glizzyhands",
			"from": [9, 0, 7],
			"to": [14, 2, 9],
			"faces": {
				"north": {"uv": [10, 1, 15, 3], "texture": "#texture"},
				"south": {"uv": [1, 1, 6, 3], "texture": "#texture"},
				"up": {"uv": [10, 7, 15, 9], "texture": "#1"},
				"down": {"uv": [10, 7, 15, 9], "texture": "#1"}
			}
		},
		{
			"name": "Swirly1",
			"from": [9, 8, 7],
			"to": [10, 12, 9],
			"rotation": {"angle": 0, "axis": "y", "origin": [8, 9.5, 3]},
			"faces": {
				"north": {"uv": [6, 12, 7, 16], "texture": "#texture"},
				"east": {"uv": [6, 12, 8, 16], "texture": "#texture"},
				"south": {"uv": [6, 12, 7, 16], "texture": "#texture"},
				"west": {"uv": [7, 7, 9, 10], "texture": "#texture"},
				"up": {"uv": [0, 0, 0, 0], "rotation": 270, "texture": "#texture"},
				"down": {"uv": [7, 12, 9, 13], "rotation": 90, "texture": "#texture"}
			}
		},
		{
			"name": "Swirly1",
			"from": [10, 8, 7],
			"to": [12, 9, 9],
			"rotation": {"angle": 0, "axis": "y", "origin": [8, 9.5, 3]},
			"faces": {
				"north": {"uv": [14, 7, 12, 8], "texture": "#texture"},
				"south": {"uv": [0, 7, 2, 8], "texture": "#texture"},
				"west": {"uv": [7, 7, 9, 10], "texture": "#texture"},
				"up": {"uv": [4, 7, 6, 9], "texture": "#texture"},
				"down": {"uv": [7, 11, 9, 13], "rotation": 90, "texture": "#texture"}
			}
		},
		{
			"name": "Swirly1",
			"from": [12, 8, 7],
			"to": [13, 11, 9],
			"rotation": {"angle": 0, "axis": "y", "origin": [8, 9.5, 3]},
			"faces": {
				"north": {"uv": [6, 5, 7, 8], "texture": "#texture"},
				"east": {"uv": [6, 5, 8, 8], "texture": "#texture"},
				"south": {"uv": [6, 5, 7, 8], "texture": "#texture"},
				"west": {"uv": [7, 7, 9, 10], "texture": "#texture"},
				"up": {"uv": [9, 1, 7, 2], "rotation": 270, "texture": "#texture"},
				"down": {"uv": [7, 10, 9, 11], "rotation": 90, "texture": "#texture"}
			}
		},
		{
			"name": "Swirly1",
			"from": [11, 10, 7],
			"to": [12, 11, 9],
			"rotation": {"angle": 0, "axis": "y", "origin": [8, 9.5, 3]},
			"faces": {
				"north": {"uv": [8, 14, 9, 15], "texture": "#texture"},
				"south": {"uv": [8, 14, 9, 15], "texture": "#texture"},
				"west": {"uv": [8, 10, 6, 11], "texture": "#texture"},
				"up": {"uv": [9, 0, 7, 1], "rotation": 270, "texture": "#texture"},
				"down": {"uv": [7, 11, 9, 12], "rotation": 90, "texture": "#texture"}
			}
		},
		{
			"name": "Swirly2",
			"from": [11, 3, 7],
			"to": [12, 4, 9],
			"rotation": {"angle": 0, "axis": "y", "origin": [11, 2.5, 8]},
			"faces": {
				"north": {"uv": [8, 14, 9, 15], "rotation": 180, "texture": "#texture"},
				"south": {"uv": [8, 14, 9, 15], "rotation": 180, "texture": "#texture"},
				"west": {"uv": [8, 10, 6, 11], "rotation": 180, "texture": "#texture"},
				"up": {"uv": [7, 11, 9, 12], "rotation": 90, "texture": "#texture"},
				"down": {"uv": [9, 0, 7, 1], "rotation": 270, "texture": "#texture"}
			}
		},
		{
			"name": "Swirly2",
			"from": [9, 2, 7],
			"to": [10, 6, 9],
			"rotation": {"angle": 0, "axis": "y", "origin": [11, 2.5, 8]},
			"faces": {
				"north": {"uv": [6, 12, 7, 16], "rotation": 180, "texture": "#texture"},
				"east": {"uv": [6, 12, 8, 16], "rotation": 180, "texture": "#texture"},
				"south": {"uv": [6, 12, 7, 16], "rotation": 180, "texture": "#texture"},
				"west": {"uv": [7, 7, 9, 10], "rotation": 180, "texture": "#texture"},
				"up": {"uv": [7, 12, 9, 13], "rotation": 90, "texture": "#texture"}
			}
		},
		{
			"name": "Swirly2",
			"from": [10, 5, 7],
			"to": [12, 6, 9],
			"rotation": {"angle": 0, "axis": "y", "origin": [11, 2.5, 8]},
			"faces": {
				"north": {"uv": [0, 7, 2, 8], "rotation": 180, "texture": "#texture"},
				"south": {"uv": [14, 7, 12, 8], "rotation": 180, "texture": "#texture"},
				"west": {"uv": [7, 7, 9, 10], "rotation": 180, "texture": "#texture"},
				"up": {"uv": [7, 11, 9, 13], "rotation": 90, "texture": "#texture"},
				"down": {"uv": [4, 7, 6, 9], "texture": "#texture"}
			}
		},
		{
			"name": "Swirly2",
			"from": [12, 3, 7],
			"to": [13, 6, 9],
			"rotation": {"angle": 0, "axis": "y", "origin": [11, 2.5, 8]},
			"faces": {
				"north": {"uv": [6, 5, 7, 8], "rotation": 180, "texture": "#texture"},
				"east": {"uv": [6, 5, 8, 8], "rotation": 180, "texture": "#texture"},
				"south": {"uv": [6, 5, 7, 8], "rotation": 180, "texture": "#texture"},
				"west": {"uv": [7, 7, 9, 10], "rotation": 180, "texture": "#texture"},
				"up": {"uv": [7, 10, 9, 11], "rotation": 90, "texture": "#texture"},
				"down": {"uv": [9, 1, 7, 2], "rotation": 270, "texture": "#texture"}
			}
		},
		{
			"name": "DAPOST",
			"from": [0, 0, 6],
			"to": [2, 14, 10],
			"rotation": {"angle": 0, "axis": "y", "origin": [11.75, 8, 8]},
			"faces": {
				"north": {"uv": [6, 0, 8, 16], "texture": "#texture"},
				"east": {"uv": [6, 2, 10, 16], "texture": "#texture"},
				"south": {"uv": [8, 0, 10, 16], "texture": "#texture"},
				"west": {"uv": [6, 2, 10, 16], "texture": "#texture"},
				"up": {"uv": [6, 6, 8, 10], "rotation": 180, "texture": "#1"},
				"down": {"uv": [14, 7, 16, 9], "rotation": 180, "texture": "#texture"}
			}
		},
		{
			"name": "Glizzyhands",
			"from": [7, 0, 7],
			"to": [8, 14, 9],
			"rotation": {"angle": 0, "axis": "y", "origin": [11.75, 8, 8]},
			"faces": {
				"north": {"uv": [7, 2, 8, 16], "texture": "#texture"},
				"east": {"uv": [8, 2, 10, 16], "texture": "#texture"},
				"south": {"uv": [9, 2, 10, 16], "texture": "#texture"},
				"west": {"uv": [8, 2, 10, 16], "texture": "#texture"},
				"up": {"uv": [9, 3, 7, 2], "rotation": 270, "texture": "#texture"},
				"down": {"uv": [9, 14, 10, 16], "rotation": 180, "texture": "#texture"}
			}
		},
		{
			"name": "Glizzyhands",
			"from": [2, 12, 7],
			"to": [7, 14, 9],
			"rotation": {"angle": 0, "axis": "y", "origin": [11.75, 8, 8]},
			"faces": {
				"north": {"uv": [1, 1, 6, 3], "texture": "#texture"},
				"south": {"uv": [10, 1, 15, 3], "texture": "#texture"},
				"up": {"uv": [10, 7, 15, 9], "rotation": 180, "texture": "#1"},
				"down": {"uv": [10, 7, 15, 9], "rotation": 180, "texture": "#1"}
			}
		},
		{
			"name": "Glizzyhands",
			"from": [2, 0, 7],
			"to": [7, 2, 9],
			"rotation": {"angle": 0, "axis": "y", "origin": [11.75, 8, 8]},
			"faces": {
				"north": {"uv": [1, 1, 6, 3], "texture": "#texture"},
				"south": {"uv": [10, 1, 15, 3], "texture": "#texture"},
				"up": {"uv": [10, 7, 15, 9], "rotation": 180, "texture": "#1"},
				"down": {"uv": [10, 7, 15, 9], "rotation": 180, "texture": "#1"}
			}
		},
		{
			"name": "Swirly2",
			"from": [6, 8, 7],
			"to": [7, 12, 9],
			"rotation": {"angle": 0, "axis": "y", "origin": [11.75, 8, 8]},
			"faces": {
				"north": {"uv": [6, 12, 7, 16], "texture": "#texture"},
				"east": {"uv": [7, 7, 9, 10], "texture": "#texture"},
				"south": {"uv": [6, 12, 7, 16], "texture": "#texture"},
				"west": {"uv": [6, 12, 8, 16], "texture": "#texture"},
				"up": {"uv": [0, 0, 0, 0], "rotation": 90, "texture": "#texture"},
				"down": {"uv": [7, 12, 9, 13], "rotation": 270, "texture": "#texture"}
			}
		},
		{
			"name": "Swirly2",
			"from": [4, 8, 7],
			"to": [6, 9, 9],
			"rotation": {"angle": 0, "axis": "y", "origin": [11.75, 8, 8]},
			"faces": {
				"north": {"uv": [0, 7, 2, 8], "texture": "#texture"},
				"east": {"uv": [7, 7, 9, 10], "texture": "#texture"},
				"south": {"uv": [14, 7, 12, 8], "texture": "#texture"},
				"up": {"uv": [4, 7, 6, 9], "rotation": 180, "texture": "#texture"},
				"down": {"uv": [7, 11, 9, 13], "rotation": 270, "texture": "#texture"}
			}
		},
		{
			"name": "Swirly2",
			"from": [3, 8, 7],
			"to": [4, 11, 9],
			"rotation": {"angle": 0, "axis": "y", "origin": [11.75, 8, 8]},
			"faces": {
				"north": {"uv": [6, 5, 7, 8], "texture": "#texture"},
				"east": {"uv": [7, 7, 9, 10], "texture": "#texture"},
				"south": {"uv": [6, 5, 7, 8], "texture": "#texture"},
				"west": {"uv": [6, 5, 8, 8], "texture": "#texture"},
				"up": {"uv": [9, 1, 7, 2], "rotation": 90, "texture": "#texture"},
				"down": {"uv": [7, 10, 9, 11], "rotation": 270, "texture": "#texture"}
			}
		},
		{
			"name": "Swirly2",
			"from": [4, 10, 7],
			"to": [5, 11, 9],
			"rotation": {"angle": 0, "axis": "y", "origin": [11.75, 8, 8]},
			"faces": {
				"north": {"uv": [8, 14, 9, 15], "texture": "#texture"},
				"east": {"uv": [8, 10, 6, 11], "texture": "#texture"},
				"south": {"uv": [8, 14, 9, 15], "texture": "#texture"},
				"up": {"uv": [9, 0, 7, 1], "rotation": 90, "texture": "#texture"},
				"down": {"uv": [7, 11, 9, 12], "rotation": 270, "texture": "#texture"}
			}
		},
		{
			"name": "Swirly3",
			"from": [4, 3, 7],
			"to": [5, 4, 9],
			"rotation": {"angle": 0, "axis": "y", "origin": [11.75, 8, 8]},
			"faces": {
				"north": {"uv": [8, 14, 9, 15], "rotation": 180, "texture": "#texture"},
				"east": {"uv": [8, 10, 6, 11], "rotation": 180, "texture": "#texture"},
				"south": {"uv": [8, 14, 9, 15], "rotation": 180, "texture": "#texture"},
				"up": {"uv": [7, 11, 9, 12], "rotation": 270, "texture": "#texture"},
				"down": {"uv": [9, 0, 7, 1], "rotation": 90, "texture": "#texture"}
			}
		},
		{
			"name": "Swirly3",
			"from": [6, 2, 7],
			"to": [7, 6, 9],
			"rotation": {"angle": 0, "axis": "y", "origin": [11.75, 8, 8]},
			"faces": {
				"north": {"uv": [6, 12, 7, 16], "rotation": 180, "texture": "#texture"},
				"east": {"uv": [7, 7, 9, 10], "rotation": 180, "texture": "#texture"},
				"south": {"uv": [6, 12, 7, 16], "rotation": 180, "texture": "#texture"},
				"west": {"uv": [6, 12, 8, 16], "rotation": 180, "texture": "#texture"},
				"up": {"uv": [7, 12, 9, 13], "rotation": 270, "texture": "#texture"}
			}
		},
		{
			"name": "Swirly3",
			"from": [4, 5, 7],
			"to": [6, 6, 9],
			"rotation": {"angle": 0, "axis": "y", "origin": [11.75, 8, 8]},
			"faces": {
				"north": {"uv": [14, 7, 12, 8], "rotation": 180, "texture": "#texture"},
				"east": {"uv": [7, 7, 9, 10], "rotation": 180, "texture": "#texture"},
				"south": {"uv": [0, 7, 2, 8], "rotation": 180, "texture": "#texture"},
				"up": {"uv": [7, 11, 9, 13], "rotation": 270, "texture": "#texture"},
				"down": {"uv": [4, 7, 6, 9], "rotation": 180, "texture": "#texture"}
			}
		},
		{
			"name": "Swirly3",
			"from": [3, 3, 7],
			"to": [4, 6, 9],
			"rotation": {"angle": 0, "axis": "y", "origin": [11.75, 8, 8]},
			"faces": {
				"north": {"uv": [6, 5, 7, 8], "rotation": 180, "texture": "#texture"},
				"east": {"uv": [7, 7, 9, 10], "rotation": 180, "texture": "#texture"},
				"south": {"uv": [6, 5, 7, 8], "rotation": 180, "texture": "#texture"},
				"west": {"uv": [6, 5, 8, 8], "rotation": 180, "texture": "#texture"},
				"up": {"uv": [7, 10, 9, 11], "rotation": 270, "texture": "#texture"},
				"down": {"uv": [9, 1, 7, 2], "rotation": 90, "texture": "#texture"}
			}
		}
	],
	"display": {
		"gui": {
			"rotation": [30, 45, 0],
			"translation": [0, -1, 0],
			"scale": [0.8, 0.8, 0.8]
		},
		"head": {
			"translation": [0, -3, -6]
		}
	},
	"groups": [
		{
			"name": "Left",
			"origin": [11, 2.5, 8],
			"color": 0,
			"children": [0, 1, 2, 3, 4, 5, 6, 7, 8, 9, 10, 11]
		},
		{
			"name": "Left",
			"origin": [11, 2.5, 8],
			"color": 0,
			"children": [12, 13, 14, 15, 16, 17, 18, 19, 20, 21, 22, 23]
		}
	]
}