{
	"credit": "Made with Blockbench",
	"ambientocclusion": false,
	"textures": {
		"0": "aether:block/construction/skyroot_door_bottom",
		"1": "aether:block/construction/skyroot_door_sides",
		"particle": "aether:block/construction/skyroot_door_bottom"
	},
	"elements": [
		{
			"name": "bottom",
			"from": [0, 0, 0],
			"to": [3, 15, 16],
			"rotation": {"angle": 0, "axis": "y", "origin": [1.5, 11.5, 8]},
			"faces": {
				"north": {"uv": [15, 8, 0, 11], "rotation": 90, "texture": "#1"},
				"east": {"uv": [0, 1, 16, 16], "texture": "#0"},
				"south": {"uv": [15, 8, 0, 11], "rotation": 90, "texture": "#1"},
				"west": {"uv": [0, 1, 16, 16], "texture": "#0"},
				"up": {"uv": [0, 8, 16, 11], "rotation": 270, "texture": "#1"},
				"down": {"uv": [0, 11, 16, 14], "rotation": 90, "texture": "#1"}
			}
		},
		{
			"from": [0, 15, 12],
			"to": [3, 16, 16],
			"rotation": {"angle": 0, "axis": "y", "origin": [1.5, 11.5, 8]},
			"faces": {
				"north": {"uv": [0, 5, 1, 8], "rotation": 90, "texture": "#1"},
				"east": {"uv": [0, 0, 4, 1], "texture": "#0"},
				"south": {"uv": [0, 6, 1, 3], "rotation": 90, "texture": "#1"},
				"west": {"uv": [12, 0, 16, 1], "texture": "#0"},
				"up": {"uv": [8, 8, 12, 11], "rotation": 270, "texture": "#1"},
				"down": {"uv": [0, 0, 3, 4], "rotation": 180, "texture": "#0"}
			}
		},
		{
			"from": [0, 15, 0],
			"to": [3, 16, 4],
			"rotation": {"angle": 0, "axis": "y", "origin": [1.5, 11.5, 8]},
			"faces": {
				"north": {"uv": [0, 6, 1, 3], "rotation": 90, "texture": "#1"},
				"east": {"uv": [12, 0, 16, 1], "texture": "#0"},
				"south": {"uv": [0, 5, 1, 8], "rotation": 90, "texture": "#1"},
				"west": {"uv": [0, 0, 4, 1], "texture": "#0"},
				"up": {"uv": [4, 5, 8, 8], "rotation": 270, "texture": "#1"},
				"down": {"uv": [0, 0, 3, 4], "texture": "#0"}
			}
		},
		{
			"from": [0, 15, 6],
			"to": [3, 16, 10],
			"rotation": {"angle": 0, "axis": "y", "origin": [1.5, 11.5, 8]},
			"faces": {
				"north": {"uv": [0, 5, 1, 8], "rotation": 90, "texture": "#1"},
				"east": {"uv": [6, 0, 10, 1], "texture": "#0"},
				"south": {"uv": [0, 5, 1, 8], "rotation": 90, "texture": "#1"},
				"west": {"uv": [6, 0, 10, 1], "texture": "#0"},
				"up": {"uv": [0, 8, 4, 11], "rotation": 270, "texture": "#1"},
				"down": {"uv": [0, 0, 3, 4], "rotation": 180, "texture": "#missing"}
			}
		}
	]
}