{
	"credit": "Made by TC",
	"parent": "block/thin_block",
	"textures": {
		"particle": "aether:block/construction/skyroot_trapdoor"
	},
	"elements": [
		{
			"from": [9, 1, 6],
			"to": [10, 2, 10],
			"faces": {
				"east": {"uv": [6, 10, 7, 6], "rotation": 90, "texture": "#particle"},
				"west": {"uv": [6, 10, 7, 6], "rotation": 90, "texture": "#particle"},
				"up": {"uv": [6, 6, 7, 10], "texture": "#particle"},
				"down": {"uv": [6, 6, 7, 10], "texture": "#particle"}
			}
		},
		{
			"from": [6, 1, 6],
			"to": [7, 2, 10],
			"faces": {
				"east": {"uv": [6, 10, 7, 6], "rotation": 90, "texture": "#particle"},
				"west": {"uv": [6, 10, 7, 6], "rotation": 90, "texture": "#particle"},
				"up": {"uv": [6, 6, 7, 10], "texture": "#particle"},
				"down": {"uv": [6, 6, 7, 10], "texture": "#particle"}
			}
		},
		{
			"from": [7, 1, 9],
			"to": [9, 2, 10],
			"faces": {
				"north": {"uv": [7, 9, 9, 10], "rotation": 90, "texture": "#particle"},
				"south": {"uv": [7, 9, 9, 10], "rotation": 90, "texture": "#particle"},
				"up": {"uv": [7, 6, 9, 7], "texture": "#particle"},
				"down": {"uv": [7, 6, 9, 7], "texture": "#particle"}
			}
		},
		{
			"from": [7, 1, 6],
			"to": [9, 2, 7],
			"faces": {
				"north": {"uv": [7, 6, 9, 7], "texture": "#particle"},
				"south": {"uv": [7, 6, 9, 7], "texture": "#particle"},
				"up": {"uv": [7, 6, 9, 7], "texture": "#particle"},
				"down": {"uv": [7, 6, 9, 7], "texture": "#particle"}
			}
		},
		{
			"from": [3, 0, 13],
			"to": [13, 3, 16],
			"faces": {
				"north": {"uv": [3, 0, 13, 3], "texture": "#particle"},
				"south": {"uv": [13, 13, 3, 16], "texture": "#particle"},
				"up": {"uv": [3, 13, 13, 16], "texture": "#particle"},
				"down": {"uv": [3, 16, 13, 13], "texture": "#particle"}
			}
		},
		{
			"from": [3, 0, 0],
			"to": [13, 3, 3],
			"faces": {
				"north": {"uv": [3, 0, 13, 3], "texture": "#particle"},
				"south": {"uv": [13, 3, 3, 0], "texture": "#particle"},
				"up": {"uv": [3, 0, 13, 3], "texture": "#particle"},
				"down": {"uv": [3, 3, 13, 0], "texture": "#particle"}
			}
		},
		{
			"from": [0, 0, 0],
			"to": [3, 3, 16],
			"faces": {
				"north": {"uv": [13, 0, 16, 3], "texture": "#particle"},
				"east": {"uv": [3, 16, 0, 0], "rotation": 90, "texture": "#particle"},
				"south": {"uv": [0, 13, 3, 16], "texture": "#particle"},
				"west": {"uv": [0, 13, 16, 16], "texture": "#particle"},
				"up": {"uv": [0, 0, 3, 16], "texture": "#particle"},
				"down": {"uv": [16, 16, 13, 0], "texture": "#particle"}
			}
		},
		{
			"from": [13, 0, 0],
			"to": [16, 3, 16],
			"faces": {
				"north": {"uv": [0, 0, 3, 3], "texture": "#particle"},
				"east": {"uv": [0, 0, 16, 3], "texture": "#particle"},
				"south": {"uv": [13, 13, 16, 16], "texture": "#particle"},
				"west": {"uv": [13, 0, 16, 16], "rotation": 90, "texture": "#particle"},
				"up": {"uv": [13, 0, 16, 16], "texture": "#particle"},
				"down": {"uv": [3, 16, 0, 0], "texture": "#particle"}
			}
		},
		{
			"from": [3, 1, 3],
			"to": [6, 2, 4],
			"faces": {
				"south": {"uv": [10, 12, 13, 13], "texture": "#particle"},
				"up": {"uv": [10, 12, 13, 13], "texture": "#particle"},
				"down": {"uv": [10, 12, 13, 13], "texture": "#particle"}
			}
		},
		{
			"from": [4, 1, 6],
			"to": [5, 2, 7],
			"faces": {
				"north": {"uv": [11, 9, 12, 10], "texture": "#particle"},
				"east": {"uv": [11, 9, 12, 10], "texture": "#particle"},
				"south": {"uv": [11, 9, 12, 10], "texture": "#particle"},
				"up": {"uv": [11, 9, 12, 10], "texture": "#particle"},
				"down": {"uv": [11, 9, 12, 10], "texture": "#particle"}
			}
		},
		{
			"from": [3, 1, 4],
			"to": [4, 2, 7],
			"faces": {
				"east": {"uv": [12, 12, 13, 9], "rotation": 90, "texture": "#particle"},
				"south": {"uv": [12, 9, 13, 10], "rotation": 90, "texture": "#particle"},
				"up": {"uv": [12, 9, 13, 12], "rotation": 180, "texture": "#particle"},
				"down": {"uv": [12, 9, 13, 12], "texture": "#particle"}
			}
		},
		{
			"from": [6, 1, 3],
			"to": [7, 2, 6],
			"faces": {
				"east": {"uv": [9, 10, 10, 13], "rotation": 90, "texture": "#particle"},
				"west": {"uv": [9, 10, 10, 13], "rotation": 90, "texture": "#particle"},
				"up": {"uv": [9, 10, 10, 13], "texture": "#particle"},
				"down": {"uv": [9, 10, 10, 13], "texture": "#particle"}
			}
		},
		{
			"from": [6, 1, 10],
			"to": [7, 2, 13],
			"rotation": {"angle": 0, "axis": "x", "origin": [5, 1.5, 5]},
			"faces": {
				"east": {"uv": [9, 10, 10, 13], "rotation": 270, "texture": "#particle"},
				"west": {"uv": [9, 10, 10, 13], "rotation": 270, "texture": "#particle"},
				"up": {"uv": [9, 10, 10, 13], "texture": "#particle"},
				"down": {"uv": [9, 10, 10, 13], "texture": "#particle"}
			}
		},
		{
			"from": [3, 1, 12],
			"to": [6, 2, 13],
			"rotation": {"angle": 0, "axis": "x", "origin": [5, 1.5, 5]},
			"faces": {
				"north": {"uv": [10, 12, 13, 13], "rotation": 180, "texture": "#particle"},
				"up": {"uv": [10, 12, 13, 13], "texture": "#particle"},
				"down": {"uv": [10, 12, 13, 13], "texture": "#particle"}
			}
		},
		{
			"from": [3, 1, 9],
			"to": [4, 2, 12],
			"rotation": {"angle": 0, "axis": "x", "origin": [5, 1.5, 5]},
			"faces": {
				"north": {"uv": [12, 9, 13, 10], "rotation": 270, "texture": "#particle"},
				"east": {"uv": [12, 12, 13, 9], "rotation": 270, "texture": "#particle"},
				"up": {"uv": [12, 9, 13, 12], "texture": "#particle"},
				"down": {"uv": [12, 9, 13, 12], "rotation": 180, "texture": "#particle"}
			}
		},
		{
			"from": [4, 1, 9],
			"to": [5, 2, 10],
			"rotation": {"angle": 0, "axis": "x", "origin": [5, 1.5, 5]},
			"faces": {
				"north": {"uv": [11, 9, 12, 10], "rotation": 180, "texture": "#particle"},
				"east": {"uv": [11, 9, 12, 10], "rotation": 180, "texture": "#particle"},
				"south": {"uv": [11, 9, 12, 10], "rotation": 180, "texture": "#particle"},
				"up": {"uv": [11, 9, 12, 10], "texture": "#particle"},
				"down": {"uv": [11, 9, 12, 10], "texture": "#particle"}
			}
		},
		{
			"from": [9, 1, 10],
			"to": [10, 2, 13],
			"rotation": {"angle": 0, "axis": "z", "origin": [5, 1.5, 5]},
			"faces": {
				"east": {"uv": [9, 10, 10, 13], "rotation": 90, "texture": "#particle"},
				"west": {"uv": [9, 10, 10, 13], "rotation": 90, "texture": "#particle"},
				"up": {"uv": [9, 10, 10, 13], "rotation": 180, "texture": "#particle"},
				"down": {"uv": [9, 10, 10, 13], "rotation": 180, "texture": "#particle"}
			}
		},
		{
			"from": [10, 1, 12],
			"to": [13, 2, 13],
			"rotation": {"angle": 0, "axis": "z", "origin": [5, 1.5, 5]},
			"faces": {
				"north": {"uv": [10, 12, 13, 13], "texture": "#particle"},
				"up": {"uv": [10, 12, 13, 13], "rotation": 180, "texture": "#particle"},
				"down": {"uv": [10, 12, 13, 13], "rotation": 180, "texture": "#particle"}
			}
		},
		{
			"from": [12, 1, 9],
			"to": [13, 2, 12],
			"rotation": {"angle": 0, "axis": "z", "origin": [5, 1.5, 5]},
			"faces": {
				"north": {"uv": [12, 9, 13, 10], "rotation": 90, "texture": "#particle"},
				"west": {"uv": [12, 12, 13, 9], "rotation": 90, "texture": "#particle"},
				"up": {"uv": [12, 9, 13, 12], "texture": "#particle"},
				"down": {"uv": [12, 9, 13, 12], "rotation": 180, "texture": "#particle"}
			}
		},
		{
			"from": [11, 1, 9],
			"to": [12, 2, 10],
			"rotation": {"angle": 0, "axis": "z", "origin": [5, 1.5, 5]},
			"faces": {
				"north": {"uv": [11, 9, 12, 10], "texture": "#particle"},
				"south": {"uv": [11, 9, 12, 10], "texture": "#particle"},
				"west": {"uv": [11, 9, 12, 10], "texture": "#particle"},
				"up": {"uv": [11, 9, 12, 10], "rotation": 180, "texture": "#particle"},
				"down": {"uv": [11, 9, 12, 10], "rotation": 180, "texture": "#particle"}
			}
		},
		{
			"from": [11, 1, 6],
			"to": [12, 2, 7],
			"rotation": {"angle": 0, "axis": "z", "origin": [5, 1.5, 5]},
			"faces": {
				"north": {"uv": [11, 9, 12, 10], "rotation": 180, "texture": "#particle"},
				"south": {"uv": [11, 9, 12, 10], "rotation": 180, "texture": "#particle"},
				"west": {"uv": [11, 9, 12, 10], "rotation": 180, "texture": "#particle"},
				"up": {"uv": [11, 9, 12, 10], "rotation": 180, "texture": "#particle"},
				"down": {"uv": [11, 9, 12, 10], "rotation": 180, "texture": "#particle"}
			}
		},
		{
			"from": [12, 1, 4],
			"to": [13, 2, 7],
			"rotation": {"angle": 0, "axis": "z", "origin": [5, 1.5, 5]},
			"faces": {
				"south": {"uv": [12, 9, 13, 10], "rotation": 270, "texture": "#particle"},
				"west": {"uv": [12, 12, 13, 9], "rotation": 270, "texture": "#particle"},
				"up": {"uv": [12, 9, 13, 12], "rotation": 180, "texture": "#particle"},
				"down": {"uv": [12, 9, 13, 12], "texture": "#particle"}
			}
		},
		{
			"from": [10, 1, 3],
			"to": [13, 2, 4],
			"rotation": {"angle": 0, "axis": "z", "origin": [5, 1.5, 5]},
			"faces": {
				"south": {"uv": [10, 12, 13, 13], "rotation": 180, "texture": "#particle"},
				"up": {"uv": [10, 12, 13, 13], "rotation": 180, "texture": "#particle"},
				"down": {"uv": [10, 12, 13, 13], "rotation": 180, "texture": "#particle"}
			}
		},
		{
			"from": [9, 1, 3],
			"to": [10, 2, 6],
			"rotation": {"angle": 0, "axis": "z", "origin": [5, 1.5, 5]},
			"faces": {
				"east": {"uv": [9, 10, 10, 13], "rotation": 270, "texture": "#particle"},
				"west": {"uv": [9, 10, 10, 13], "rotation": 270, "texture": "#particle"},
				"up": {"uv": [9, 10, 10, 13], "rotation": 180, "texture": "#particle"},
				"down": {"uv": [9, 10, 10, 13], "rotation": 180, "texture": "#particle"}
			}
		}
	]
}