{
	"credit": "Made by TC",
	"textures": {
		"0": "aether:block/utility/sun_altar_side",
		"1": "aether:block/utility/sun_altar_top",
		"2": "aether:block/utility/sun_altar_bottom",
		"3": "aether:block/utility/sun_altar_globe",
		"particle": "aether:block/utility/sun_altar_side"
	},
	"elements": [
		{
			"from": [0, 0, 0],
			"to": [16, 16, 16],
			"faces": {
				"north": {"uv": [0, 0, 16, 16], "texture": "#0"},
				"east": {"uv": [0, 0, 16, 16], "texture": "#0"},
				"south": {"uv": [0, 0, 16, 16], "texture": "#0"},
				"west": {"uv": [0, 0, 16, 16], "texture": "#0"},
				"up": {"uv": [0, 0, 16, 16], "texture": "#1"},
				"down": {"uv": [0, 0, 16, 16], "texture": "#2"}
			}
		},
		{
			"from": [7, 17, 7],
			"to": [9, 24, 9],
			"rotation": {"angle": 0, "axis": "y", "origin": [7.21464, 20.45, 8.21464]},
			"faces": {
				"north": {"uv": [4, 7, 6, 14], "texture": "#3"},
				"east": {"uv": [4, 7, 6, 14], "texture": "#3"},
				"south": {"uv": [4, 7, 6, 14], "texture": "#3"},
				"west": {"uv": [4, 7, 6, 14], "texture": "#3"},
				"up": {"uv": [3, 8, 5, 10], "texture": "#3"}
			}
		},
		{
			"from": [5.24792, 18, 5.04792],
			"to": [10.24792, 23, 10.04792],
			"rotation": {"angle": -45, "axis": "y", "origin": [7.32825, 20.45, 8.07825]},
			"faces": {
				"north": {"uv": [11, 7, 16, 12], "rotation": 270, "texture": "#3"},
				"east": {"uv": [11, 7, 16, 12], "rotation": 90, "texture": "#3"},
				"south": {"uv": [6, 7, 11, 12], "rotation": 180, "texture": "#3"},
				"west": {"uv": [6, 7, 11, 12], "rotation": 90, "texture": "#3"},
				"up": {"uv": [11, 2, 16, 7], "rotation": 90, "texture": "#3"},
				"down": {"uv": [11, 2, 16, 7], "texture": "#3"}
			}
		},
		{
			"from": [4, 16, 4],
			"to": [12, 17, 12],
			"rotation": {"angle": 0, "axis": "y", "origin": [12, 8, 3]},
			"faces": {
				"north": {"uv": [4, 4, 12, 5], "texture": "#1"},
				"east": {"uv": [11, 4, 12, 12], "rotation": 90, "texture": "#1"},
				"south": {"uv": [4, 11, 12, 12], "texture": "#1"},
				"west": {"uv": [4, 4, 5, 12], "rotation": 90, "texture": "#1"},
				"up": {"uv": [4, 4, 12, 12], "texture": "#1"}
			}
		}
	],
	"display": {}
}