{
  "variants": {
    "age=0": [
             { "model": "farmersdelight:block/brown_mushroom_colony_stage0_1", "weight": 9 },
             { "model": "farmersdelight:block/brown_mushroom_colony_stage0_1", "weight": 7 },
             { "model": "farmersdelight:block/brown_mushroom_colony_stage0_2", "weight": 12 }
             ],
    "age=1": [
             { "model": "farmersdelight:block/brown_mushroom_colony_stage1_1", "weight": 9 },
             { "model": "farmersdelight:block/brown_mushroom_colony_stage1_1", "weight": 7 },
             { "model": "farmersdelight:block/brown_mushroom_colony_stage1_2", "weight": 12 }
             ],
    "age=2": [
             { "model": "farmersdelight:block/brown_mushroom_colony_stage2_1", "weight": 9 },
             { "model": "farmersdelight:block/brown_mushroom_colony_stage2_1", "weight": 7 },
             { "model": "farmersdelight:block/brown_mushroom_colony_stage2_2", "weight": 12 }
             ],
    "age=3": [
             { "model": "farmersdelight:block/brown_mushroom_colony_stage3_1", "weight": 9 },
             { "model": "farmersdelight:block/brown_mushroom_colony_stage3_3", "weight": 7 },
             { "model": "farmersdelight:block/brown_mushroom_colony_stage3_2", "weight": 12 }
             ]
  }
}