{
	"variants": {
		"half=lower":[
            { "model": "farmersdelight:block/wild_rice/wild_rice_bottom_1", "weight": 9 },
			{ "model": "farmersdelight:block/wild_rice/wild_rice_bottom_2", "weight": 3 },
			{ "model": "farmersdelight:block/wild_rice/wild_rice_bottom_3", "weight": 30 }
			],
		"half=upper":[
			{ "model": "farmersdelight:block/wild_rice/wild_rice_top_1", "weight": 9 },
			{ "model": "farmersdelight:block/wild_rice/wild_rice_top_2", "weight": 3 },
			{ "model": "farmersdelight:block/wild_rice/wild_rice_top_2", "weight": 30 }
			]
    }
}
