{
	"credit": "Made by Maffhew",
	"render_type": "minecraft:cutout",
	"ambientocclusion": false,
	"textures": {
		"particle": "farmersdelight:block/wild_rice_top",
		"top": "farmersdelight:block/wild_rice_top"
	},
	"elements": [
		{
			"name": "north",
			"from": [0, -7, 4.1],
			"to": [16, 9, 4.1],
			"shade": false,
			"rotation": {"angle": -22.5, "axis": "x", "origin": [8, -9, 8]},
			"faces": {
				"north": {"uv": [0, 0, 16, 16], "texture": "#top"},
				"south": {"uv": [0, 0, 16, 16], "texture": "#top"}
			}
		},
		{
			"name": "south",
			"from": [0, -7, 11.9],
			"to": [16, 9, 11.9],
			"shade": false,
			"rotation": {"angle": 22.5, "axis": "x", "origin": [8, -9, 8]},
			"faces": {
				"north": {"uv": [0, 0, 16, 16], "texture": "#top"},
				"south": {"uv": [0, 0, 16, 16], "texture": "#top"}
			}
		},
		{
			"name": "east",
			"from": [11.9, -7, 0],
			"to": [11.9, 9, 16],
			"shade": false,
			"rotation": {"angle": -22.5, "axis": "z", "origin": [8, -9, 8]},
			"faces": {
				"east": {"uv": [0, 0, 16, 16], "texture": "#top"},
				"west": {"uv": [0, 0, 16, 16], "texture": "#top"}
			}
		},
		{
			"name": "west",
			"from": [4.1, -7, 0],
			"to": [4.1, 9, 16],
			"shade": false,
			"rotation": {"angle": 22.5, "axis": "z", "origin": [8, -9, 8]},
			"faces": {
				"east": {"uv": [0, 0, 16, 16], "texture": "#top"},
				"west": {"uv": [0, 0, 16, 16], "texture": "#top"}
			}
		},
		{
			"name": "ns",
			"from": [0, 0, 8],
			"to": [16, 16, 8],
			"shade": false,
			"rotation": {"angle": 45, "axis": "y", "origin": [8, 8, 8]},
			"faces": {
				"north": {"uv": [0, 0, 16, 16], "texture": "#top"},
				"south": {"uv": [0, 0, 16, 16], "texture": "#top"}
			}
		},
		{
			"name": "ew",
			"from": [8, 0, 0],
			"to": [8, 16, 16],
			"shade": false,
			"rotation": {"angle": 45, "axis": "y", "origin": [8, 8, 8]},
			"faces": {
				"east": {"uv": [0, 0, 16, 16], "texture": "#top"},
				"west": {"uv": [0, 0, 16, 16], "texture": "#top"}
			}
		}
	],
	"groups": [
		{
			"name": "top",
			"origin": [8, 8, 8],
			"color": 0,
			"shade": false,
			"children": [
				{
					"name": "extra",
					"origin": [8, 8, 8],
					"color": 0,
					"shade": false,
					"children": [0, 1, 2, 3]
				},
				{
					"name": "cross",
					"origin": [8, 8, 8],
					"color": 0,
					"shade": false,
					"children": [4, 5]
				}
			]
		}
	],
	"note": "BLANK"
}