{
	"credit": "Made by Maffhew",
	"render_type": "minecraft:cutout",
	"ambientocclusion": false,
	"textures": {
		"particle": "farmersdelight:block/wild_rice_bottom",
		"bottom": "farmersdelight:block/wild_rice_bottom"
	},
	"elements": [
		{
			"name": "west",
			"from": [4.25, 1.2, 0],
			"to": [4.25, 17.2, 16],
			"shade": false,
			"rotation": {"angle": 22.5, "axis": "z", "origin": [8, 7.25, 8]},
			"faces": {
				"east": {"uv": [0, 0, 16, 16], "texture": "#bottom"},
				"west": {"uv": [0, 0, 16, 16], "texture": "#bottom"}
			}
		},
		{
			"name": "east",
			"from": [11.75, 1.2, 0],
			"to": [11.75, 17.2, 16],
			"shade": false,
			"rotation": {"angle": -22.5, "axis": "z", "origin": [8, 7.25, 8]},
			"faces": {
				"east": {"uv": [0, 0, 16, 16], "texture": "#bottom"},
				"west": {"uv": [0, 0, 16, 16], "texture": "#bottom"}
			}
		},
		{
			"name": "north",
			"from": [0, 1.2, 4.25],
			"to": [16, 17.2, 4.25],
			"shade": false,
			"rotation": {"angle": -22.5, "axis": "x", "origin": [8, 7.25, 8]},
			"faces": {
				"north": {"uv": [0, 0, 16, 16], "texture": "#bottom"},
				"south": {"uv": [0, 0, 16, 16], "texture": "#bottom"}
			}
		},
		{
			"name": "south",
			"from": [0, 1.2, 11.75],
			"to": [16, 17.2, 11.75],
			"shade": false,
			"rotation": {"angle": 22.5, "axis": "x", "origin": [8, 7.25, 8]},
			"faces": {
				"north": {"uv": [0, 0, 16, 16], "texture": "#bottom"},
				"south": {"uv": [0, 0, 16, 16], "texture": "#bottom"}
			}
		},
		{
			"name": "ns",
			"from": [0, 0, 8],
			"to": [16, 16, 8],
			"shade": false,
			"rotation": {"angle": 45, "axis": "y", "origin": [8, 7.25, 8]},
			"faces": {
				"north": {"uv": [0, 0, 16, 16], "texture": "#bottom"},
				"south": {"uv": [0, 0, 16, 16], "texture": "#bottom"}
			}
		},
		{
			"name": "ew",
			"from": [8, 0, 0],
			"to": [8, 16, 16],
			"shade": false,
			"rotation": {"angle": 45, "axis": "y", "origin": [8, 7.25, 8]},
			"faces": {
				"east": {"uv": [0, 0, 16, 16], "texture": "#bottom"},
				"west": {"uv": [0, 0, 16, 16], "texture": "#bottom"}
			}
		}
	],
	"groups": [
		{
			"name": "bottom",
			"origin": [8, 8, 8],
			"color": 0,
			"shade": false,
			"children": [
				{
					"name": "extra",
					"origin": [8, -7.75, 8],
					"color": 0,
					"shade": false,
					"children": [0, 1, 2, 3]
				},
				{
					"name": "cross",
					"origin": [8, -7.75, 8],
					"color": 0,
					"shade": false,
					"children": [4, 5]
				}
			]
		}
	],
	"note": "BLANK"
}