{
  "parent": "minecraft:item/generated",
  "overrides": [
    {
      "model": "deeperdarker:item/resonarium_helmet_quartz_trim",
      "predicate": {
        "minecraft:trim_type": 0.1
      }
    },
    {
      "model": "deeperdarker:item/resonarium_helmet_iron_trim",
      "predicate": {
        "minecraft:trim_type": 0.2
      }
    },
    {
      "model": "deeperdarker:item/resonarium_helmet_netherite_trim",
      "predicate": {
        "minecraft:trim_type": 0.3
      }
    },
    {
      "model": "deeperdarker:item/resonarium_helmet_redstone_trim",
      "predicate": {
        "minecraft:trim_type": 0.4
      }
    },
    {
      "model": "deeperdarker:item/resonarium_helmet_copper_trim",
      "predicate": {
        "minecraft:trim_type": 0.5
      }
    },
    {
      "model": "deeperdarker:item/resonarium_helmet_gold_trim",
      "predicate": {
        "minecraft:trim_type": 0.6
      }
    },
    {
      "model": "deeperdarker:item/resonarium_helmet_emerald_trim",
      "predicate": {
        "minecraft:trim_type": 0.7
      }
    },
    {
      "model": "deeperdarker:item/resonarium_helmet_diamond_trim",
      "predicate": {
        "minecraft:trim_type": 0.8
      }
    },
    {
      "model": "deeperdarker:item/resonarium_helmet_lapis_trim",
      "predicate": {
        "minecraft:trim_type": 0.9
      }
    },
    {
      "model": "deeperdarker:item/resonarium_helmet_amethyst_trim",
      "predicate": {
        "minecraft:trim_type": 1.0
      }
    }
  ],
  "textures": {
    "layer0": "deeperdarker:item/resonarium_helmet"
  }
}