{
  "parent": "minecraft:block/cube",
  "display": {
    "firstperson_lefthand": {
      "rotation": [
        -90,
        -180,
        -45
      ],
      "scale": [
        0.4,
        0.4,
        0.4
      ]
    },
    "firstperson_righthand": {
      "rotation": [
        -90,
        -180,
        -45
      ],
      "scale": [
        0.4,
        0.4,
        0.4
      ]
    },
    "fixed": {
      "scale": [
        0.5,
        0.5,
        0.5
      ]
    },
    "ground": {
      "rotation": [
        90,
        0,
        0
      ],
      "scale": [
        0.25,
        0.25,
        0.25
      ],
      "translation": [
        0,
        3,
        0
      ]
    },
    "gui": {
      "rotation": [
        30,
        135,
        0
      ],
      "scale": [
        0.625,
        0.625,
        0.625
      ]
    },
    "thirdperson_lefthand": {
      "rotation": [
        75,
        45,
        0
      ],
      "scale": [
        0.375,
        0.375,
        0.375
      ],
      "translation": [
        0,
        2.5,
        0
      ]
    },
    "thirdperson_righthand": {
      "rotation": [
        75,
        45,
        0
      ],
      "scale": [
        0.375,
        0.375,
        0.375
      ],
      "translation": [
        0,
        2.5,
        0
      ]
    }
  },
  "elements": [
    {
      "faces": {
        "down": {
          "cullface": "down",
          "texture": "#face"
        },
        "east": {
          "cullface": "east",
          "texture": "#face"
        },
        "north": {
          "cullface": "north",
          "texture": "#face"
        },
        "south": {
          "cullface": "south",
          "texture": "#face"
        },
        "up": {
          "cullface": "up",
          "texture": "#face"
        },
        "west": {
          "cullface": "west",
          "texture": "#face"
        }
      },
      "from": [
        0,
        0,
        0
      ],
      "to": [
        16,
        16,
        16
      ]
    },
    {
      "faces": {
        "north": {
          "forge_data": {
            "block_light": 15,
            "sky_light": 15
          },
          "texture": "#overlay"
        }
      },
      "from": [
        0,
        0,
        -0.1
      ],
      "rotation": {
        "angle": 0.0,
        "axis": "y",
        "origin": [
          8,
          8,
          6.9
        ]
      },
      "to": [
        16,
        16,
        -0.1
      ]
    }
  ],
  "textures": {
    "face": "aether:block/dungeon/angelic_stone",
    "overlay": "aether:block/dungeon/door"
  }
}