{
	"credit": "Made by TC",
	"parent": "block/cube",
	"textures": {
		"bottom": "aether:block/utility/freezer_bottom",
		"top": "aether:block/utility/freezer_top",
		"side2": "aether:block/utility/freezer_side"
	},
	"elements": [
		{
			"from": [0, 0, 0],
			"to": [16, 16, 16],
			"faces": {
				"north": {"uv": [0, 0, 16, 16], "texture": "#side2", "cullface": "north"},
				"east": {"uv": [0, 0, 16, 16], "texture": "#side2", "cullface": "east"},
				"south": {"uv": [0, 0, 16, 16], "texture": "#side2", "cullface": "south"},
				"west": {"uv": [0, 0, 16, 16], "texture": "#side2", "cullface": "west"},
				"up": {"uv": [0, 0, 16, 16], "texture": "#top", "cullface": "up"},
				"down": {"uv": [0, 0, 16, 16], "texture": "#bottom", "cullface": "down"}
			}
		}
	]
}