{
  "parent": "minecraft:item/handheld",
  "display": {
    "thirdperson_lefthand": {
      "rotation": [
        0,
        90,
        -45
      ],
      "scale": [
        0.85,
        0.85,
        0.85
      ],
      "translation": [
        0,
        1.5,
        -1
      ]
    },
    "thirdperson_righthand": {
      "rotation": [
        0,
        -90,
        45
      ],
      "scale": [
        0.85,
        0.85,
        0.85
      ],
      "translation": [
        0,
        1.5,
        -1
      ]
    }
  },
  "textures": {
    "layer0": "aether:item/weapons/golden_dart_shooter"
  }
}