{
  "parent": "minecraft:item/generated",
  "overrides": [
    {
      "model": "aether:item/golden_gloves_quartz_trim",
      "predicate": {
        "minecraft:trim_type": 0.1
      }
    },
    {
      "model": "aether:item/golden_gloves_iron_trim",
      "predicate": {
        "minecraft:trim_type": 0.2
      }
    },
    {
      "model": "aether:item/golden_gloves_netherite_trim",
      "predicate": {
        "minecraft:trim_type": 0.3
      }
    },
    {
      "model": "aether:item/golden_gloves_redstone_trim",
      "predicate": {
        "minecraft:trim_type": 0.4
      }
    },
    {
      "model": "aether:item/golden_gloves_copper_trim",
      "predicate": {
        "minecraft:trim_type": 0.5
      }
    },
    {
      "model": "aether:item/golden_gloves_gold_trim",
      "predicate": {
        "minecraft:trim_type": 0.6
      }
    },
    {
      "model": "aether:item/golden_gloves_emerald_trim",
      "predicate": {
        "minecraft:trim_type": 0.7
      }
    },
    {
      "model": "aether:item/golden_gloves_diamond_trim",
      "predicate": {
        "minecraft:trim_type": 0.8
      }
    },
    {
      "model": "aether:item/golden_gloves_lapis_trim",
      "predicate": {
        "minecraft:trim_type": 0.9
      }
    },
    {
      "model": "aether:item/golden_gloves_amethyst_trim",
      "predicate": {
        "minecraft:trim_type": 1.0
      }
    }
  ],
  "textures": {
    "layer0": "aether:item/accessories/golden_gloves"
  }
}