{
	"credit": "Made by TC",
	"parent": "minecraft:item/handheld",
	"textures": {
		"layer0": "aether:item/miscellaneous/gold_dungeon_key"
	},
	"display": {
		"thirdperson_righthand": {
			"rotation": [0, -90, -45],
			"translation": [0, -1.5, -2.5],
			"scale": [0.75, 0.75, 0.75]
		},
		"thirdperson_lefthand": {
			"rotation": [90, 90, -45],
			"translation": [0, -1.5, -2.5],
			"scale": [0.75, 0.75, 0.75]
		},
		"firstperson_righthand": {
			"rotation": [90, -90, 25],
			"translation": [1.13, 3.2, 1.13],
			"scale": [0.68, 0.68, 0.68]
		},
		"firstperson_lefthand": {
			"rotation": [90, 90, -25],
			"translation": [1.13, 3.2, 1.13],
			"scale": [0.68, 0.68, 0.68]
		}
	}
}