{
	"credit": "Made by TC",
	"parent": "minecraft:block/orientable",
	"textures": {
		"3": "farmersdelight:block/acacia_cabinet_front_open",
		"particle": "farmersdelight:block/acacia_cabinet_front_open",
		"front": "farmersdelight:block/acacia_cabinet_front",
		"side": "farmersdelight:block/acacia_cabinet_side",
		"top": "farmersdelight:block/acacia_cabinet_top"
	},
	"elements": [
		{
			"from": [0, 0, 0],
			"to": [16, 16, 16],
			"faces": {
				"north": {"uv": [0, 0, 16, 16], "texture": "#3"},
				"east": {"uv": [0, 0, 16, 16], "texture": "#side"},
				"south": {"uv": [0, 0, 16, 16], "texture": "#side"},
				"west": {"uv": [0, 0, 16, 16], "texture": "#side"},
				"up": {"uv": [0, 0, 16, 16], "texture": "#top"},
				"down": {"uv": [0, 0, 16, 16], "texture": "#top"}
			}
		},
		{
			"from": [9, 13, -1],
			"to": [15, 15, 0],
			"rotation": {"angle": 0, "axis": "y", "origin": [12, 8, -0.5]},
			"faces": {
				"north": {"uv": [1, 1, 7, 3], "texture": "#front"},
				"east": {"uv": [1, 1, 2, 3], "texture": "#front"},
				"south": {"uv": [1, 1, 7, 3], "texture": "#front"},
				"west": {"uv": [6, 1, 7, 3], "texture": "#front"},
				"up": {"uv": [1, 1, 7, 2], "texture": "#front"},
				"down": {"uv": [1, 2, 7, 3], "texture": "#front"}
			}
		},
		{
			"from": [9, 1, -1],
			"to": [15, 3, 0],
			"rotation": {"angle": 0, "axis": "y", "origin": [12, 8, -0.5]},
			"faces": {
				"north": {"uv": [1, 13, 7, 15], "texture": "#front"},
				"east": {"uv": [1, 13, 2, 15], "texture": "#front"},
				"south": {"uv": [1, 13, 7, 15], "texture": "#front"},
				"west": {"uv": [6, 13, 7, 15], "texture": "#front"},
				"up": {"uv": [1, 13, 7, 14], "texture": "#front"},
				"down": {"uv": [1, 14, 7, 15], "texture": "#front"}
			}
		},
		{
			"from": [14, 3, -1],
			"to": [15, 13, 0],
			"rotation": {"angle": 0, "axis": "y", "origin": [12, 8, -0.5]},
			"faces": {
				"north": {"uv": [1, 3, 2, 13], "texture": "#front"},
				"east": {"uv": [1, 3, 2, 13], "texture": "#front"},
				"south": {"uv": [1, 3, 2, 13], "texture": "#front"},
				"west": {"uv": [1, 3, 2, 13], "texture": "#front"}
			}
		},
		{
			"from": [9, 3, -1],
			"to": [10, 13, 0],
			"rotation": {"angle": 0, "axis": "y", "origin": [12, 8, -0.5]},
			"faces": {
				"north": {"uv": [6, 3, 7, 13], "texture": "#front"},
				"east": {"uv": [6, 3, 7, 13], "texture": "#front"},
				"south": {"uv": [6, 3, 7, 13], "texture": "#front"},
				"west": {"uv": [6, 3, 7, 13], "texture": "#front"}
			}
		},
		{
			"from": [10, 9, -1],
			"to": [14, 11, 0],
			"rotation": {"angle": 0, "axis": "y", "origin": [12, 8, -0.5]},
			"faces": {
				"north": {"uv": [2, 5, 6, 7], "texture": "#front"},
				"east": {"uv": [2, 5, 3, 7], "texture": "#front"},
				"south": {"uv": [2, 5, 6, 7], "texture": "#front"},
				"west": {"uv": [5, 5, 6, 7], "texture": "#front"},
				"up": {"uv": [2, 5, 6, 6], "texture": "#front"},
				"down": {"uv": [2, 6, 6, 7], "texture": "#front"}
			}
		},
		{
			"from": [10, 5, -1],
			"to": [14, 7, 0],
			"rotation": {"angle": 0, "axis": "y", "origin": [12, 8, -0.5]},
			"faces": {
				"north": {"uv": [2, 9, 6, 11], "texture": "#front"},
				"east": {"uv": [2, 9, 3, 11], "texture": "#front"},
				"south": {"uv": [2, 9, 6, 11], "texture": "#front"},
				"west": {"uv": [5, 9, 6, 11], "texture": "#front"},
				"up": {"uv": [2, 9, 6, 10], "texture": "#front"},
				"down": {"uv": [2, 10, 6, 11], "texture": "#front"}
			}
		},
		{
			"from": [1, 13, -1],
			"to": [7, 15, 0],
			"rotation": {"angle": 0, "axis": "y", "origin": [3, 14, -2]},
			"faces": {
				"north": {"uv": [7, 1, 1, 3], "texture": "#front"},
				"east": {"uv": [7, 1, 6, 3], "texture": "#front"},
				"south": {"uv": [7, 1, 1, 3], "texture": "#front"},
				"west": {"uv": [2, 1, 1, 3], "texture": "#front"},
				"up": {"uv": [7, 1, 1, 2], "texture": "#front"},
				"down": {"uv": [7, 2, 1, 3], "texture": "#front"}
			}
		},
		{
			"from": [1, 1, -1],
			"to": [7, 3, 0],
			"rotation": {"angle": 0, "axis": "y", "origin": [3, 2, -2]},
			"faces": {
				"north": {"uv": [7, 13, 1, 15], "texture": "#front"},
				"east": {"uv": [7, 13, 6, 15], "texture": "#front"},
				"south": {"uv": [7, 13, 1, 15], "texture": "#front"},
				"west": {"uv": [2, 13, 1, 15], "texture": "#front"},
				"up": {"uv": [7, 13, 1, 14], "texture": "#front"},
				"down": {"uv": [7, 14, 1, 15], "texture": "#front"}
			}
		},
		{
			"from": [1, 3, -1],
			"to": [2, 13, 0],
			"rotation": {"angle": 0, "axis": "y", "origin": [3, 4, -2]},
			"faces": {
				"north": {"uv": [2, 3, 1, 13], "texture": "#front"},
				"east": {"uv": [2, 3, 1, 13], "texture": "#front"},
				"south": {"uv": [2, 3, 1, 13], "texture": "#front"},
				"west": {"uv": [2, 3, 1, 13], "texture": "#front"}
			}
		},
		{
			"from": [6, 3, -1],
			"to": [7, 13, 0],
			"rotation": {"angle": 0, "axis": "y", "origin": [8, 4, -2]},
			"faces": {
				"north": {"uv": [7, 3, 6, 13], "texture": "#front"},
				"east": {"uv": [7, 3, 6, 13], "texture": "#front"},
				"south": {"uv": [7, 3, 6, 13], "texture": "#front"},
				"west": {"uv": [7, 3, 6, 13], "texture": "#front"}
			}
		},
		{
			"from": [2, 9, -1],
			"to": [6, 11, 0],
			"rotation": {"angle": 0, "axis": "y", "origin": [7, 4, -2]},
			"faces": {
				"north": {"uv": [6, 5, 2, 7], "texture": "#front"},
				"east": {"uv": [6, 5, 5, 7], "texture": "#front"},
				"south": {"uv": [6, 5, 2, 7], "texture": "#front"},
				"west": {"uv": [3, 5, 2, 7], "texture": "#front"},
				"up": {"uv": [6, 5, 2, 6], "texture": "#front"},
				"down": {"uv": [6, 6, 2, 7], "texture": "#front"}
			}
		},
		{
			"from": [2, 5, -1],
			"to": [6, 7, 0],
			"rotation": {"angle": 0, "axis": "y", "origin": [7, 0, -2]},
			"faces": {
				"north": {"uv": [6, 9, 2, 11], "texture": "#front"},
				"east": {"uv": [6, 9, 5, 11], "texture": "#front"},
				"south": {"uv": [6, 9, 2, 11], "texture": "#front"},
				"west": {"uv": [3, 9, 2, 11], "texture": "#front"},
				"up": {"uv": [2, 9, 6, 10], "texture": "#front"},
				"down": {"uv": [2, 10, 6, 11], "texture": "#front"}
			}
		}
	],
	"groups": [
		0,
		{
			"name": "group",
			"origin": [9, 0, -2],
			"color": 0,
			"children": [1, 2, 3, 4, 5, 6]
		},
		{
			"name": "group",
			"origin": [9, 0, -2],
			"color": 0,
			"children": [7, 8, 9, 10, 11, 12]
		}
	]
}