{
	"credit": "Made by TC",
	"parent": "minecraft:block/orientable",
	"textures": {
		"front": "farmersdelight:block/bamboo_cabinet_front",
		"side": "farmersdelight:block/bamboo_cabinet_side",
		"top": "farmersdelight:block/bamboo_cabinet_top",
		"particle": "farmersdelight:block/bamboo_cabinet_front_open"
	},
	"elements": [
		{
			"from": [0, 0, 0],
			"to": [16, 16, 16],
			"faces": {
				"north": {"uv": [0, 0, 16, 16], "texture": "#particle"},
				"east": {"uv": [0, 0, 16, 16], "texture": "#side"},
				"south": {"uv": [0, 0, 16, 16], "texture": "#side"},
				"west": {"uv": [0, 0, 16, 16], "texture": "#side"},
				"up": {"uv": [0, 0, 16, 16], "texture": "#top"},
				"down": {"uv": [0, 0, 16, 16], "texture": "#top"}
			}
		},
		{
			"from": [14, 2, -6],
			"to": [15, 13, 0],
			"rotation": {"angle": 0, "axis": "y", "origin": [14.5, 7.5, -3]},
			"faces": {
				"north": {"uv": [6, 3, 7, 14], "texture": "#front"},
				"east": {"uv": [1, 3, 7, 14], "texture": "#front"},
				"south": {"uv": [1, 3, 2, 14], "texture": "#front"},
				"west": {"uv": [7, 3, 1, 14], "texture": "#front"},
				"up": {"uv": [1, 3, 7, 4], "rotation": 90, "texture": "#front"},
				"down": {"uv": [1, 13, 7, 14], "rotation": 270, "texture": "#front"}
			}
		},
		{
			"from": [1, 2, -6],
			"to": [2, 13, 0],
			"rotation": {"angle": 0, "axis": "y", "origin": [1.5, 7.5, -3]},
			"faces": {
				"north": {"uv": [7, 3, 6, 14], "texture": "#front"},
				"east": {"uv": [1, 3, 7, 14], "texture": "#front"},
				"south": {"uv": [2, 3, 1, 14], "texture": "#front"},
				"west": {"uv": [7, 3, 1, 14], "texture": "#front"},
				"up": {"uv": [7, 3, 1, 4], "rotation": 270, "texture": "#front"},
				"down": {"uv": [7, 13, 1, 14], "rotation": 90, "texture": "#front"}
			}
		}
	]
}