{
	"credit": "Made by TC",
	"textures": {
		"0": "farmersdelight:block/birch_cabinet_front",
		"1": "farmersdelight:block/birch_cabinet_front_open",
		"2": "farmersdelight:block/birch_cabinet_side",
		"3": "farmersdelight:block/birch_cabinet_top",
		"particle": "farmersdelight:block/birch_cabinet_front"
	},
	"elements": [
		{
			"from": [0, 0, 0],
			"to": [16, 16, 16],
			"faces": {
				"north": {"uv": [0, 0, 16, 16], "texture": "#1"},
				"east": {"uv": [0, 0, 16, 16], "texture": "#2"},
				"south": {"uv": [0, 0, 16, 16], "texture": "#2"},
				"west": {"uv": [0, 0, 16, 16], "texture": "#2"},
				"up": {"uv": [0, 0, 16, 16], "texture": "#3"},
				"down": {"uv": [0, 0, 16, 16], "texture": "#3"}
			}
		},
		{
			"from": [14, 1, -8],
			"to": [15, 15, 0],
			"rotation": {"angle": 0, "axis": "y", "origin": [14.5, 8, -4]},
			"faces": {
				"north": {"uv": [8, 1, 9, 15], "texture": "#0"},
				"east": {"uv": [1, 1, 9, 15], "texture": "#0"},
				"south": {"uv": [1, 1, 2, 15], "texture": "#0"},
				"west": {"uv": [9, 1, 1, 15], "texture": "#0"},
				"up": {"uv": [9, 1, 1, 2], "rotation": 90, "texture": "#0"},
				"down": {"uv": [1, 14, 9, 15], "rotation": 270, "texture": "#0"}
			}
		},
		{
			"from": [1, 1, -5],
			"to": [2, 15, 0],
			"rotation": {"angle": 0, "axis": "y", "origin": [1.5, 8, -2.5]},
			"faces": {
				"north": {"uv": [10, 1, 11, 15], "texture": "#0"},
				"east": {"uv": [15, 1, 10, 15], "texture": "#0"},
				"south": {"uv": [14, 1, 15, 15], "texture": "#0"},
				"west": {"uv": [10, 1, 15, 15], "texture": "#0"},
				"up": {"uv": [10, 1, 15, 2], "rotation": 270, "texture": "#0"},
				"down": {"uv": [10, 14, 15, 15], "rotation": 90, "texture": "#0"}
			}
		}
	]
}