{
	"credit": "Made by TC",
	"parent": "block/block",
	"textures": {
		"1": "farmersdelight:block/mushroom_colony/brown_mushroom_colony_base_1",
		"2": "farmersdelight:block/mushroom_colony/brown_mushroomcolony_base_2",
		"particle": "farmersdelight:block/mushroom_colony/brown_mushroom_colony_base_1"
	},
	"elements": [
		{
			"from": [10, 1, 10],
			"to": [14, 2, 14],
			"rotation": {"angle": 0, "axis": "y", "origin": [0, -2, 5]},
			"faces": {
				"north": {"uv": [9, 10, 13, 11], "texture": "#2"},
				"east": {"uv": [9, 10, 13, 11], "texture": "#2"},
				"south": {"uv": [9, 10, 13, 11], "texture": "#2"},
				"west": {"uv": [9, 10, 13, 11], "texture": "#2"},
				"up": {"uv": [9, 1, 13, 5], "texture": "#2"},
				"down": {"uv": [9, 1, 13, 5], "texture": "#2"}
			}
		},
		{
			"from": [4, 4, 2],
			"to": [12, 6, 10],
			"rotation": {"angle": 0, "axis": "y", "origin": [0, -2, -2]},
			"faces": {
				"north": {"uv": [6, 11, 14, 13], "texture": "#1"},
				"east": {"uv": [6, 11, 14, 13], "texture": "#1"},
				"south": {"uv": [6, 11, 14, 13], "texture": "#1"},
				"west": {"uv": [6, 11, 14, 13], "texture": "#1"},
				"up": {"uv": [6, 2, 14, 10], "texture": "#1"},
				"down": {"uv": [6, 2, 14, 10], "texture": "#1"}
			}
		},
		{
			"from": [7, 0, 5],
			"to": [9, 4, 7],
			"rotation": {"angle": 0, "axis": "y", "origin": [0, 0, -2]},
			"faces": {
				"north": {"uv": [2, 9, 4, 13], "texture": "#1"},
				"east": {"uv": [2, 9, 4, 13], "texture": "#1"},
				"south": {"uv": [2, 9, 4, 13], "texture": "#1"},
				"west": {"uv": [2, 9, 4, 13], "texture": "#1"},
				"down": {"uv": [0, 12, 2, 14], "rotation": 180, "texture": "#1"}
			}
		},
		{
			"from": [11, 0, 11],
			"to": [13, 1, 13],
			"rotation": {"angle": 0, "axis": "y", "origin": [4, 0, 4]},
			"faces": {
				"north": {"uv": [11, 14, 13, 16], "texture": "#2"},
				"east": {"uv": [11, 14, 13, 16], "texture": "#2"},
				"south": {"uv": [11, 14, 13, 16], "texture": "#2"},
				"west": {"uv": [11, 14, 13, 16], "texture": "#2"},
				"down": {"uv": [0, 12, 2, 14], "texture": "#1"}
			}
		},
		{
			"from": [11.5, 0, 4.5],
			"to": [12.5, 1, 5.5],
			"rotation": {"angle": 0, "axis": "y", "origin": [0, 0, -2]},
			"faces": {
				"north": {"uv": [4, 12, 5, 13], "texture": "#2"},
				"east": {"uv": [4, 12, 5, 13], "texture": "#2"},
				"south": {"uv": [4, 12, 5, 13], "texture": "#2"},
				"west": {"uv": [4, 12, 5, 13], "texture": "#2"},
				"down": {"uv": [4, 12, 5, 13], "texture": "#2"}
			}
		},
		{
			"from": [10.5, 1, 3.5],
			"to": [13.5, 2, 6.5],
			"rotation": {"angle": 0, "axis": "y", "origin": [4.5, -1, -6.5]},
			"faces": {
				"north": {"uv": [8, 10, 11, 11], "texture": "#2"},
				"east": {"uv": [8, 10, 11, 11], "texture": "#2"},
				"south": {"uv": [8, 10, 11, 11], "texture": "#2"},
				"west": {"uv": [8, 10, 11, 11], "texture": "#2"},
				"up": {"uv": [9, 3, 12, 6], "texture": "#2"},
				"down": {"uv": [9, 3, 12, 6], "texture": "#2"}
			}
		}
	]
}