{
	"credit": "Made by TC",
	"parent": "block/block",
	"textures": {
		"1": "farmersdelight:block/mushroom_colony/brown_mushroom_colony_base_1",
		"2": "farmersdelight:block/mushroom_colony/brown_mushroomcolony_base",
		"3": "farmersdelight:block/mushroom_colony/brown_mushroomcolony_base_2",
		"particle": "farmersdelight:block/mushroom_colony/brown_mushroom_colony_base_1"
	},
	"elements": [
		{
			"from": [8, 7, 6],
			"to": [11, 8, 9],
			"rotation": {"angle": 0, "axis": "y", "origin": [-2.5, 4, 0.5]},
			"faces": {
				"north": {"uv": [11, 10, 14, 11], "texture": "#2"},
				"east": {"uv": [11, 10, 14, 11], "texture": "#2"},
				"south": {"uv": [11, 10, 14, 11], "texture": "#2"},
				"west": {"uv": [11, 10, 14, 11], "texture": "#2"},
				"up": {"uv": [4, 9, 7, 12], "texture": "#2"},
				"down": {"uv": [4, 9, 7, 12], "texture": "#2"}
			}
		},
		{
			"from": [9, 4, 9],
			"to": [15, 6, 15],
			"rotation": {"angle": 0, "axis": "y", "origin": [0, 1, 5]},
			"faces": {
				"north": {"uv": [9, 9, 15, 11], "texture": "#3"},
				"east": {"uv": [9, 9, 15, 11], "texture": "#3"},
				"south": {"uv": [9, 9, 15, 11], "texture": "#3"},
				"west": {"uv": [9, 9, 15, 11], "texture": "#3"},
				"up": {"uv": [9, 1, 15, 7], "texture": "#3"},
				"down": {"uv": [9, 1, 15, 7], "texture": "#3"}
			}
		},
		{
			"from": [2.5, 9, 0.5],
			"to": [13.5, 11, 11.5],
			"rotation": {"angle": 0, "axis": "y", "origin": [0, 3, -2]},
			"faces": {
				"north": {"uv": [5, 11, 16, 13], "texture": "#1"},
				"east": {"uv": [5, 11, 16, 13], "texture": "#1"},
				"south": {"uv": [5, 11, 16, 13], "texture": "#1"},
				"west": {"uv": [5, 11, 16, 13], "texture": "#1"},
				"up": {"uv": [5, 0, 16, 11], "texture": "#1"},
				"down": {"uv": [5, 0, 16, 11], "texture": "#1"}
			}
		},
		{
			"from": [7, 0, 5],
			"to": [9, 9, 7],
			"rotation": {"angle": 0, "axis": "y", "origin": [0, 0, -2]},
			"faces": {
				"north": {"uv": [2, 4, 4, 13], "texture": "#1"},
				"east": {"uv": [2, 4, 4, 13], "texture": "#1"},
				"south": {"uv": [2, 4, 4, 13], "texture": "#1"},
				"west": {"uv": [2, 4, 4, 13], "texture": "#1"},
				"down": {"uv": [0, 12, 2, 14], "rotation": 180, "texture": "#1"}
			}
		},
		{
			"from": [11, 0, 11],
			"to": [13, 4, 13],
			"rotation": {"angle": 0, "axis": "y", "origin": [4, 0, 4]},
			"faces": {
				"north": {"uv": [11, 12, 13, 16], "texture": "#2"},
				"east": {"uv": [11, 12, 13, 16], "texture": "#2"},
				"south": {"uv": [11, 12, 13, 16], "texture": "#2"},
				"west": {"uv": [11, 12, 13, 16], "texture": "#2"},
				"down": {"uv": [0, 12, 2, 14], "texture": "#1"}
			}
		},
		{
			"from": [11.5, 0, 4.5],
			"to": [12.5, 2, 5.5],
			"rotation": {"angle": 0, "axis": "y", "origin": [0, 0, -2]},
			"faces": {
				"north": {"uv": [4, 14, 5, 16], "texture": "#2"},
				"east": {"uv": [4, 14, 5, 16], "texture": "#2"},
				"south": {"uv": [4, 14, 5, 16], "texture": "#2"},
				"west": {"uv": [4, 14, 5, 16], "texture": "#2"},
				"down": {"uv": [4, 15, 5, 16], "texture": "#2"}
			}
		},
		{
			"from": [7, 0, 9],
			"to": [8, 1, 10],
			"rotation": {"angle": 0, "axis": "y", "origin": [0, 0, -2]},
			"faces": {
				"north": {"uv": [12, 14, 13, 15], "texture": "#1"},
				"east": {"uv": [12, 14, 13, 15], "texture": "#1"},
				"south": {"uv": [12, 14, 13, 15], "texture": "#1"},
				"west": {"uv": [12, 14, 13, 15], "texture": "#1"},
				"down": {"uv": [12, 14, 13, 15], "texture": "#1"}
			}
		},
		{
			"from": [3, 0, 2],
			"to": [4, 1, 3],
			"rotation": {"angle": 0, "axis": "y", "origin": [0, 0, -2]},
			"faces": {
				"north": {"uv": [4, 12, 5, 13], "texture": "#3"},
				"east": {"uv": [4, 12, 5, 13], "texture": "#3"},
				"south": {"uv": [4, 12, 5, 13], "texture": "#3"},
				"west": {"uv": [4, 12, 5, 13], "texture": "#3"},
				"up": {"uv": [0, 0, 0, 0], "texture": "#3"},
				"down": {"uv": [4, 12, 5, 13], "texture": "#3"}
			}
		},
		{
			"from": [2, 1, 1],
			"to": [5, 2, 4],
			"rotation": {"angle": 0, "axis": "y", "origin": [0, 0, -2]},
			"faces": {
				"north": {"uv": [6, 12, 9, 13], "texture": "#3"},
				"east": {"uv": [6, 12, 9, 13], "texture": "#3"},
				"south": {"uv": [6, 12, 9, 13], "texture": "#3"},
				"west": {"uv": [6, 12, 9, 13], "texture": "#3"},
				"up": {"uv": [2, 5, 5, 8], "texture": "#3"},
				"down": {"uv": [2, 5, 5, 8], "texture": "#3"}
			}
		},
		{
			"from": [6, 1, 8],
			"to": [9, 2, 11],
			"rotation": {"angle": 0, "axis": "y", "origin": [0, -1, -2]},
			"faces": {
				"north": {"uv": [7, 10, 10, 11], "texture": "#3"},
				"east": {"uv": [7, 10, 10, 11], "texture": "#3"},
				"south": {"uv": [7, 10, 10, 11], "texture": "#3"},
				"west": {"uv": [7, 10, 10, 11], "texture": "#3"},
				"up": {"uv": [7, 8, 10, 11], "texture": "#3"},
				"down": {"uv": [7, 8, 10, 11], "texture": "#3"}
			}
		},
		{
			"from": [1, 2, 10],
			"to": [4, 3, 13],
			"rotation": {"angle": 0, "axis": "y", "origin": [-5, 0, 0]},
			"faces": {
				"north": {"uv": [11, 10, 14, 11], "texture": "#2"},
				"east": {"uv": [11, 10, 14, 11], "texture": "#2"},
				"south": {"uv": [11, 10, 14, 11], "texture": "#2"},
				"west": {"uv": [11, 10, 14, 11], "texture": "#2"},
				"up": {"uv": [13, 5, 16, 8], "texture": "#2"},
				"down": {"uv": [13, 5, 16, 8], "texture": "#2"}
			}
		},
		{
			"from": [6, 3, 3.75],
			"to": [8, 4, 5.75],
			"rotation": {"angle": 0, "axis": "y", "origin": [-0.5, 1, -6.75]},
			"faces": {
				"north": {"uv": [9, 10, 11, 11], "texture": "#3"},
				"east": {"uv": [9, 10, 11, 11], "texture": "#3"},
				"south": {"uv": [9, 10, 11, 11], "texture": "#3"},
				"west": {"uv": [9, 10, 11, 11], "texture": "#3"},
				"up": {"uv": [8, 9, 10, 11], "texture": "#3"},
				"down": {"uv": [7, 8, 9, 10], "texture": "#3"}
			}
		},
		{
			"from": [2, 0, 11],
			"to": [3, 2, 12],
			"rotation": {"angle": 0, "axis": "y", "origin": [-5, 0, 0]},
			"faces": {
				"north": {"uv": [12, 14, 13, 16], "texture": "#1"},
				"east": {"uv": [12, 14, 13, 16], "texture": "#1"},
				"south": {"uv": [12, 14, 13, 16], "texture": "#1"},
				"west": {"uv": [12, 14, 13, 16], "texture": "#1"},
				"down": {"uv": [12, 15, 13, 16], "texture": "#1"}
			}
		},
		{
			"from": [9, 2, 2],
			"to": [15, 3, 8],
			"rotation": {"angle": 0, "axis": "y", "origin": [4.5, 0, -6.5]},
			"faces": {
				"north": {"uv": [1, 11, 7, 12], "texture": "#2"},
				"east": {"uv": [1, 11, 7, 12], "texture": "#2"},
				"south": {"uv": [1, 11, 7, 12], "texture": "#2"},
				"west": {"uv": [1, 11, 7, 12], "texture": "#2"},
				"up": {"uv": [9, 1, 15, 7], "texture": "#2"},
				"down": {"uv": [9, 1, 15, 7], "texture": "#2"}
			}
		}
	]
}