{
	"credit": "Made by TC",
	"parent": "block/block",
	"textures": {
		"1": "block/brown_mushroom_base",
		"2": "farmersdelight:block/mushroom_colony/brown_mushroom_colony_base_1",
		"3": "farmersdelight:block/mushroom_colony/brown_mushroomcolony_base_2",
		"particle": "block/brown_mushroom_base"
	},
	"elements": [
		{
			"from": [11, 1, 2],
			"to": [14, 2, 5],
			"rotation": {"angle": 0, "axis": "y", "origin": [7.75, 2.25, 8.25]},
			"faces": {
				"north": {"uv": [8, 10, 11, 11], "texture": "#1"},
				"east": {"uv": [8, 10, 11, 11], "texture": "#1"},
				"south": {"uv": [8, 10, 11, 11], "texture": "#1"},
				"west": {"uv": [8, 10, 11, 11], "texture": "#1"},
				"up": {"uv": [8, 0, 11, 3], "rotation": 180, "texture": "#1"},
				"down": {"uv": [8, 0, 11, 3], "rotation": 180, "texture": "#1"}
			}
		},
		{
			"from": [8, 3, 8],
			"to": [12, 4, 12],
			"rotation": {"angle": 0, "axis": "y", "origin": [10.25, -0.75, 7.75]},
			"faces": {
				"north": {"uv": [9, 10, 13, 11], "texture": "#3"},
				"east": {"uv": [9, 10, 13, 11], "texture": "#3"},
				"south": {"uv": [9, 10, 13, 11], "texture": "#3"},
				"west": {"uv": [9, 10, 13, 11], "texture": "#3"},
				"up": {"uv": [9, 1, 13, 5], "rotation": 180, "texture": "#3"},
				"down": {"uv": [9, 1, 13, 5], "rotation": 180, "texture": "#3"}
			}
		},
		{
			"from": [9, 0, 9],
			"to": [11, 3, 11],
			"rotation": {"angle": 0, "axis": "y", "origin": [10.25, 5.25, 7.75]},
			"faces": {
				"north": {"uv": [2, 10, 4, 13], "texture": "#2"},
				"east": {"uv": [2, 10, 4, 13], "texture": "#2"},
				"south": {"uv": [2, 10, 4, 13], "texture": "#2"},
				"west": {"uv": [2, 10, 4, 13], "texture": "#2"},
				"down": {"uv": [0, 12, 2, 14], "rotation": 180, "texture": "#2"}
			}
		},
		{
			"from": [12, 0, 3],
			"to": [13, 1, 4],
			"rotation": {"angle": 0, "axis": "y", "origin": [7.75, 5.25, 8.25]},
			"faces": {
				"north": {"uv": [4, 12, 5, 13], "texture": "#1"},
				"east": {"uv": [4, 12, 5, 13], "texture": "#1"},
				"south": {"uv": [4, 12, 5, 13], "texture": "#1"},
				"west": {"uv": [4, 12, 5, 13], "texture": "#1"},
				"down": {"uv": [3, 1, 5, 3], "rotation": 180, "texture": "#1"}
			}
		},
		{
			"from": [12, 0, 13],
			"to": [14, 1, 15],
			"rotation": {"angle": 0, "axis": "y", "origin": [8.25, 5.25, 9.75]},
			"faces": {
				"north": {"uv": [12, 14, 14, 15], "texture": "#1"},
				"east": {"uv": [12, 14, 14, 15], "texture": "#1"},
				"south": {"uv": [12, 14, 14, 15], "texture": "#1"},
				"west": {"uv": [12, 14, 14, 15], "texture": "#1"},
				"down": {"uv": [12, 14, 14, 16], "rotation": 180, "texture": "#1"}
			}
		},
		{
			"from": [11, 1, 12],
			"to": [15, 2, 16],
			"rotation": {"angle": 0, "axis": "y", "origin": [8.25, 4.25, 9.75]},
			"faces": {
				"north": {"uv": [2, 10, 6, 11], "texture": "#1"},
				"east": {"uv": [2, 10, 6, 11], "texture": "#1"},
				"south": {"uv": [2, 10, 6, 11], "texture": "#1"},
				"west": {"uv": [2, 10, 6, 11], "texture": "#1"},
				"up": {"uv": [2, 4, 6, 8], "rotation": 180, "texture": "#1"},
				"down": {"uv": [2, 0, 6, 4], "rotation": 180, "texture": "#1"}
			}
		},
		{
			"from": [1, 2, 12],
			"to": [4, 3, 15],
			"rotation": {"angle": 0, "axis": "y", "origin": [7.25, 3.25, 8.75]},
			"faces": {
				"north": {"uv": [9, 10, 12, 11], "texture": "#1"},
				"east": {"uv": [9, 10, 12, 11], "texture": "#1"},
				"south": {"uv": [9, 10, 12, 11], "texture": "#1"},
				"west": {"uv": [9, 10, 12, 11], "texture": "#1"},
				"up": {"uv": [8, 4, 11, 7], "rotation": 180, "texture": "#1"},
				"down": {"uv": [8, 4, 11, 7], "rotation": 180, "texture": "#1"}
			}
		},
		{
			"from": [2, 0, 13],
			"to": [3, 2, 14],
			"rotation": {"angle": 0, "axis": "y", "origin": [7.25, 5.25, 8.75]},
			"faces": {
				"north": {"uv": [12, 12, 13, 16], "texture": "#1"},
				"east": {"uv": [12, 12, 13, 16], "texture": "#1"},
				"south": {"uv": [12, 12, 13, 16], "texture": "#1"},
				"west": {"uv": [12, 12, 13, 16], "texture": "#1"},
				"down": {"uv": [12, 15, 13, 16], "rotation": 180, "texture": "#1"}
			}
		},
		{
			"from": [3, 0, 5],
			"to": [5, 1, 7],
			"rotation": {"angle": 0, "axis": "y", "origin": [7.75, 5.25, 8.25]},
			"faces": {
				"north": {"uv": [12, 13, 14, 14], "texture": "#1"},
				"east": {"uv": [12, 13, 14, 14], "texture": "#1"},
				"south": {"uv": [12, 13, 14, 14], "texture": "#1"},
				"west": {"uv": [12, 13, 14, 14], "texture": "#1"},
				"down": {"uv": [12, 11, 14, 13], "rotation": 180, "texture": "#1"}
			}
		},
		{
			"from": [2, 1, 4],
			"to": [6, 2, 8],
			"rotation": {"angle": 0, "axis": "y", "origin": [7.75, 5.25, 8.25]},
			"faces": {
				"north": {"uv": [9, 10, 13, 11], "texture": "#3"},
				"east": {"uv": [9, 10, 13, 11], "texture": "#3"},
				"south": {"uv": [9, 10, 13, 11], "texture": "#3"},
				"west": {"uv": [9, 10, 13, 11], "texture": "#3"},
				"up": {"uv": [10, 1, 14, 5], "rotation": 180, "texture": "#3"},
				"down": {"uv": [10, 1, 14, 5], "rotation": 180, "texture": "#3"}
			}
		}
	]
}