{
	"credit": "Made by TC",
	"parent": "block/block",
	"textures": {
		"1": "farmersdelight:block/mushroom_colony/brown_mushroom_colony_base_1",
		"2": "farmersdelight:block/mushroom_colony/brown_mushroomcolony_base",
		"3": "farmersdelight:block/mushroom_colony/brown_mushroomcolony_base_2",
		"particle": "farmersdelight:block/mushroom_colony/brown_mushroom_colony_base_1"
	},
	"elements": [
		{
			"from": [8, 4, 6],
			"to": [11, 5, 9],
			"rotation": {"angle": 0, "axis": "y", "origin": [-2.5, 1, 0.5]},
			"faces": {
				"north": {"uv": [11, 10, 14, 11], "texture": "#3"},
				"east": {"uv": [11, 10, 14, 11], "texture": "#3"},
				"south": {"uv": [11, 10, 14, 11], "texture": "#3"},
				"west": {"uv": [11, 10, 14, 11], "texture": "#3"},
				"up": {"uv": [4, 9, 7, 12], "texture": "#3"},
				"down": {"uv": [4, 9, 7, 12], "texture": "#3"}
			}
		},
		{
			"from": [9, 2, 9],
			"to": [15, 3, 15],
			"rotation": {"angle": 0, "axis": "y", "origin": [0, -1, 5]},
			"faces": {
				"north": {"uv": [9, 10, 15, 11], "texture": "#3"},
				"east": {"uv": [9, 10, 15, 11], "texture": "#3"},
				"south": {"uv": [9, 10, 15, 11], "texture": "#3"},
				"west": {"uv": [9, 10, 15, 11], "texture": "#3"},
				"up": {"uv": [9, 1, 15, 7], "texture": "#3"},
				"down": {"uv": [9, 1, 15, 7], "texture": "#3"}
			}
		},
		{
			"from": [4, 6, 2],
			"to": [12, 8, 10],
			"rotation": {"angle": 0, "axis": "y", "origin": [0, 0, -2]},
			"faces": {
				"north": {"uv": [6, 11, 14, 13], "texture": "#1"},
				"east": {"uv": [6, 11, 14, 13], "texture": "#1"},
				"south": {"uv": [6, 11, 14, 13], "texture": "#1"},
				"west": {"uv": [6, 11, 14, 13], "texture": "#1"},
				"up": {"uv": [6, 2, 14, 10], "texture": "#1"},
				"down": {"uv": [6, 2, 14, 10], "texture": "#1"}
			}
		},
		{
			"from": [7, 0, 5],
			"to": [9, 6, 7],
			"rotation": {"angle": 0, "axis": "y", "origin": [0, 0, -2]},
			"faces": {
				"north": {"uv": [2, 7, 4, 13], "texture": "#1"},
				"east": {"uv": [2, 7, 4, 13], "texture": "#1"},
				"south": {"uv": [2, 7, 4, 13], "texture": "#1"},
				"west": {"uv": [2, 7, 4, 13], "texture": "#1"},
				"down": {"uv": [0, 12, 2, 14], "rotation": 180, "texture": "#1"}
			}
		},
		{
			"from": [11, 0, 11],
			"to": [13, 2, 13],
			"rotation": {"angle": 0, "axis": "y", "origin": [4, 0, 4]},
			"faces": {
				"north": {"uv": [11, 14, 13, 16], "texture": "#2"},
				"east": {"uv": [11, 14, 13, 16], "texture": "#2"},
				"south": {"uv": [11, 14, 13, 16], "texture": "#2"},
				"west": {"uv": [11, 14, 13, 16], "texture": "#2"},
				"down": {"uv": [0, 12, 2, 14], "texture": "#1"}
			}
		},
		{
			"from": [11.5, 0, 4.5],
			"to": [12.5, 1, 5.5],
			"rotation": {"angle": 0, "axis": "y", "origin": [0, 0, -2]},
			"faces": {
				"north": {"uv": [4, 14, 5, 15], "texture": "#2"},
				"east": {"uv": [4, 14, 5, 15], "texture": "#2"},
				"south": {"uv": [4, 14, 5, 15], "texture": "#2"},
				"west": {"uv": [4, 14, 5, 15], "texture": "#2"},
				"down": {"uv": [4, 15, 5, 16], "texture": "#2"}
			}
		},
		{
			"from": [1, 0, 10],
			"to": [4, 1, 13],
			"rotation": {"angle": 0, "axis": "y", "origin": [-5, -2, 0]},
			"faces": {
				"north": {"uv": [11, 10, 14, 11], "texture": "#2"},
				"east": {"uv": [11, 10, 14, 11], "texture": "#2"},
				"south": {"uv": [11, 10, 14, 11], "texture": "#2"},
				"west": {"uv": [11, 10, 14, 11], "texture": "#2"},
				"up": {"uv": [13, 5, 16, 8], "texture": "#2"},
				"down": {"uv": [13, 5, 16, 8], "texture": "#2"}
			}
		},
		{
			"from": [9, 1, 2],
			"to": [15, 2, 8],
			"rotation": {"angle": 0, "axis": "y", "origin": [4.5, -1, -6.5]},
			"faces": {
				"north": {"uv": [1, 11, 7, 12], "texture": "#2"},
				"east": {"uv": [1, 11, 7, 12], "texture": "#2"},
				"south": {"uv": [1, 11, 7, 12], "texture": "#2"},
				"west": {"uv": [1, 11, 7, 12], "texture": "#2"},
				"up": {"uv": [9, 1, 15, 7], "texture": "#2"},
				"down": {"uv": [9, 1, 15, 7], "texture": "#2"}
			}
		}
	]
}