{
	"credit": "Made by TC",
	"parent": "block/block",
	"textures": {
		"1": "farmersdelight:block/mushroom_colony/brown_mushroom_colony_base_1",
		"2": "farmersdelight:block/mushroom_colony/brown_mushroomcolony_base",
		"3": "farmersdelight:block/mushroom_colony/brown_mushroomcolony_base_2",
		"particle": "farmersdelight:block/mushroom_colony/brown_mushroom_colony_base_1"
	},
	"elements": [
		{
			"from": [8, 8, 6],
			"to": [12, 9, 10],
			"rotation": {"angle": 0, "axis": "y", "origin": [-2, 5, 1]},
			"faces": {
				"north": {"uv": [10, 9, 14, 10], "texture": "#2"},
				"east": {"uv": [10, 9, 14, 10], "texture": "#2"},
				"south": {"uv": [10, 9, 14, 10], "texture": "#2"},
				"west": {"uv": [10, 9, 14, 10], "texture": "#2"},
				"up": {"uv": [10, 2, 14, 6], "texture": "#2"},
				"down": {"uv": [10, 2, 14, 6], "texture": "#2"}
			}
		},
		{
			"from": [8, 5, 8],
			"to": [16, 7, 16],
			"rotation": {"angle": 0, "axis": "y", "origin": [0, 2, 5]},
			"faces": {
				"north": {"uv": [8, 9, 16, 11], "texture": "#3"},
				"east": {"uv": [8, 9, 16, 11], "texture": "#3"},
				"south": {"uv": [8, 9, 16, 11], "texture": "#3"},
				"west": {"uv": [8, 9, 16, 11], "texture": "#3"},
				"up": {"uv": [8, 0, 16, 8], "texture": "#3"},
				"down": {"uv": [8, 0, 16, 8], "texture": "#3"}
			}
		},
		{
			"from": [2.5, 10, 0.5],
			"to": [13.5, 12, 11.5],
			"rotation": {"angle": 0, "axis": "y", "origin": [0, 4, -2]},
			"faces": {
				"north": {"uv": [5, 11, 16, 13], "texture": "#1"},
				"east": {"uv": [5, 11, 16, 13], "texture": "#1"},
				"south": {"uv": [5, 11, 16, 13], "texture": "#1"},
				"west": {"uv": [5, 11, 16, 13], "texture": "#1"},
				"up": {"uv": [5, 0, 16, 11], "texture": "#1"},
				"down": {"uv": [5, 0, 16, 11], "texture": "#1"}
			}
		},
		{
			"from": [7, 0, 5],
			"to": [9, 10, 7],
			"rotation": {"angle": 0, "axis": "y", "origin": [0, 0, -2]},
			"faces": {
				"north": {"uv": [2, 3, 4, 13], "texture": "#1"},
				"east": {"uv": [2, 3, 4, 13], "texture": "#1"},
				"south": {"uv": [2, 3, 4, 13], "texture": "#1"},
				"west": {"uv": [2, 3, 4, 13], "texture": "#1"},
				"down": {"uv": [0, 12, 2, 14], "rotation": 180, "texture": "#1"}
			}
		},
		{
			"from": [11, 0, 11],
			"to": [13, 5, 13],
			"rotation": {"angle": 0, "axis": "y", "origin": [4, 0, 4]},
			"faces": {
				"north": {"uv": [11, 11, 13, 16], "texture": "#2"},
				"east": {"uv": [11, 11, 13, 16], "texture": "#2"},
				"south": {"uv": [11, 11, 13, 16], "texture": "#2"},
				"west": {"uv": [11, 11, 13, 16], "texture": "#2"},
				"down": {"uv": [0, 12, 2, 14], "texture": "#1"}
			}
		},
		{
			"from": [11.5, 0, 4.5],
			"to": [12.5, 3, 5.5],
			"rotation": {"angle": 0, "axis": "y", "origin": [0, 0, -2]},
			"faces": {
				"north": {"uv": [4, 13, 5, 16], "texture": "#2"},
				"east": {"uv": [4, 13, 5, 16], "texture": "#2"},
				"south": {"uv": [4, 13, 5, 16], "texture": "#2"},
				"west": {"uv": [4, 13, 5, 16], "texture": "#2"},
				"down": {"uv": [4, 15, 5, 16], "texture": "#2"}
			}
		},
		{
			"from": [7, 0, 9],
			"to": [8, 1, 10],
			"rotation": {"angle": 0, "axis": "y", "origin": [0, 0, -2]},
			"faces": {
				"north": {"uv": [12, 14, 13, 15], "texture": "#3"},
				"east": {"uv": [12, 14, 13, 15], "texture": "#3"},
				"south": {"uv": [12, 14, 13, 15], "texture": "#3"},
				"west": {"uv": [12, 14, 13, 15], "texture": "#3"},
				"up": {"uv": [0, 0, 0, 0], "texture": "#3"},
				"down": {"uv": [12, 14, 13, 15], "texture": "#3"}
			}
		},
		{
			"from": [3, 0, 2],
			"to": [4, 3, 3],
			"rotation": {"angle": 0, "axis": "y", "origin": [0, 0, -2]},
			"faces": {
				"north": {"uv": [4, 13, 5, 16], "texture": "#2"},
				"east": {"uv": [4, 13, 5, 16], "texture": "#2"},
				"south": {"uv": [4, 13, 5, 16], "texture": "#2"},
				"west": {"uv": [4, 13, 5, 16], "texture": "#2"},
				"down": {"uv": [4, 15, 5, 16], "texture": "#2"}
			}
		},
		{
			"from": [1, 3, 0],
			"to": [6, 4, 5],
			"rotation": {"angle": 0, "axis": "y", "origin": [0, 2, -2]},
			"faces": {
				"north": {"uv": [9, 10, 14, 11], "texture": "#3"},
				"east": {"uv": [9, 10, 14, 11], "texture": "#3"},
				"south": {"uv": [9, 10, 14, 11], "texture": "#3"},
				"west": {"uv": [9, 10, 14, 11], "texture": "#3"},
				"up": {"uv": [9, 1, 14, 6], "texture": "#3"},
				"down": {"uv": [9, 1, 14, 6], "texture": "#3"}
			}
		},
		{
			"from": [6, 1, 8],
			"to": [9, 2, 11],
			"rotation": {"angle": 0, "axis": "y", "origin": [0, -1, -2]},
			"faces": {
				"north": {"uv": [7, 10, 10, 11], "texture": "#3"},
				"east": {"uv": [7, 10, 10, 11], "texture": "#3"},
				"south": {"uv": [7, 10, 10, 11], "texture": "#3"},
				"west": {"uv": [7, 10, 10, 11], "texture": "#3"},
				"up": {"uv": [7, 8, 10, 11], "texture": "#3"},
				"down": {"uv": [7, 8, 10, 11], "texture": "#3"}
			}
		},
		{
			"from": [1, 3, 10],
			"to": [4, 4, 13],
			"rotation": {"angle": 0, "axis": "y", "origin": [-5, 1, 0]},
			"faces": {
				"north": {"uv": [11, 10, 14, 11], "texture": "#2"},
				"east": {"uv": [11, 10, 14, 11], "texture": "#2"},
				"south": {"uv": [11, 10, 14, 11], "texture": "#2"},
				"west": {"uv": [11, 10, 14, 11], "texture": "#2"},
				"up": {"uv": [13, 5, 16, 8], "texture": "#2"},
				"down": {"uv": [13, 5, 16, 8], "texture": "#2"}
			}
		},
		{
			"from": [5, 6, 3],
			"to": [8, 7, 6],
			"rotation": {"angle": 0, "axis": "y", "origin": [-1, 4, -7]},
			"faces": {
				"north": {"uv": [12, 7, 15, 8], "texture": "#3"},
				"east": {"uv": [12, 7, 15, 8], "texture": "#3"},
				"south": {"uv": [12, 7, 15, 8], "texture": "#3"},
				"west": {"uv": [12, 7, 15, 8], "texture": "#3"},
				"up": {"uv": [8, 0, 11, 3], "texture": "#3"},
				"down": {"uv": [8, 0, 11, 3], "texture": "#3"}
			}
		},
		{
			"from": [2, 0, 11],
			"to": [3, 3, 12],
			"rotation": {"angle": 0, "axis": "y", "origin": [-5, 0, 0]},
			"faces": {
				"north": {"uv": [12, 13, 13, 16], "texture": "#1"},
				"east": {"uv": [12, 13, 13, 16], "texture": "#1"},
				"south": {"uv": [12, 13, 13, 16], "texture": "#1"},
				"west": {"uv": [12, 13, 13, 16], "texture": "#1"},
				"down": {"uv": [12, 15, 13, 16], "texture": "#1"}
			}
		},
		{
			"from": [9, 2, 2],
			"to": [15, 3, 8],
			"rotation": {"angle": 0, "axis": "y", "origin": [4.5, 0, -6.5]},
			"faces": {
				"north": {"uv": [1, 11, 7, 12], "texture": "#2"},
				"east": {"uv": [1, 11, 7, 12], "texture": "#2"},
				"south": {"uv": [1, 11, 7, 12], "texture": "#2"},
				"west": {"uv": [1, 11, 7, 12], "texture": "#2"},
				"up": {"uv": [9, 1, 15, 7], "texture": "#2"},
				"down": {"uv": [9, 1, 15, 7], "texture": "#2"}
			}
		}
	]
}