{
	"credit": "Made by TC",
	"parent": "block/block",
	"textures": {
		"1": "block/brown_mushroom_base",
		"2": "farmersdelight:block/mushroom_colony/brown_mushroom_colony_base_1",
		"3": "farmersdelight:block/mushroom_colony/brown_mushroomcolony_base_2",
		"particle": "block/brown_mushroom_base"
	},
	"elements": [
		{
			"from": [9.5, 2, 0.5],
			"to": [15.5, 3, 6.5],
			"rotation": {"angle": 0, "axis": "y", "origin": [7.75, 3.25, 8.25]},
			"faces": {
				"north": {"uv": [8, 10, 14, 11], "texture": "#1"},
				"east": {"uv": [8, 10, 14, 11], "texture": "#1"},
				"south": {"uv": [8, 10, 14, 11], "texture": "#1"},
				"west": {"uv": [8, 10, 14, 11], "texture": "#1"},
				"up": {"uv": [9, 1, 15, 7], "rotation": 180, "texture": "#1"},
				"down": {"uv": [9, 1, 15, 7], "rotation": 180, "texture": "#1"}
			}
		},
		{
			"from": [10, 4, 6],
			"to": [14, 5, 10],
			"rotation": {"angle": 0, "axis": "y", "origin": [10.25, 3.25, 7.75]},
			"faces": {
				"north": {"uv": [2, 10, 6, 11], "texture": "#3"},
				"east": {"uv": [2, 10, 6, 11], "texture": "#3"},
				"south": {"uv": [2, 10, 6, 11], "texture": "#3"},
				"west": {"uv": [2, 10, 6, 11], "texture": "#3"},
				"up": {"uv": [2, 4, 6, 8], "rotation": 180, "texture": "#3"},
				"down": {"uv": [2, 4, 6, 8], "rotation": 180, "texture": "#3"}
			}
		},
		{
			"from": [6, 6, 6],
			"to": [14, 7, 14],
			"rotation": {"angle": 0, "axis": "y", "origin": [10.25, 2.25, 7.75]},
			"faces": {
				"north": {"uv": [8, 9, 16, 10], "texture": "#3"},
				"east": {"uv": [8, 9, 16, 10], "texture": "#3"},
				"south": {"uv": [8, 9, 16, 10], "texture": "#3"},
				"west": {"uv": [8, 9, 16, 10], "texture": "#3"},
				"up": {"uv": [8, 0, 16, 8], "rotation": 180, "texture": "#3"},
				"down": {"uv": [8, 0, 16, 8], "rotation": 180, "texture": "#3"}
			}
		},
		{
			"from": [9, 0, 9],
			"to": [11, 6, 11],
			"rotation": {"angle": 0, "axis": "y", "origin": [10.25, 5.25, 7.75]},
			"faces": {
				"north": {"uv": [2, 2, 4, 11], "texture": "#2"},
				"east": {"uv": [2, 2, 4, 11], "texture": "#2"},
				"south": {"uv": [2, 2, 4, 11], "texture": "#2"},
				"west": {"uv": [2, 2, 4, 11], "texture": "#2"},
				"down": {"uv": [0, 12, 2, 14], "rotation": 180, "texture": "#2"}
			}
		},
		{
			"from": [12, 0, 3],
			"to": [13, 2, 4],
			"rotation": {"angle": 0, "axis": "y", "origin": [7.75, 5.25, 8.25]},
			"faces": {
				"north": {"uv": [4, 12, 5, 14], "texture": "#1"},
				"east": {"uv": [4, 12, 5, 14], "texture": "#1"},
				"south": {"uv": [4, 12, 5, 14], "texture": "#1"},
				"west": {"uv": [4, 12, 5, 14], "texture": "#1"},
				"down": {"uv": [3, 1, 5, 3], "rotation": 180, "texture": "#1"}
			}
		},
		{
			"from": [12, 0, 13],
			"to": [14, 2, 15],
			"rotation": {"angle": 0, "axis": "y", "origin": [8.25, 5.25, 9.75]},
			"faces": {
				"north": {"uv": [12, 14, 14, 16], "texture": "#1"},
				"east": {"uv": [12, 14, 14, 16], "texture": "#1"},
				"south": {"uv": [12, 14, 14, 16], "texture": "#1"},
				"west": {"uv": [12, 14, 14, 16], "texture": "#1"},
				"down": {"uv": [12, 14, 14, 16], "rotation": 180, "texture": "#1"}
			}
		},
		{
			"from": [11, 2, 12],
			"to": [15, 3, 16],
			"rotation": {"angle": 0, "axis": "y", "origin": [8.25, 5.25, 9.75]},
			"faces": {
				"north": {"uv": [2, 10, 6, 11], "texture": "#1"},
				"east": {"uv": [2, 10, 6, 11], "texture": "#1"},
				"south": {"uv": [2, 10, 6, 11], "texture": "#1"},
				"west": {"uv": [2, 10, 6, 11], "texture": "#1"},
				"up": {"uv": [2, 4, 6, 8], "rotation": 180, "texture": "#1"},
				"down": {"uv": [2, 0, 6, 4], "rotation": 180, "texture": "#1"}
			}
		},
		{
			"from": [7, 0, 7],
			"to": [10, 1, 10],
			"rotation": {"angle": 0, "axis": "y", "origin": [10.25, 2.25, 7.75]},
			"faces": {
				"north": {"uv": [3, 11, 6, 12], "texture": "#1"},
				"east": {"uv": [3, 11, 6, 12], "texture": "#1"},
				"south": {"uv": [3, 11, 6, 12], "texture": "#1"},
				"west": {"uv": [3, 11, 6, 12], "texture": "#1"},
				"up": {"uv": [12, 4, 15, 7], "rotation": 180, "texture": "#1"},
				"down": {"uv": [12, 4, 15, 7], "rotation": 180, "texture": "#1"}
			}
		},
		{
			"from": [0, 4, 11],
			"to": [5, 5, 16],
			"rotation": {"angle": 0, "axis": "y", "origin": [7.25, 5.25, 8.75]},
			"faces": {
				"north": {"uv": [9, 10, 14, 11], "texture": "#1"},
				"east": {"uv": [9, 10, 14, 11], "texture": "#1"},
				"south": {"uv": [9, 10, 14, 11], "texture": "#1"},
				"west": {"uv": [9, 10, 14, 11], "texture": "#1"},
				"up": {"uv": [9, 1, 14, 6], "rotation": 180, "texture": "#1"},
				"down": {"uv": [9, 1, 14, 6], "rotation": 180, "texture": "#1"}
			}
		},
		{
			"from": [2, 0, 13],
			"to": [3, 4, 14],
			"rotation": {"angle": 0, "axis": "y", "origin": [7.25, 5.25, 8.75]},
			"faces": {
				"north": {"uv": [12, 12, 13, 16], "texture": "#1"},
				"east": {"uv": [12, 12, 13, 16], "texture": "#1"},
				"south": {"uv": [12, 12, 13, 16], "texture": "#1"},
				"west": {"uv": [12, 12, 13, 16], "texture": "#1"},
				"down": {"uv": [12, 15, 13, 16], "rotation": 180, "texture": "#1"}
			}
		},
		{
			"from": [3, 0, 5],
			"to": [5, 1, 7],
			"rotation": {"angle": 0, "axis": "y", "origin": [7.75, 5.25, 8.25]},
			"faces": {
				"north": {"uv": [12, 13, 14, 14], "texture": "#1"},
				"east": {"uv": [12, 13, 14, 14], "texture": "#1"},
				"south": {"uv": [12, 13, 14, 14], "texture": "#1"},
				"west": {"uv": [12, 13, 14, 14], "texture": "#1"},
				"down": {"uv": [12, 11, 14, 13], "rotation": 180, "texture": "#1"}
			}
		},
		{
			"from": [1, 1, 3],
			"to": [7, 2, 9],
			"rotation": {"angle": 0, "axis": "y", "origin": [7.75, 5.25, 8.25]},
			"faces": {
				"north": {"uv": [8, 10, 14, 11], "texture": "#3"},
				"east": {"uv": [8, 10, 14, 11], "texture": "#3"},
				"south": {"uv": [8, 10, 14, 11], "texture": "#3"},
				"west": {"uv": [8, 10, 14, 11], "texture": "#3"},
				"up": {"uv": [9, 1, 15, 7], "rotation": 180, "texture": "#3"},
				"down": {"uv": [9, 1, 15, 7], "rotation": 180, "texture": "#3"}
			}
		}
	]
}