{
	"credit": "Made by TC",
	"ambientocclusion": false,
	"render_type": "minecraft:cutout",
	"textures": {
		"stem": "farmersdelight:block/budding_tomatoes_stage2",
		"bottom": "farmersdelight:block/tomato/tomato_stem_bottom"
	},
	"elements": [
		{
			"name": "Plane",
			"from": [8, -1, 0],
			"to": [8.001, 15, 16],
			"shade": false,
			"rotation": {"angle": 45, "axis": "y", "origin": [8, 8, 8]},
			"faces": {
				"east": {"uv": [0, 0, 16, 16], "texture": "#stem"},
				"west": {"uv": [0, 0, 16, 16], "texture": "#stem"}
			}
		},
		{
			"name": "Plane",
			"from": [8, -1, 0],
			"to": [8.001, 15, 16],
			"shade": false,
			"rotation": {"angle": -45, "axis": "y", "origin": [8, 8, 8]},
			"faces": {
				"east": {"uv": [0, 0, 16, 16], "texture": "#stem"},
				"west": {"uv": [0, 0, 16, 16], "texture": "#stem"}
			}
		},
		{
			"name": "Bottom",
			"from": [6.82844, -0.76789, 0],
			"to": [22.82844, -0.76689, 16],
			"rotation": {"angle": 22.5, "axis": "z", "origin": [8.00019, 2.06147, 8]},
			"faces": {
				"up": {"uv": [16, 16, 0, 1], "rotation": 270, "texture": "#bottom"},
				"down": {"uv": [0, 1, 16, 16], "rotation": 90, "texture": "#bottom"}
			}
		},
		{
			"name": "Bottom",
			"from": [-6.82841, -0.76703, 0],
			"to": [9.17159, -0.76603, 16],
			"rotation": {"angle": -22.5, "axis": "z", "origin": [8.00019, 2.06147, 8]},
			"faces": {
				"up": {"uv": [0, 1, 16, 16], "rotation": 270, "texture": "#bottom"},
				"down": {"uv": [16, 16, 0, 1], "rotation": 90, "texture": "#bottom"}
			}
		}
	]
}