{
	"credit": "Made by TC",
	"render_type": "minecraft:cutout",
	"textures": {
		"0": "farmersdelight:block/cabbage/cabbage_leafs",
		"1": "farmersdelight:block/cabbage/cabbage1",
		"particle": "farmersdelight:block/cabbage/cabbage_leafs"
	},
	"elements": [
		{
			"from": [5.5, -1, 5.5],
			"to": [10.5, 4, 10.5],
			"rotation": {"angle": 0, "axis": "y", "origin": [10.5, -1, 3.5]},
			"faces": {
				"north": {"uv": [0, 4, 5, 9], "texture": "#1"},
				"east": {"uv": [0, 10, 5, 15], "texture": "#1"},
				"south": {"uv": [5, 4, 0, 9], "texture": "#1"},
				"west": {"uv": [6, 4, 11, 9], "texture": "#1"},
				"up": {"uv": [6, 10, 11, 15], "texture": "#1"},
				"down": {"uv": [6, 10, 12, 16], "texture": "#1"}
			}
		},
		{
			"from": [3, -2.09, 9.9472],
			"to": [13, -2.09, 12.9472],
			"rotation": {"angle": -22.5, "axis": "x", "origin": [8, -0.41857, 7.5]},
			"faces": {
				"north": {"uv": [0, 0, 10, 0], "rotation": 180, "texture": "#missing"},
				"east": {"uv": [0, 0, 0, 3], "rotation": 270, "texture": "#missing"},
				"south": {"uv": [0, 0, 10, 0], "texture": "#missing"},
				"west": {"uv": [0, 0, 0, 3], "rotation": 90, "texture": "#missing"},
				"up": {"uv": [0, 10, 10, 7], "rotation": 180, "texture": "#0"},
				"down": {"uv": [0, 7, 10, 10], "rotation": 180, "texture": "#0"}
			}
		},
		{
			"from": [9.9472, -2.09, 3],
			"to": [12.9472, -2.09, 13],
			"rotation": {"angle": 22.5, "axis": "z", "origin": [7.5, -0.41857, 8]},
			"faces": {
				"north": {"uv": [0, 0, 0, 3], "rotation": 270, "texture": "#missing"},
				"east": {"uv": [0, 0, 10, 0], "texture": "#missing"},
				"south": {"uv": [0, 0, 0, 3], "rotation": 90, "texture": "#missing"},
				"west": {"uv": [0, 0, 10, 0], "rotation": 180, "texture": "#missing"},
				"up": {"uv": [0, 13, 10, 10], "rotation": 90, "texture": "#0"},
				"down": {"uv": [10, 13, 0, 10], "rotation": 90, "texture": "#0"}
			}
		},
		{
			"from": [3.0528, -2.09, 3],
			"to": [6.0528, -2.09, 13],
			"rotation": {"angle": -22.5, "axis": "z", "origin": [8.5, -0.41857, 8]},
			"faces": {
				"north": {"uv": [0, 3, 0, 6], "rotation": 270, "texture": "#missing"},
				"east": {"uv": [6, 0, 16, 0], "rotation": 180, "texture": "#missing"},
				"south": {"uv": [0, 3, 0, 6], "rotation": 90, "texture": "#missing"},
				"west": {"uv": [6, 0, 16, 0], "texture": "#missing"},
				"up": {"uv": [0, 4, 10, 7], "rotation": 90, "texture": "#0"},
				"down": {"uv": [0, 4, 10, 7], "rotation": 90, "texture": "#0"}
			}
		},
		{
			"from": [3, -2.09, 3.0528],
			"to": [13, -2.09, 6.0528],
			"rotation": {"angle": 22.5, "axis": "x", "origin": [8, -0.41857, 8.5]},
			"faces": {
				"north": {"uv": [6, 0, 16, 0], "texture": "#missing"},
				"east": {"uv": [0, 3, 0, 6], "rotation": 270, "texture": "#missing"},
				"south": {"uv": [6, 0, 16, 0], "rotation": 180, "texture": "#missing"},
				"west": {"uv": [0, 3, 0, 6], "rotation": 90, "texture": "#missing"},
				"up": {"uv": [0, 13, 10, 16], "rotation": 180, "texture": "#0"},
				"down": {"uv": [0, 16, 10, 13], "rotation": 180, "texture": "#0"}
			}
		},
		{
			"from": [5, -0.07429, 10.09428],
			"to": [11, 2.92571, 10.09428],
			"rotation": {"angle": 22.5, "axis": "x", "origin": [8, -1.41857, 7.25]},
			"faces": {
				"north": {"uv": [13, 10, 16, 16], "rotation": 90, "texture": "#0"},
				"east": {"uv": [0, 0, 0, 3], "texture": "#missing"},
				"south": {"uv": [13, 16, 16, 10], "rotation": 90, "texture": "#0"},
				"west": {"uv": [0, 0, 0, 3], "texture": "#missing"},
				"up": {"uv": [0, 0, 6, 0], "rotation": 180, "texture": "#missing"},
				"down": {"uv": [0, 0, 6, 0], "rotation": 180, "texture": "#missing"}
			}
		},
		{
			"from": [5, -0.07429, 5.90572],
			"to": [11, 2.92571, 5.90572],
			"rotation": {"angle": -22.5, "axis": "x", "origin": [8, -1.41857, 8.75]},
			"faces": {
				"north": {"uv": [13, 16, 16, 10], "rotation": 90, "texture": "#0"},
				"east": {"uv": [0, 0, 0, 3], "texture": "#missing"},
				"south": {"uv": [13, 10, 16, 16], "rotation": 90, "texture": "#0"},
				"west": {"uv": [0, 0, 0, 3], "texture": "#missing"},
				"up": {"uv": [0, 0, 6, 0], "texture": "#missing"},
				"down": {"uv": [0, 0, 6, 0], "texture": "#missing"}
			}
		},
		{
			"from": [10.09428, -0.07429, 5],
			"to": [10.09428, 2.92571, 11],
			"rotation": {"angle": -22.5, "axis": "z", "origin": [7.25, -1.41857, 8]},
			"faces": {
				"north": {"uv": [0, 0, 0, 3], "texture": "#missing"},
				"east": {"uv": [10, 16, 13, 10], "rotation": 90, "texture": "#0"},
				"south": {"uv": [0, 0, 0, 3], "texture": "#missing"},
				"west": {"uv": [10, 10, 13, 16], "rotation": 90, "texture": "#0"},
				"up": {"uv": [0, 0, 6, 0], "rotation": 270, "texture": "#missing"},
				"down": {"uv": [0, 0, 6, 0], "rotation": 90, "texture": "#missing"}
			}
		},
		{
			"from": [5.90572, -0.07429, 5],
			"to": [5.90572, 2.92571, 11],
			"rotation": {"angle": 22.5, "axis": "z", "origin": [8.75, -1.41857, 8]},
			"faces": {
				"north": {"uv": [0, 0, 0, 3], "texture": "#missing"},
				"east": {"uv": [10, 10, 13, 16], "rotation": 90, "texture": "#0"},
				"south": {"uv": [0, 0, 0, 3], "texture": "#missing"},
				"west": {"uv": [10, 16, 13, 10], "rotation": 90, "texture": "#0"},
				"up": {"uv": [0, 0, 6, 0], "rotation": 90, "texture": "#missing"},
				"down": {"uv": [0, 0, 6, 0], "rotation": 270, "texture": "#missing"}
			}
		}
	],
	"groups": [
		0,
		{
			"name": "group",
			"origin": [8, -0.41857, 8],
			"color": 0,
			"children": [1, 2, 3, 4]
		},
		{
			"name": "group",
			"origin": [8.25, -1.41857, 8],
			"color": 0,
			"children": [5, 6, 7, 8]
		}
	]
}