{
	"credit": "Made by TC",
	"render_type": "minecraft:cutout",
	"textures": {
		"0": "farmersdelight:block/cabbage/cabbage_leafs",
		"1": "farmersdelight:block/cabbage/cabbage1",
		"particle": "farmersdelight:block/cabbage/cabbage_leafs"
	},
	"elements": [
		{
			"from": [6.5, -1, 6.5],
			"to": [9.5, 2, 9.5],
			"rotation": {"angle": 0, "axis": "y", "origin": [10.5, -1, 3.5]},
			"faces": {
				"north": {"uv": [7, 4, 10, 7], "texture": "#1"},
				"east": {"uv": [1, 5, 4, 8], "texture": "#1"},
				"south": {"uv": [1, 12, 4, 15], "texture": "#1"},
				"west": {"uv": [4, 5, 1, 8], "texture": "#1"},
				"up": {"uv": [7, 12, 10, 15], "texture": "#1"},
				"down": {"uv": [7, 12, 10, 15], "texture": "#1"}
			}
		},
		{
			"from": [5, -2.09, 8.9472],
			"to": [11, -2.09, 11.9472],
			"rotation": {"angle": -22.5, "axis": "x", "origin": [8, -0.41857, 6.5]},
			"faces": {
				"north": {"uv": [0, 0, 10, 0], "rotation": 180, "texture": "#missing"},
				"east": {"uv": [0, 0, 0, 3], "rotation": 270, "texture": "#missing"},
				"south": {"uv": [0, 0, 10, 0], "texture": "#missing"},
				"west": {"uv": [0, 0, 0, 3], "rotation": 90, "texture": "#missing"},
				"up": {"uv": [1, 10, 7, 7], "rotation": 180, "texture": "#0"},
				"down": {"uv": [1, 7, 7, 10], "rotation": 180, "texture": "#0"}
			}
		},
		{
			"from": [8.9472, -2.09, 5],
			"to": [11.9472, -2.09, 11],
			"rotation": {"angle": 22.5, "axis": "z", "origin": [6.5, -0.41857, 8]},
			"faces": {
				"north": {"uv": [0, 0, 0, 3], "rotation": 270, "texture": "#missing"},
				"east": {"uv": [0, 0, 10, 0], "texture": "#missing"},
				"south": {"uv": [0, 0, 0, 3], "rotation": 90, "texture": "#missing"},
				"west": {"uv": [0, 0, 10, 0], "rotation": 180, "texture": "#missing"},
				"up": {"uv": [1, 13, 7, 10], "rotation": 90, "texture": "#0"},
				"down": {"uv": [1, 13, 7, 10], "rotation": 90, "texture": "#0"}
			}
		},
		{
			"from": [4.0528, -2.09, 5],
			"to": [7.0528, -2.09, 11],
			"rotation": {"angle": -22.5, "axis": "z", "origin": [9.5, -0.41857, 8]},
			"faces": {
				"north": {"uv": [0, 3, 0, 6], "rotation": 270, "texture": "#missing"},
				"east": {"uv": [6, 0, 16, 0], "rotation": 180, "texture": "#missing"},
				"south": {"uv": [0, 3, 0, 6], "rotation": 90, "texture": "#missing"},
				"west": {"uv": [6, 0, 16, 0], "texture": "#missing"},
				"up": {"uv": [1, 4, 7, 7], "rotation": 90, "texture": "#0"},
				"down": {"uv": [1, 4, 7, 7], "rotation": 90, "texture": "#0"}
			}
		},
		{
			"from": [5, -2.09, 4.0528],
			"to": [11, -2.09, 7.0528],
			"rotation": {"angle": 22.5, "axis": "x", "origin": [8, -0.41857, 9.5]},
			"faces": {
				"north": {"uv": [6, 0, 16, 0], "texture": "#missing"},
				"east": {"uv": [0, 3, 0, 6], "rotation": 270, "texture": "#missing"},
				"south": {"uv": [6, 0, 16, 0], "rotation": 180, "texture": "#missing"},
				"west": {"uv": [0, 3, 0, 6], "rotation": 90, "texture": "#missing"},
				"up": {"uv": [1, 13, 7, 16], "rotation": 180, "texture": "#0"},
				"down": {"uv": [1, 16, 7, 13], "rotation": 180, "texture": "#0"}
			}
		},
		{
			"from": [6, -0.07429, 9.09428],
			"to": [10, 2.92571, 9.09428],
			"rotation": {"angle": 22.5, "axis": "x", "origin": [8, -1.41857, 6.25]},
			"faces": {
				"north": {"uv": [13, 12, 16, 16], "rotation": 90, "texture": "#0"},
				"east": {"uv": [0, 0, 0, 3], "texture": "#missing"},
				"south": {"uv": [13, 16, 16, 12], "rotation": 90, "texture": "#0"},
				"west": {"uv": [0, 0, 0, 3], "texture": "#missing"},
				"up": {"uv": [0, 0, 6, 0], "rotation": 180, "texture": "#missing"},
				"down": {"uv": [0, 0, 6, 0], "rotation": 180, "texture": "#missing"}
			}
		},
		{
			"from": [6, -0.07429, 6.90572],
			"to": [10, 2.92571, 6.90572],
			"rotation": {"angle": -22.5, "axis": "x", "origin": [8, -1.41857, 9.75]},
			"faces": {
				"north": {"uv": [10, 16, 13, 12], "rotation": 90, "texture": "#0"},
				"east": {"uv": [0, 0, 0, 3], "texture": "#missing"},
				"south": {"uv": [10, 12, 13, 16], "rotation": 90, "texture": "#0"},
				"west": {"uv": [0, 0, 0, 3], "texture": "#missing"},
				"up": {"uv": [0, 0, 6, 0], "texture": "#missing"},
				"down": {"uv": [0, 0, 6, 0], "texture": "#missing"}
			}
		},
		{
			"from": [9.09428, -0.07429, 6],
			"to": [9.09428, 2.92571, 10],
			"rotation": {"angle": -22.5, "axis": "z", "origin": [6.25, -1.41857, 8]},
			"faces": {
				"north": {"uv": [0, 0, 0, 3], "texture": "#missing"},
				"east": {"uv": [10, 14, 13, 10], "rotation": 90, "texture": "#0"},
				"south": {"uv": [0, 0, 0, 3], "texture": "#missing"},
				"west": {"uv": [10, 10, 13, 14], "rotation": 90, "texture": "#0"},
				"up": {"uv": [0, 0, 6, 0], "rotation": 270, "texture": "#missing"},
				"down": {"uv": [0, 0, 6, 0], "rotation": 90, "texture": "#missing"}
			}
		},
		{
			"from": [6.90572, -0.07429, 6],
			"to": [6.90572, 2.92571, 10],
			"rotation": {"angle": 22.5, "axis": "z", "origin": [9.75, -1.41857, 8]},
			"faces": {
				"north": {"uv": [10, 12, 13, 16], "rotation": 90, "texture": "#0"},
				"east": {"uv": [10, 16, 13, 12], "rotation": 90, "texture": "#0"},
				"south": {"uv": [10, 12, 13, 16], "rotation": 90, "texture": "#0"},
				"west": {"uv": [10, 12, 13, 16], "rotation": 90, "texture": "#0"},
				"up": {"uv": [10, 12, 13, 16], "rotation": 90, "texture": "#0"},
				"down": {"uv": [10, 12, 13, 16], "rotation": 90, "texture": "#0"}
			}
		}
	],
	"groups": [
		0,
		{
			"name": "group",
			"origin": [8, -0.41857, 8],
			"color": 0,
			"children": [1, 2, 3, 4]
		},
		{
			"name": "group",
			"origin": [8.25, -1.41857, 8],
			"color": 0,
			"children": [5, 6, 7, 8]
		}
	]
}