{
	"credit": "Made by TC",
	"render_type": "minecraft:cutout",
	"textures": {
		"0": "farmersdelight:block/cabbage/cabbage_leafs",
		"particle": "farmersdelight:block/cabbage/cabbage_leafs"
	},
	"elements": [
		{
			"from": [6, -2.09, 7.9472],
			"to": [10, -2.09, 10.9472],
			"rotation": {"angle": -22.5, "axis": "x", "origin": [8, -0.41857, 5.5]},
			"faces": {
				"north": {"uv": [0, 0, 10, 0], "rotation": 180, "texture": "#missing"},
				"east": {"uv": [0, 0, 0, 3], "rotation": 270, "texture": "#missing"},
				"south": {"uv": [0, 0, 10, 0], "texture": "#missing"},
				"west": {"uv": [0, 0, 0, 3], "rotation": 90, "texture": "#missing"},
				"up": {"uv": [4, 10, 8, 7], "rotation": 180, "texture": "#0"},
				"down": {"uv": [1, 7, 7, 10], "rotation": 180, "texture": "#0"}
			}
		},
		{
			"from": [7.9472, -2.09, 6],
			"to": [10.9472, -2.09, 10],
			"rotation": {"angle": 22.5, "axis": "z", "origin": [5.5, -0.41857, 8]},
			"faces": {
				"north": {"uv": [0, 0, 0, 3], "rotation": 270, "texture": "#missing"},
				"east": {"uv": [0, 0, 10, 0], "texture": "#missing"},
				"south": {"uv": [0, 0, 0, 3], "rotation": 90, "texture": "#missing"},
				"west": {"uv": [0, 0, 10, 0], "rotation": 180, "texture": "#missing"},
				"up": {"uv": [2, 13, 6, 10], "rotation": 90, "texture": "#0"},
				"down": {"uv": [1, 13, 7, 10], "rotation": 90, "texture": "#0"}
			}
		},
		{
			"from": [5.0528, -2.09, 6],
			"to": [8.0528, -2.09, 10],
			"rotation": {"angle": -22.5, "axis": "z", "origin": [10.5, -0.41857, 8]},
			"faces": {
				"north": {"uv": [0, 3, 0, 6], "rotation": 270, "texture": "#missing"},
				"east": {"uv": [6, 0, 16, 0], "rotation": 180, "texture": "#missing"},
				"south": {"uv": [0, 3, 0, 6], "rotation": 90, "texture": "#missing"},
				"west": {"uv": [6, 0, 16, 0], "texture": "#missing"},
				"up": {"uv": [4, 4, 8, 7], "rotation": 90, "texture": "#0"},
				"down": {"uv": [1, 4, 7, 7], "rotation": 90, "texture": "#0"}
			}
		},
		{
			"from": [6, -2.09, 5.0528],
			"to": [10, -2.09, 8.0528],
			"rotation": {"angle": 22.5, "axis": "x", "origin": [8, -0.41857, 10.5]},
			"faces": {
				"north": {"uv": [6, 0, 16, 0], "texture": "#missing"},
				"east": {"uv": [0, 3, 0, 6], "rotation": 270, "texture": "#missing"},
				"south": {"uv": [6, 0, 16, 0], "rotation": 180, "texture": "#missing"},
				"west": {"uv": [0, 3, 0, 6], "rotation": 90, "texture": "#missing"},
				"up": {"uv": [2, 13, 6, 16], "rotation": 180, "texture": "#0"},
				"down": {"uv": [1, 16, 7, 13], "rotation": 180, "texture": "#0"}
			}
		},
		{
			"from": [7.25, -1.25, 7.25],
			"to": [7.25, 1.75, 9.25],
			"rotation": {"angle": 45, "axis": "y", "origin": [7.25, -1.25, 7.25]},
			"faces": {
				"north": {"uv": [0, 0, 0, 3], "texture": "#missing"},
				"east": {"uv": [3, 12, 5, 15], "texture": "#0"},
				"south": {"uv": [0, 0, 0, 3], "texture": "#missing"},
				"west": {"uv": [5, 12, 3, 15], "texture": "#0"},
				"up": {"uv": [0, 0, 0, 2], "texture": "#missing"},
				"down": {"uv": [0, 0, 0, 2], "texture": "#missing"}
			}
		},
		{
			"from": [6.95711, -1.25, 7.95711],
			"to": [8.95711, 2.75, 7.95711],
			"rotation": {"angle": 45, "axis": "y", "origin": [7.95711, 0.75, 7.95711]},
			"faces": {
				"north": {"uv": [13, 12, 15, 16], "texture": "#0"},
				"east": {"uv": [0, 0, 0, 3], "texture": "#missing"},
				"south": {"uv": [15, 12, 13, 16], "texture": "#0"},
				"west": {"uv": [0, 0, 0, 3], "texture": "#missing"},
				"up": {"uv": [0, 0, 0, 2], "rotation": 270, "texture": "#missing"},
				"down": {"uv": [0, 0, 0, 2], "rotation": 90, "texture": "#missing"}
			}
		}
	],
	"groups": [
		{
			"name": "group",
			"origin": [8, -0.41857, 8],
			"color": 0,
			"children": [0, 1, 2, 3]
		},
		{
			"name": "group",
			"origin": [8.25, -1.41857, 8],
			"color": 0,
			"children": [4, 5]
		}
	]
}