{
	"credit": "Made by TC",
	"render_type": "minecraft:cutout",
	"textures": {
		"0": "farmersdelight:block/cabbage/cabbage_leafs",
		"1": "farmersdelight:block/cabbage/cabbage",
		"particle": "farmersdelight:block/cabbage/cabbage_leafs"
	},
	"elements": [
		{
			"from": [4, -1, 4],
			"to": [12, 6, 12],
			"rotation": {"angle": 0, "axis": "y", "origin": [11, -1, 4]},
			"faces": {
				"north": {"uv": [0, 9, 8, 16], "texture": "#1"},
				"east": {"uv": [0, 9, 8, 16], "texture": "#1"},
				"south": {"uv": [0, 9, 8, 16], "texture": "#1"},
				"west": {"uv": [0, 9, 8, 16], "texture": "#1"},
				"up": {"uv": [0, 1, 8, 9], "texture": "#1"},
				"down": {"uv": [0, 1, 8, 9], "texture": "#1"}
			}
		},
		{
			"from": [3, -2.09, 11.4472],
			"to": [13, -2.09, 14.4472],
			"rotation": {"angle": -22.5, "axis": "x", "origin": [8, -0.41857, 9]},
			"faces": {
				"north": {"uv": [0, 0, 10, 0], "rotation": 180, "texture": "#missing"},
				"east": {"uv": [0, 0, 0, 3], "rotation": 270, "texture": "#missing"},
				"south": {"uv": [0, 0, 10, 0], "texture": "#missing"},
				"west": {"uv": [0, 0, 0, 3], "rotation": 90, "texture": "#missing"},
				"up": {"uv": [0, 10, 10, 7], "rotation": 180, "texture": "#0"},
				"down": {"uv": [0, 7, 10, 10], "rotation": 180, "texture": "#0"}
			}
		},
		{
			"from": [11.4472, -2.09, 3],
			"to": [14.4472, -2.09, 13],
			"rotation": {"angle": 22.5, "axis": "z", "origin": [9, -0.41857, 8]},
			"faces": {
				"north": {"uv": [0, 0, 0, 3], "rotation": 270, "texture": "#missing"},
				"east": {"uv": [0, 0, 10, 0], "texture": "#missing"},
				"south": {"uv": [0, 0, 0, 3], "rotation": 90, "texture": "#missing"},
				"west": {"uv": [0, 0, 10, 0], "rotation": 180, "texture": "#missing"},
				"up": {"uv": [0, 13, 10, 10], "rotation": 90, "texture": "#0"},
				"down": {"uv": [10, 13, 0, 10], "rotation": 90, "texture": "#0"}
			}
		},
		{
			"from": [1.5528, -2.09, 3],
			"to": [4.5528, -2.09, 13],
			"rotation": {"angle": -22.5, "axis": "z", "origin": [7, -0.41857, 8]},
			"faces": {
				"north": {"uv": [0, 3, 0, 6], "rotation": 270, "texture": "#missing"},
				"east": {"uv": [6, 0, 16, 0], "rotation": 180, "texture": "#missing"},
				"south": {"uv": [0, 3, 0, 6], "rotation": 90, "texture": "#missing"},
				"west": {"uv": [6, 0, 16, 0], "texture": "#missing"},
				"up": {"uv": [0, 4, 10, 7], "rotation": 90, "texture": "#0"},
				"down": {"uv": [0, 7, 10, 4], "rotation": 90, "texture": "#0"}
			}
		},
		{
			"from": [3, -2.09, 1.5528],
			"to": [13, -2.09, 4.5528],
			"rotation": {"angle": 22.5, "axis": "x", "origin": [8, -0.41857, 7]},
			"faces": {
				"north": {"uv": [6, 0, 16, 0], "texture": "#missing"},
				"east": {"uv": [0, 3, 0, 6], "rotation": 270, "texture": "#missing"},
				"south": {"uv": [6, 0, 16, 0], "rotation": 180, "texture": "#missing"},
				"west": {"uv": [0, 3, 0, 6], "rotation": 90, "texture": "#missing"},
				"up": {"uv": [0, 13, 10, 16], "rotation": 180, "texture": "#0"},
				"down": {"uv": [0, 16, 10, 13], "rotation": 180, "texture": "#0"}
			}
		},
		{
			"from": [5, -0.07429, 11.59428],
			"to": [11, 2.92571, 11.59428],
			"rotation": {"angle": 22.5, "axis": "x", "origin": [8, -1.41857, 8.75]},
			"faces": {
				"north": {"uv": [13, 10, 16, 16], "rotation": 90, "texture": "#0"},
				"east": {"uv": [0, 0, 0, 3], "texture": "#missing"},
				"south": {"uv": [13, 16, 16, 10], "rotation": 90, "texture": "#0"},
				"west": {"uv": [0, 0, 0, 3], "texture": "#missing"},
				"up": {"uv": [0, 0, 6, 0], "rotation": 180, "texture": "#missing"},
				"down": {"uv": [0, 0, 6, 0], "rotation": 180, "texture": "#missing"}
			}
		},
		{
			"from": [5, -0.07429, 4.40572],
			"to": [11, 2.92571, 4.40572],
			"rotation": {"angle": -22.5, "axis": "x", "origin": [8, -1.41857, 7.25]},
			"faces": {
				"north": {"uv": [13, 16, 16, 10], "rotation": 90, "texture": "#0"},
				"east": {"uv": [0, 0, 0, 3], "texture": "#missing"},
				"south": {"uv": [13, 10, 16, 16], "rotation": 90, "texture": "#0"},
				"west": {"uv": [0, 0, 0, 3], "texture": "#missing"},
				"up": {"uv": [0, 0, 6, 0], "texture": "#missing"},
				"down": {"uv": [0, 0, 6, 0], "texture": "#missing"}
			}
		},
		{
			"from": [11.59428, -0.07429, 5],
			"to": [11.59428, 2.92571, 11],
			"rotation": {"angle": -22.5, "axis": "z", "origin": [8.75, -1.41857, 8]},
			"faces": {
				"north": {"uv": [0, 0, 0, 3], "texture": "#missing"},
				"east": {"uv": [10, 16, 13, 10], "rotation": 90, "texture": "#0"},
				"south": {"uv": [0, 0, 0, 3], "texture": "#missing"},
				"west": {"uv": [10, 10, 13, 16], "rotation": 90, "texture": "#0"},
				"up": {"uv": [0, 0, 6, 0], "rotation": 270, "texture": "#missing"},
				"down": {"uv": [0, 0, 6, 0], "rotation": 90, "texture": "#missing"}
			}
		},
		{
			"from": [4.40572, -0.07429, 5],
			"to": [4.40572, 2.92571, 11],
			"rotation": {"angle": 22.5, "axis": "z", "origin": [7.25, -1.41857, 8]},
			"faces": {
				"north": {"uv": [0, 0, 0, 3], "texture": "#missing"},
				"east": {"uv": [10, 10, 13, 16], "rotation": 90, "texture": "#0"},
				"south": {"uv": [0, 0, 0, 3], "texture": "#missing"},
				"west": {"uv": [10, 16, 13, 10], "rotation": 90, "texture": "#0"},
				"up": {"uv": [0, 0, 6, 0], "rotation": 90, "texture": "#missing"},
				"down": {"uv": [0, 0, 6, 0], "rotation": 270, "texture": "#missing"}
			}
		}
	],
	"groups": [
		0,
		{
			"name": "group",
			"origin": [8, -0.41857, 8],
			"color": 0,
			"children": [1, 2, 3, 4]
		},
		{
			"name": "group",
			"origin": [8.25, -1.41857, 8],
			"color": 0,
			"children": [5, 6, 7, 8]
		}
	]
}