{
	"credit": "Made by TC",
	"render_type": "minecraft:cutout",
	"textures": {
		"0": "farmersdelight:block/cabbage/cabbage_leafs",
		"particle": "farmersdelight:block/cabbage/cabbage_leafs"
	},
	"elements": [
		{
			"from": [7.4472, -2.09, 6],
			"to": [9.4472, -2.09, 8],
			"rotation": {"angle": 22.5, "axis": "z", "origin": [4.5, -0.41857, 8]},
			"faces": {
				"north": {"uv": [0, 0, 0, 3], "rotation": 270, "texture": "#missing"},
				"east": {"uv": [0, 0, 10, 0], "texture": "#missing"},
				"south": {"uv": [0, 0, 0, 3], "rotation": 90, "texture": "#missing"},
				"west": {"uv": [0, 0, 10, 0], "rotation": 180, "texture": "#missing"},
				"up": {"uv": [14, 15, 16, 13], "rotation": 90, "texture": "#0"},
				"down": {"uv": [16, 13, 14, 15], "texture": "#0"}
			}
		},
		{
			"from": [7.53637, -0.20224, 8],
			"to": [10.53637, -0.20224, 11],
			"rotation": {"angle": -22.5, "axis": "x", "origin": [8.53637, -0.20224, 9]},
			"faces": {
				"north": {"uv": [0, 0, 0, 3], "rotation": 270, "texture": "#missing"},
				"east": {"uv": [0, 0, 10, 0], "texture": "#missing"},
				"south": {"uv": [0, 0, 0, 3], "rotation": 90, "texture": "#missing"},
				"west": {"uv": [0, 0, 10, 0], "rotation": 180, "texture": "#missing"},
				"up": {"uv": [13, 16, 16, 13], "rotation": 270, "texture": "#0"},
				"down": {"uv": [16, 13, 13, 16], "texture": "#0"}
			}
		},
		{
			"from": [6.5528, -1.34, 8],
			"to": [8.5528, -1.34, 10],
			"rotation": {"angle": -22.5, "axis": "z", "origin": [11, 0.33143, 8]},
			"faces": {
				"north": {"uv": [0, 3, 0, 6], "rotation": 270, "texture": "#missing"},
				"east": {"uv": [6, 0, 16, 0], "rotation": 180, "texture": "#missing"},
				"south": {"uv": [0, 3, 0, 6], "rotation": 90, "texture": "#missing"},
				"west": {"uv": [6, 0, 16, 0], "texture": "#missing"},
				"up": {"uv": [2, 5, 4, 7], "rotation": 180, "texture": "#0"},
				"down": {"uv": [2, 7, 4, 5], "rotation": 180, "texture": "#0"}
			}
		},
		{
			"from": [4.92557, -0.39358, 5],
			"to": [7.92557, -0.39358, 8],
			"rotation": {"angle": -22.5, "axis": "z", "origin": [6.92557, -0.39358, 7]},
			"faces": {
				"north": {"uv": [6, 0, 16, 0], "texture": "#missing"},
				"east": {"uv": [0, 3, 0, 6], "rotation": 270, "texture": "#missing"},
				"south": {"uv": [6, 0, 16, 0], "rotation": 180, "texture": "#missing"},
				"west": {"uv": [0, 3, 0, 6], "rotation": 90, "texture": "#missing"},
				"up": {"uv": [2, 10, 5, 13], "rotation": 180, "texture": "#0"},
				"down": {"uv": [2, 10, 5, 13], "rotation": 90, "texture": "#0"}
			}
		},
		{
			"from": [7.25, -1.25, 7.25],
			"to": [7.25, 1.75, 9.25],
			"rotation": {"angle": 45, "axis": "y", "origin": [7.25, -1.25, 7.25]},
			"faces": {
				"north": {"uv": [0, 0, 0, 3], "texture": "#missing"},
				"east": {"uv": [13, 13, 15, 16], "texture": "#0"},
				"south": {"uv": [0, 0, 0, 3], "texture": "#missing"},
				"west": {"uv": [15, 13, 13, 16], "texture": "#0"},
				"up": {"uv": [0, 0, 0, 2], "texture": "#missing"},
				"down": {"uv": [0, 0, 0, 2], "texture": "#missing"}
			}
		},
		{
			"from": [6.95711, -1.25, 7.95711],
			"to": [8.95711, 2.75, 7.95711],
			"rotation": {"angle": 45, "axis": "y", "origin": [7.95711, 0.75, 7.95711]},
			"faces": {
				"north": {"uv": [13, 12, 15, 16], "texture": "#0"},
				"east": {"uv": [0, 0, 0, 3], "texture": "#missing"},
				"south": {"uv": [15, 12, 13, 16], "texture": "#0"},
				"west": {"uv": [0, 0, 0, 3], "texture": "#missing"},
				"up": {"uv": [0, 0, 0, 2], "rotation": 270, "texture": "#missing"},
				"down": {"uv": [0, 0, 0, 2], "rotation": 90, "texture": "#missing"}
			}
		}
	],
	"groups": [
		{
			"name": "group",
			"origin": [8, -0.41857, 8],
			"color": 0,
			"children": [0, 1, 2, 3]
		},
		{
			"name": "group",
			"origin": [8.25, -1.41857, 8],
			"color": 0,
			"children": [4, 5]
		}
	]
}