{
	"credit": "Made by TC",
	"parent": "minecraft:block/orientable",
	"textures": {
		"front": "farmersdelight:block/cherry_cabinet_front",
		"top": "farmersdelight:block/cherry_cabinet_top",
		"particle": "farmersdelight:block/cherry_cabinet_front_open"
	},
	"elements": [
		{
			"from": [0, 0, 0],
			"to": [16, 16, 16],
			"faces": {
				"north": {"uv": [0, 0, 16, 16], "texture": "#front"},
				"east": {"uv": [0, 0, 16, 16], "texture": "#top"},
				"south": {"uv": [0, 0, 16, 16], "texture": "#top"},
				"west": {"uv": [0, 0, 16, 16], "texture": "#top"},
				"up": {"uv": [0, 0, 16, 16], "texture": "#top"},
				"down": {"uv": [0, 0, 16, 16], "texture": "#top"}
			}
		},
		{
			"from": [2, 2, -1],
			"to": [7, 14, 0],
			"rotation": {"angle": 0, "axis": "y", "origin": [2, 2, -1]},
			"faces": {
				"north": {"uv": [9, 2, 14, 14], "texture": "#front"},
				"east": {"uv": [9, 2, 10, 14], "texture": "#front"},
				"south": {"uv": [9, 2, 14, 14], "texture": "#front"},
				"west": {"uv": [13, 2, 14, 14], "texture": "#front"},
				"up": {"uv": [9, 2, 14, 3], "texture": "#front"},
				"down": {"uv": [9, 13, 14, 14], "texture": "#front"}
			}
		},
		{
			"from": [9, 2, -1],
			"to": [14, 14, 0],
			"rotation": {"angle": 0, "axis": "y", "origin": [9, 2, -1]},
			"faces": {
				"north": {"uv": [2, 2, 7, 14], "texture": "#front"},
				"east": {"uv": [2, 2, 3, 14], "texture": "#front"},
				"south": {"uv": [2, 2, 7, 14], "texture": "#front"},
				"west": {"uv": [6, 2, 7, 14], "texture": "#front"},
				"up": {"uv": [2, 2, 7, 3], "texture": "#front"},
				"down": {"uv": [2, 13, 7, 14], "texture": "#front"}
			}
		}
	]
}