{
	"credit": "Made with Blockbench",
	"textures": {
		"4": "farmersdelight:block/cake_plate",
		"bottom": "farmersdelight:block/pie_bottom",
		"inner": "farmersdelight:block/chocolate_pie_inner",
		"side": "farmersdelight:block/pie_side",
		"particle": "farmersdelight:block/chocolate_pie_top",
		"top": "farmersdelight:block/chocolate_pie_top"
	},
	"elements": [
		{
			"from": [2, 1, 2],
			"to": [14, 5, 8],
			"rotation": {"angle": 0, "axis": "y", "origin": [0, 1, 0]},
			"faces": {
				"north": {"uv": [2, 12, 14, 16], "texture": "#side"},
				"east": {"uv": [8, 12, 14, 16], "texture": "#side"},
				"south": {"uv": [2, 12, 14, 16], "texture": "#inner"},
				"west": {"uv": [2, 12, 8, 16], "texture": "#side"},
				"up": {"uv": [2, 2, 14, 8], "texture": "#top"},
				"down": {"uv": [2, 8, 14, 14], "texture": "#bottom", "cullface": "down"}
			}
		},
		{
			"from": [1, 0, 1],
			"to": [15, 1, 15],
			"faces": {
				"north": {"uv": [15, 1, 1, 2], "texture": "#4"},
				"east": {"uv": [14, 1, 15, 15], "rotation": 90, "texture": "#4"},
				"south": {"uv": [1, 14, 15, 15], "texture": "#4"},
				"west": {"uv": [1, 15, 2, 1], "rotation": 90, "texture": "#4"},
				"up": {"uv": [1, 1, 15, 15], "texture": "#4"},
				"down": {"uv": [1, 1, 15, 15], "texture": "#4"}
			}
		},
		{
			"from": [6, 5, 6],
			"to": [10, 6, 8],
			"rotation": {"angle": 0, "axis": "y", "origin": [0, 1, 0]},
			"faces": {
				"north": {"uv": [6, 11, 10, 12], "texture": "#inner"},
				"east": {"uv": [8, 11, 10, 12], "texture": "#inner"},
				"south": {"uv": [6, 11, 10, 12], "texture": "#inner"},
				"west": {"uv": [6, 11, 8, 12], "texture": "#inner"},
				"up": {"uv": [6, 7, 10, 9], "texture": "#inner"}
			}
		}
	]
}