{
	"credit": "Made by TC",
	"parent": "minecraft:block/orientable",
	"textures": {
		"3": "farmersdelight:block/crimson_cabinet_front_open",
		"particle": "farmersdelight:block/crimson_cabinet_front_open",
		"front": "farmersdelight:block/crimson_cabinet_front",
		"side": "farmersdelight:block/crimson_cabinet_side",
		"top": "farmersdelight:block/crimson_cabinet_top"
	},
	"elements": [
		{
			"from": [0, 0, 0],
			"to": [16, 16, 16],
			"faces": {
				"north": {"uv": [0, 0, 16, 16], "texture": "#3"},
				"east": {"uv": [0, 0, 16, 16], "texture": "#side"},
				"south": {"uv": [0, 0, 16, 16], "texture": "#side"},
				"west": {"uv": [0, 0, 16, 16], "texture": "#side"},
				"up": {"uv": [0, 0, 16, 16], "texture": "#top"},
				"down": {"uv": [0, 0, 16, 16], "texture": "#top"}
			}
		},
		{
			"from": [14, 2, -5.75],
			"to": [15, 14, -4.75],
			"rotation": {"angle": 0, "axis": "y", "origin": [14.5, 8, -2.75]},
			"faces": {
				"north": {"uv": [6, 2, 7, 14], "texture": "#front"},
				"east": {"uv": [6, 2, 7, 14], "texture": "#front"},
				"south": {"uv": [6, 2, 7, 14], "texture": "#front"},
				"west": {"uv": [6, 2, 7, 14], "texture": "#front"}
			}
		},
		{
			"from": [14, 1, -5.75],
			"to": [15, 2, 0.25],
			"rotation": {"angle": 0, "axis": "y", "origin": [14.5, 8, -2.75]},
			"faces": {
				"north": {"uv": [6, 14, 7, 15], "texture": "#front"},
				"east": {"uv": [1, 14, 7, 15], "texture": "#front"},
				"south": {"uv": [1, 14, 2, 15], "texture": "#front"},
				"west": {"uv": [0, 0, 7, 1], "texture": "#front"},
				"up": {"uv": [1, 14, 7, 15], "rotation": 90, "texture": "#front"},
				"down": {"uv": [7, 14, 1, 15], "rotation": 270, "texture": "#front"}
			}
		},
		{
			"from": [14, 14, -5.75],
			"to": [15, 15, 0.25],
			"rotation": {"angle": 0, "axis": "y", "origin": [14.5, 8, -2.75]},
			"faces": {
				"north": {"uv": [6, 1, 7, 2], "texture": "#front"},
				"east": {"uv": [1, 1, 7, 2], "texture": "#front"},
				"south": {"uv": [1, 1, 2, 2], "texture": "#front"},
				"west": {"uv": [1, 1, 7, 2], "texture": "#front"},
				"up": {"uv": [7, 1, 1, 2], "rotation": 90, "texture": "#front"},
				"down": {"uv": [1, 1, 7, 2], "rotation": 270, "texture": "#front"}
			}
		},
		{
			"from": [14, 10, -4.75],
			"to": [15, 13, -0.75],
			"rotation": {"angle": 0, "axis": "y", "origin": [14.5, 8, -2.75]},
			"faces": {
				"east": {"uv": [2, 3, 6, 6], "texture": "#front"},
				"west": {"uv": [2, 3, 6, 6], "texture": "#front"},
				"up": {"uv": [2, 3, 6, 4], "rotation": 90, "texture": "#front"},
				"down": {"uv": [2, 5, 6, 6], "rotation": 270, "texture": "#front"}
			}
		},
		{
			"from": [14, 7, -3.75],
			"to": [15, 10, -2.75],
			"rotation": {"angle": 0, "axis": "y", "origin": [14.5, 8, -2.75]},
			"faces": {
				"north": {"uv": [4, 6, 5, 9], "texture": "#front"},
				"east": {"uv": [4, 6, 5, 9], "texture": "#front"},
				"south": {"uv": [4, 6, 5, 9], "texture": "#front"},
				"west": {"uv": [4, 6, 5, 9], "texture": "#front"},
				"down": {"uv": [4, 8, 5, 9], "rotation": 270, "texture": "#front"}
			}
		},
		{
			"from": [14, 7, -4.75],
			"to": [15, 8, -3.75],
			"rotation": {"angle": 0, "axis": "y", "origin": [14.5, 8, -2.75]},
			"faces": {
				"east": {"uv": [5, 8, 6, 9], "texture": "#front"},
				"west": {"uv": [5, 8, 6, 9], "texture": "#front"},
				"up": {"uv": [5, 8, 6, 9], "rotation": 90, "texture": "#front"},
				"down": {"uv": [5, 8, 6, 9], "rotation": 270, "texture": "#front"}
			}
		},
		{
			"from": [14, 9, -4.75],
			"to": [15, 10, -3.75],
			"rotation": {"angle": 0, "axis": "y", "origin": [14.5, 8, -2.75]},
			"faces": {
				"east": {"uv": [5, 6, 6, 7], "texture": "#front"},
				"west": {"uv": [5, 6, 6, 7], "texture": "#front"},
				"down": {"uv": [5, 6, 6, 7], "rotation": 270, "texture": "#front"}
			}
		},
		{
			"from": [14, 3, -4.75],
			"to": [15, 6, -0.75],
			"rotation": {"angle": 0, "axis": "y", "origin": [14.5, 8, -2.75]},
			"faces": {
				"east": {"uv": [2, 10, 6, 13], "texture": "#front"},
				"west": {"uv": [2, 10, 6, 13], "texture": "#front"},
				"up": {"uv": [2, 10, 6, 11], "rotation": 90, "texture": "#front"},
				"down": {"uv": [2, 12, 6, 13], "rotation": 270, "texture": "#front"}
			}
		},
		{
			"from": [14, 2, -0.75],
			"to": [15, 14, 0.25],
			"rotation": {"angle": 0, "axis": "y", "origin": [14.5, 8, -2.75]},
			"faces": {
				"north": {"uv": [1, 2, 2, 14], "texture": "#front"},
				"east": {"uv": [1, 2, 2, 14], "texture": "#front"},
				"south": {"uv": [1, 2, 2, 14], "texture": "#front"},
				"west": {"uv": [1, 2, 2, 14], "texture": "#front"}
			}
		},
		{
			"from": [1, 2, -6],
			"to": [2, 14, -5],
			"rotation": {"angle": 0, "axis": "y", "origin": [1.5, 8, -3]},
			"faces": {
				"north": {"uv": [7, 2, 6, 14], "texture": "#front"},
				"east": {"uv": [7, 2, 6, 14], "texture": "#front"},
				"south": {"uv": [7, 2, 6, 14], "texture": "#front"},
				"west": {"uv": [7, 2, 6, 14], "texture": "#front"}
			}
		},
		{
			"from": [1, 1, -6],
			"to": [2, 2, 0],
			"rotation": {"angle": 0, "axis": "y", "origin": [1.5, 8, -3]},
			"faces": {
				"north": {"uv": [7, 14, 6, 15], "texture": "#front"},
				"east": {"uv": [7, 0, 0, 1], "texture": "#front"},
				"south": {"uv": [2, 14, 1, 15], "texture": "#front"},
				"west": {"uv": [7, 14, 1, 15], "texture": "#front"},
				"up": {"uv": [7, 14, 1, 15], "rotation": 270, "texture": "#front"},
				"down": {"uv": [1, 14, 7, 15], "rotation": 90, "texture": "#front"}
			}
		},
		{
			"from": [1, 14, -6],
			"to": [2, 15, 0],
			"rotation": {"angle": 0, "axis": "y", "origin": [1.5, 8, -3]},
			"faces": {
				"north": {"uv": [7, 1, 6, 2], "texture": "#front"},
				"east": {"uv": [7, 1, 1, 2], "texture": "#front"},
				"south": {"uv": [2, 1, 1, 2], "texture": "#front"},
				"west": {"uv": [7, 1, 1, 2], "texture": "#front"},
				"up": {"uv": [1, 1, 7, 2], "rotation": 270, "texture": "#front"},
				"down": {"uv": [7, 1, 1, 2], "rotation": 90, "texture": "#front"}
			}
		},
		{
			"from": [1, 10, -5],
			"to": [2, 13, -1],
			"rotation": {"angle": 0, "axis": "y", "origin": [1.5, 8, -3]},
			"faces": {
				"east": {"uv": [6, 3, 2, 6], "texture": "#front"},
				"west": {"uv": [6, 3, 2, 6], "texture": "#front"},
				"up": {"uv": [6, 3, 2, 4], "rotation": 270, "texture": "#front"},
				"down": {"uv": [6, 5, 2, 6], "rotation": 90, "texture": "#front"}
			}
		},
		{
			"from": [1, 7, -4],
			"to": [2, 10, -3],
			"rotation": {"angle": 0, "axis": "y", "origin": [1.5, 8, -3]},
			"faces": {
				"north": {"uv": [5, 6, 4, 9], "texture": "#front"},
				"east": {"uv": [5, 6, 4, 9], "texture": "#front"},
				"south": {"uv": [5, 6, 4, 9], "texture": "#front"},
				"west": {"uv": [5, 6, 4, 9], "texture": "#front"},
				"down": {"uv": [5, 8, 4, 9], "rotation": 90, "texture": "#front"}
			}
		},
		{
			"from": [1, 7, -5],
			"to": [2, 8, -4],
			"rotation": {"angle": 0, "axis": "y", "origin": [1.5, 8, -3]},
			"faces": {
				"east": {"uv": [6, 8, 5, 9], "texture": "#front"},
				"west": {"uv": [6, 8, 5, 9], "texture": "#front"},
				"up": {"uv": [6, 8, 5, 9], "rotation": 270, "texture": "#front"},
				"down": {"uv": [6, 8, 5, 9], "rotation": 90, "texture": "#front"}
			}
		},
		{
			"from": [1, 9, -5],
			"to": [2, 10, -4],
			"rotation": {"angle": 0, "axis": "y", "origin": [1.5, 8, -3]},
			"faces": {
				"east": {"uv": [6, 6, 5, 7], "texture": "#front"},
				"west": {"uv": [6, 6, 5, 7], "texture": "#front"},
				"down": {"uv": [6, 6, 5, 7], "rotation": 90, "texture": "#front"}
			}
		},
		{
			"from": [1, 3, -5],
			"to": [2, 6, -1],
			"rotation": {"angle": 0, "axis": "y", "origin": [1.5, 8, -3]},
			"faces": {
				"east": {"uv": [6, 10, 2, 13], "texture": "#front"},
				"west": {"uv": [6, 10, 2, 13], "texture": "#front"},
				"up": {"uv": [6, 10, 2, 11], "rotation": 270, "texture": "#front"},
				"down": {"uv": [6, 12, 2, 13], "rotation": 90, "texture": "#front"}
			}
		},
		{
			"from": [1, 2, -1],
			"to": [2, 14, 0],
			"rotation": {"angle": 0, "axis": "y", "origin": [1.5, 8, -3]},
			"faces": {
				"north": {"uv": [2, 2, 1, 14], "texture": "#front"},
				"east": {"uv": [2, 2, 1, 14], "texture": "#front"},
				"south": {"uv": [2, 2, 1, 14], "texture": "#front"},
				"west": {"uv": [2, 2, 1, 14], "texture": "#front"}
			}
		}
	],
	"groups": [
		0,
		{
			"name": "group",
			"origin": [9, 2, -2],
			"color": 0,
			"children": []
		},
		1,
		2,
		3,
		4,
		5,
		6,
		7,
		8,
		9,
		{
			"name": "group",
			"origin": [9, 2, -2],
			"color": 0,
			"children": [10, 11, 12, 13, 14, 15, 16, 17, 18]
		}
	]
}