{
	"credit": "Made by TC",
	"parent": "minecraft:block/orientable",
	"textures": {
		"3": "farmersdelight:block/crimson_cabinet_front_open",
		"particle": "farmersdelight:block/crimson_cabinet_front_open",
		"front": "farmersdelight:block/crimson_cabinet_front",
		"side": "farmersdelight:block/crimson_cabinet_side",
		"top": "farmersdelight:block/crimson_cabinet_top"
	},
	"elements": [
		{
			"from": [0, 0, 0],
			"to": [16, 16, 16],
			"faces": {
				"north": {"uv": [0, 0, 16, 16], "texture": "#3"},
				"east": {"uv": [0, 0, 16, 16], "texture": "#side"},
				"south": {"uv": [0, 0, 16, 16], "texture": "#side"},
				"west": {"uv": [0, 0, 16, 16], "texture": "#side"},
				"up": {"uv": [0, 0, 16, 16], "texture": "#top"},
				"down": {"uv": [0, 0, 16, 16], "texture": "#top"}
			}
		},
		{
			"from": [9, 2, -1],
			"to": [10, 14, 0],
			"rotation": {"angle": 0, "axis": "y", "origin": [4, 2, -2]},
			"faces": {
				"north": {"uv": [6, 2, 7, 14], "texture": "#front"},
				"east": {"uv": [6, 2, 7, 14], "texture": "#front"},
				"south": {"uv": [6, 2, 7, 14], "texture": "#front"},
				"west": {"uv": [6, 2, 7, 14], "texture": "#front"}
			}
		},
		{
			"from": [9, 1, -1],
			"to": [15, 2, 0],
			"rotation": {"angle": 0, "axis": "y", "origin": [9, 1, -2]},
			"faces": {
				"north": {"uv": [1, 14, 7, 15], "texture": "#front"},
				"east": {"uv": [1, 14, 2, 15], "texture": "#front"},
				"south": {"uv": [0, 0, 7, 1], "texture": "#front"},
				"west": {"uv": [6, 14, 7, 15], "texture": "#front"},
				"up": {"uv": [1, 14, 7, 15], "texture": "#front"},
				"down": {"uv": [7, 14, 1, 15], "texture": "#front"}
			}
		},
		{
			"from": [9, 14, -1],
			"to": [15, 15, 0],
			"rotation": {"angle": 0, "axis": "y", "origin": [9, 14, -2]},
			"faces": {
				"north": {"uv": [1, 1, 7, 2], "texture": "#front"},
				"east": {"uv": [1, 1, 2, 2], "texture": "#front"},
				"south": {"uv": [1, 1, 7, 2], "texture": "#front"},
				"west": {"uv": [6, 1, 7, 2], "texture": "#front"},
				"up": {"uv": [7, 1, 1, 2], "texture": "#front"},
				"down": {"uv": [1, 1, 7, 2], "texture": "#front"}
			}
		},
		{
			"from": [10, 10, -1],
			"to": [14, 13, 0],
			"rotation": {"angle": 0, "axis": "y", "origin": [9, 12, -2]},
			"faces": {
				"north": {"uv": [2, 3, 6, 6], "texture": "#front"},
				"south": {"uv": [2, 3, 6, 6], "texture": "#front"},
				"up": {"uv": [2, 3, 6, 4], "texture": "#front"},
				"down": {"uv": [2, 5, 6, 6], "texture": "#front"}
			}
		},
		{
			"from": [11, 7, -1],
			"to": [12, 10, 0],
			"rotation": {"angle": 0, "axis": "y", "origin": [10, 9, -2]},
			"faces": {
				"north": {"uv": [4, 6, 5, 9], "texture": "#front"},
				"east": {"uv": [4, 6, 5, 9], "texture": "#front"},
				"south": {"uv": [4, 6, 5, 9], "texture": "#front"},
				"west": {"uv": [4, 6, 5, 9], "texture": "#front"},
				"down": {"uv": [4, 8, 5, 9], "texture": "#front"}
			}
		},
		{
			"from": [10, 7, -1],
			"to": [11, 8, 0],
			"rotation": {"angle": 0, "axis": "y", "origin": [9, 9, -2]},
			"faces": {
				"north": {"uv": [5, 8, 6, 9], "texture": "#front"},
				"south": {"uv": [5, 8, 6, 9], "texture": "#front"},
				"up": {"uv": [5, 8, 6, 9], "texture": "#front"},
				"down": {"uv": [5, 8, 6, 9], "texture": "#front"}
			}
		},
		{
			"from": [10, 9, -1],
			"to": [11, 10, 0],
			"rotation": {"angle": 0, "axis": "y", "origin": [9, 11, -2]},
			"faces": {
				"north": {"uv": [5, 6, 6, 7], "texture": "#front"},
				"south": {"uv": [5, 6, 6, 7], "texture": "#front"},
				"down": {"uv": [5, 6, 6, 7], "texture": "#front"}
			}
		},
		{
			"from": [10, 3, -1],
			"to": [14, 6, 0],
			"rotation": {"angle": 0, "axis": "y", "origin": [9, 5, -2]},
			"faces": {
				"north": {"uv": [2, 10, 6, 13], "texture": "#front"},
				"south": {"uv": [2, 10, 6, 13], "texture": "#front"},
				"up": {"uv": [2, 10, 6, 11], "texture": "#front"},
				"down": {"uv": [2, 12, 6, 13], "texture": "#front"}
			}
		},
		{
			"from": [14, 2, -1],
			"to": [15, 14, 0],
			"rotation": {"angle": 0, "axis": "y", "origin": [9, 2, -2]},
			"faces": {
				"north": {"uv": [1, 2, 2, 14], "texture": "#front"},
				"east": {"uv": [1, 2, 2, 14], "texture": "#front"},
				"south": {"uv": [1, 2, 2, 14], "texture": "#front"},
				"west": {"uv": [1, 2, 2, 14], "texture": "#front"}
			}
		},
		{
			"from": [6, 2, -1],
			"to": [7, 14, 0],
			"rotation": {"angle": 0, "axis": "y", "origin": [12, 2, -2]},
			"faces": {
				"north": {"uv": [7, 2, 6, 14], "texture": "#front"},
				"east": {"uv": [7, 2, 6, 14], "texture": "#front"},
				"south": {"uv": [7, 2, 6, 14], "texture": "#front"},
				"west": {"uv": [7, 2, 6, 14], "texture": "#front"}
			}
		},
		{
			"from": [1, 1, -1],
			"to": [7, 2, 0],
			"rotation": {"angle": 0, "axis": "y", "origin": [7, 1, -2]},
			"faces": {
				"north": {"uv": [7, 14, 1, 15], "texture": "#front"},
				"east": {"uv": [7, 14, 6, 15], "texture": "#front"},
				"south": {"uv": [7, 0, 0, 1], "texture": "#front"},
				"west": {"uv": [2, 14, 1, 15], "texture": "#front"},
				"up": {"uv": [7, 14, 1, 15], "texture": "#front"},
				"down": {"uv": [1, 14, 7, 15], "texture": "#front"}
			}
		},
		{
			"from": [1, 14, -1],
			"to": [7, 15, 0],
			"rotation": {"angle": 0, "axis": "y", "origin": [7, 14, -2]},
			"faces": {
				"north": {"uv": [7, 1, 1, 2], "texture": "#front"},
				"east": {"uv": [7, 1, 6, 2], "texture": "#front"},
				"south": {"uv": [7, 1, 1, 2], "texture": "#front"},
				"west": {"uv": [2, 1, 1, 2], "texture": "#front"},
				"up": {"uv": [1, 1, 7, 2], "texture": "#front"},
				"down": {"uv": [7, 1, 1, 2], "texture": "#front"}
			}
		},
		{
			"from": [2, 10, -1],
			"to": [6, 13, 0],
			"rotation": {"angle": 0, "axis": "y", "origin": [7, 12, -2]},
			"faces": {
				"north": {"uv": [6, 3, 2, 6], "texture": "#front"},
				"south": {"uv": [6, 3, 2, 6], "texture": "#front"},
				"up": {"uv": [6, 3, 2, 4], "texture": "#front"},
				"down": {"uv": [6, 5, 2, 6], "texture": "#front"}
			}
		},
		{
			"from": [4, 7, -1],
			"to": [5, 10, 0],
			"rotation": {"angle": 0, "axis": "y", "origin": [6, 9, -2]},
			"faces": {
				"north": {"uv": [5, 6, 4, 9], "texture": "#front"},
				"east": {"uv": [5, 6, 4, 9], "texture": "#front"},
				"south": {"uv": [5, 6, 4, 9], "texture": "#front"},
				"west": {"uv": [5, 6, 4, 9], "texture": "#front"},
				"down": {"uv": [5, 8, 4, 9], "texture": "#front"}
			}
		},
		{
			"from": [5, 7, -1],
			"to": [6, 8, 0],
			"rotation": {"angle": 0, "axis": "y", "origin": [7, 9, -2]},
			"faces": {
				"north": {"uv": [6, 8, 5, 9], "texture": "#front"},
				"south": {"uv": [6, 8, 5, 9], "texture": "#front"},
				"up": {"uv": [6, 8, 5, 9], "texture": "#front"},
				"down": {"uv": [6, 8, 5, 9], "texture": "#front"}
			}
		},
		{
			"from": [5, 9, -1],
			"to": [6, 10, 0],
			"rotation": {"angle": 0, "axis": "y", "origin": [7, 11, -2]},
			"faces": {
				"north": {"uv": [6, 6, 5, 7], "texture": "#front"},
				"south": {"uv": [6, 6, 5, 7], "texture": "#front"},
				"down": {"uv": [6, 6, 5, 7], "texture": "#front"}
			}
		},
		{
			"from": [2, 3, -1],
			"to": [6, 6, 0],
			"rotation": {"angle": 0, "axis": "y", "origin": [7, 5, -2]},
			"faces": {
				"north": {"uv": [6, 10, 2, 13], "texture": "#front"},
				"south": {"uv": [6, 10, 2, 13], "texture": "#front"},
				"up": {"uv": [6, 10, 2, 11], "texture": "#front"},
				"down": {"uv": [6, 12, 2, 13], "texture": "#front"}
			}
		},
		{
			"from": [1, 2, -1],
			"to": [2, 14, 0],
			"rotation": {"angle": 0, "axis": "y", "origin": [7, 2, -2]},
			"faces": {
				"north": {"uv": [2, 2, 1, 14], "texture": "#front"},
				"east": {"uv": [2, 2, 1, 14], "texture": "#front"},
				"south": {"uv": [2, 2, 1, 14], "texture": "#front"},
				"west": {"uv": [2, 2, 1, 14], "texture": "#front"}
			}
		}
	],
	"groups": [
		0,
		{
			"name": "group",
			"origin": [9, 2, -2],
			"color": 0,
			"children": [1, 2, 3, 4, 5, 6, 7, 8, 9]
		},
		{
			"name": "group",
			"origin": [9, 2, -2],
			"color": 0,
			"children": [10, 11, 12, 13, 14, 15, 16, 17, 18]
		}
	]
}