{
	"credit": "Made by TC",
	"parent": "minecraft:block/orientable",
	"textures": {
		"3": "farmersdelight:block/dark_oak_cabinet_front_open",
		"particle": "farmersdelight:block/dark_oak_cabinet_front_open",
		"front": "farmersdelight:block/dark_oak_cabinet_front",
		"side": "farmersdelight:block/dark_oak_cabinet_side",
		"top": "farmersdelight:block/dark_oak_cabinet_top"
	},
	"elements": [
		{
			"from": [9, 1, -1],
			"to": [15, 15, 0],
			"rotation": {"angle": 0, "axis": "y", "origin": [8, 0, 0]},
			"faces": {
				"north": {"uv": [1, 1, 7, 15], "texture": "#front"},
				"east": {"uv": [1, 1, 2, 15], "texture": "#front"},
				"west": {"uv": [6, 1, 7, 15], "texture": "#front"},
				"up": {"uv": [1, 1, 7, 2], "texture": "#front"},
				"down": {"uv": [1, 14, 7, 15], "texture": "#front"}
			}
		},
		{
			"from": [1, 1, -1],
			"to": [7, 15, 0],
			"faces": {
				"north": {"uv": [9, 1, 15, 15], "texture": "#front"},
				"east": {"uv": [9, 1, 10, 15], "texture": "#front"},
				"west": {"uv": [14, 1, 15, 15], "texture": "#front"},
				"up": {"uv": [9, 1, 15, 2], "texture": "#front"},
				"down": {"uv": [9, 14, 15, 15], "texture": "#front"}
			}
		},
		{
			"from": [0, 0, 0],
			"to": [16, 16, 16],
			"faces": {
				"north": {"uv": [0, 0, 16, 16], "texture": "#3"},
				"east": {"uv": [0, 0, 16, 16], "texture": "#side"},
				"south": {"uv": [0, 0, 16, 16], "texture": "#side"},
				"west": {"uv": [0, 0, 16, 16], "texture": "#side"},
				"up": {"uv": [0, 0, 16, 16], "texture": "#top"},
				"down": {"uv": [0, 0, 16, 16], "texture": "#top"}
			}
		}
	]
}