{
	"credit": "Made with Blockbench",
	"parent": "block/block",
	"textures": {
		"particle": "farmersdelight:block/honey_glazed_ham_body",
		"ham": "farmersdelight:block/honey_glazed_ham_body",
		"bone": "farmersdelight:block/honey_glazed_ham_bone",
		"tray_top": "farmersdelight:block/tray_rice_berry_garnish",
		"tray_side": "farmersdelight:block/tray_bottom"
	},
	"elements": [
		{
			"name": "plate",
			"from": [1, 0, 1],
			"to": [15, 2, 15],
			"faces": {
				"north": {"uv": [1, 1, 15, 3], "texture": "#tray_side"},
				"east": {"uv": [1, 1, 15, 3], "texture": "#tray_side"},
				"south": {"uv": [1, 1, 15, 3], "texture": "#tray_side"},
				"west": {"uv": [1, 1, 15, 3], "texture": "#tray_side"},
				"up": {"uv": [1, 1, 15, 15], "texture": "#tray_top"},
				"down": {"uv": [1, 1, 15, 15], "texture": "#tray_side", "cullface": "down"}
			}
		},
		{
			"name": "ham",
			"from": [4, 2, 4],
			"to": [12, 4, 12],
			"faces": {
				"north": {"uv": [8, 6, 16, 8], "rotation": 180, "texture": "#ham"},
				"east": {"uv": [8, 8, 6, 16], "rotation": 90, "texture": "#ham"},
				"south": {"uv": [8, 13, 16, 15], "texture": "#ham"},
				"west": {"uv": [6, 8, 8, 16], "rotation": 270, "texture": "#ham"},
				"up": {"uv": [8, 8, 16, 16], "texture": "#ham"}
			}
		},
		{
			"name": "bone",
			"from": [7, 4, 7],
			"to": [9, 8, 9],
			"faces": {
				"north": {"uv": [0, 2, 2, 6], "rotation": 180, "texture": "#bone"},
				"east": {"uv": [6, 0, 2, 2], "rotation": 90, "texture": "#bone"},
				"south": {"uv": [0, 6, 2, 2], "texture": "#bone"},
				"west": {"uv": [2, 0, 6, 2], "rotation": 270, "texture": "#bone"},
				"up": {"uv": [0, 0, 2, 2], "texture": "#bone"},
				"down": {"uv": [0, 0, 2, 2], "rotation": 180, "texture": "#bone"}
			}
		}
	]
}