{
	"credit": "Made by TC",
	"parent": "minecraft:block/orientable",
	"textures": {
		"3": "farmersdelight:block/jungle_cabinet_front_open",
		"particle": "farmersdelight:block/jungle_cabinet_front_open",
		"front": "farmersdelight:block/jungle_cabinet_front",
		"side": "farmersdelight:block/jungle_cabinet_side",
		"top": "farmersdelight:block/jungle_cabinet_top"
	},
	"elements": [
		{
			"from": [0, 0, 0],
			"to": [16, 16, 16],
			"faces": {
				"north": {"uv": [0, 0, 16, 16], "texture": "#3"},
				"east": {"uv": [0, 0, 16, 16], "texture": "#side"},
				"south": {"uv": [0, 0, 16, 16], "texture": "#side"},
				"west": {"uv": [0, 0, 16, 16], "texture": "#side"},
				"up": {"uv": [0, 0, 16, 16], "texture": "#top"},
				"down": {"uv": [0, 0, 16, 16], "texture": "#top"}
			}
		},
		{
			"from": [14, 1, -6],
			"to": [15, 3, 0],
			"rotation": {"angle": 0, "axis": "y", "origin": [14.5, 8, -3]},
			"faces": {
				"north": {"uv": [6, 13, 7, 15], "texture": "#front"},
				"east": {"uv": [1, 13, 7, 15], "texture": "#front"},
				"south": {"uv": [1, 13, 2, 15], "texture": "#front"},
				"west": {"uv": [1, 13, 7, 15], "texture": "#front"},
				"up": {"uv": [1, 13, 7, 14], "rotation": 90, "texture": "#front"},
				"down": {"uv": [1, 14, 7, 15], "rotation": 270, "texture": "#front"}
			}
		},
		{
			"from": [14, 3, -6],
			"to": [15, 13, -4],
			"rotation": {"angle": 0, "axis": "y", "origin": [14.5, 8, -3]},
			"faces": {
				"north": {"uv": [6, 3, 7, 13], "texture": "#front"},
				"east": {"uv": [5, 3, 7, 13], "texture": "#front"},
				"south": {"uv": [5, 3, 6, 13], "texture": "#front"},
				"west": {"uv": [7, 3, 5, 13], "texture": "#front"}
			}
		},
		{
			"from": [14, 6, -4],
			"to": [15, 8, -2],
			"rotation": {"angle": 0, "axis": "y", "origin": [14.5, 8, -3]},
			"faces": {
				"east": {"uv": [3, 8, 5, 10], "texture": "#front"},
				"west": {"uv": [5, 8, 3, 10], "texture": "#front"},
				"up": {"uv": [3, 8, 5, 9], "rotation": 90, "texture": "#front"},
				"down": {"uv": [3, 9, 5, 10], "rotation": 270, "texture": "#front"}
			}
		},
		{
			"from": [14, 3, -2],
			"to": [15, 13, 0],
			"rotation": {"angle": 0, "axis": "y", "origin": [14.5, 8, -3]},
			"faces": {
				"north": {"uv": [2, 3, 3, 13], "texture": "#front"},
				"east": {"uv": [1, 3, 3, 13], "texture": "#front"},
				"south": {"uv": [1, 3, 2, 13], "texture": "#front"},
				"west": {"uv": [3, 3, 1, 13], "texture": "#front"}
			}
		},
		{
			"from": [14, 13, -6],
			"to": [15, 15, 0],
			"rotation": {"angle": 0, "axis": "y", "origin": [14.5, 8, -3]},
			"faces": {
				"north": {"uv": [6, 1, 7, 3], "texture": "#front"},
				"east": {"uv": [1, 1, 7, 3], "texture": "#front"},
				"south": {"uv": [1, 2, 2, 4], "texture": "#front"},
				"west": {"uv": [1, 1, 7, 3], "texture": "#front"},
				"up": {"uv": [1, 1, 7, 2], "rotation": 90, "texture": "#front"},
				"down": {"uv": [1, 2, 7, 3], "rotation": 270, "texture": "#front"}
			}
		},
		{
			"from": [1, 1, -6],
			"to": [2, 3, 0],
			"rotation": {"angle": 0, "axis": "y", "origin": [1.5, 8, -3]},
			"faces": {
				"north": {"uv": [7, 13, 6, 15], "texture": "#front"},
				"east": {"uv": [7, 13, 1, 15], "texture": "#front"},
				"south": {"uv": [2, 13, 1, 15], "texture": "#front"},
				"west": {"uv": [7, 13, 1, 15], "texture": "#front"},
				"up": {"uv": [1, 14, 7, 13], "rotation": 90, "texture": "#front"},
				"down": {"uv": [1, 15, 7, 14], "rotation": 270, "texture": "#front"}
			}
		},
		{
			"from": [1, 3, -6],
			"to": [2, 13, -4],
			"rotation": {"angle": 0, "axis": "y", "origin": [1.5, 8, -3]},
			"faces": {
				"north": {"uv": [7, 3, 6, 13], "texture": "#front"},
				"east": {"uv": [5, 3, 7, 13], "texture": "#front"},
				"south": {"uv": [6, 3, 5, 13], "texture": "#front"},
				"west": {"uv": [7, 3, 5, 13], "texture": "#front"}
			}
		},
		{
			"from": [1, 6, -4],
			"to": [2, 8, -2],
			"rotation": {"angle": 0, "axis": "y", "origin": [1.5, 8, -3]},
			"faces": {
				"east": {"uv": [3, 8, 5, 10], "texture": "#front"},
				"west": {"uv": [5, 8, 3, 10], "texture": "#front"},
				"up": {"uv": [3, 9, 5, 8], "rotation": 90, "texture": "#front"},
				"down": {"uv": [3, 10, 5, 9], "rotation": 270, "texture": "#front"}
			}
		},
		{
			"from": [1, 3, -2],
			"to": [2, 13, 0],
			"rotation": {"angle": 0, "axis": "y", "origin": [1.5, 8, -3]},
			"faces": {
				"north": {"uv": [3, 3, 2, 13], "texture": "#front"},
				"east": {"uv": [1, 3, 3, 13], "texture": "#front"},
				"south": {"uv": [2, 3, 1, 13], "texture": "#front"},
				"west": {"uv": [3, 3, 1, 13], "texture": "#front"}
			}
		},
		{
			"from": [1, 13, -6],
			"to": [2, 15, 0],
			"rotation": {"angle": 0, "axis": "y", "origin": [1.5, 8, -3]},
			"faces": {
				"north": {"uv": [7, 1, 6, 3], "texture": "#front"},
				"east": {"uv": [7, 1, 1, 3], "texture": "#front"},
				"south": {"uv": [2, 2, 1, 4], "texture": "#front"},
				"west": {"uv": [7, 1, 1, 3], "texture": "#front"},
				"up": {"uv": [1, 2, 7, 1], "rotation": 90, "texture": "#front"},
				"down": {"uv": [1, 3, 7, 2], "rotation": 270, "texture": "#front"}
			}
		}
	],
	"groups": [
		0,
		{
			"name": "group",
			"origin": [12, 12, -1.5],
			"color": 0,
			"children": [1, 2, 3, 4, 5]
		},
		{
			"name": "group",
			"origin": [12, 12, -1.5],
			"color": 0,
			"children": [6, 7, 8, 9, 10]
		}
	]
}