{
	"credit": "Made by TC",
	"parent": "minecraft:block/orientable",
	"textures": {
		"3": "farmersdelight:block/jungle_cabinet_front_open",
		"particle": "farmersdelight:block/jungle_cabinet_front_open",
		"front": "farmersdelight:block/jungle_cabinet_front",
		"side": "farmersdelight:block/jungle_cabinet_side",
		"top": "farmersdelight:block/jungle_cabinet_top"
	},
	"elements": [
		{
			"from": [0, 0, 0],
			"to": [16, 16, 16],
			"faces": {
				"north": {"uv": [0, 0, 16, 16], "texture": "#3"},
				"east": {"uv": [0, 0, 16, 16], "texture": "#side"},
				"south": {"uv": [0, 0, 16, 16], "texture": "#side"},
				"west": {"uv": [0, 0, 16, 16], "texture": "#side"},
				"up": {"uv": [0, 0, 16, 16], "texture": "#top"},
				"down": {"uv": [0, 0, 16, 16], "texture": "#top"}
			}
		},
		{
			"from": [9, 13, -1],
			"to": [15, 15, 0],
			"rotation": {"angle": 0, "axis": "y", "origin": [12, 12, -2]},
			"faces": {
				"north": {"uv": [1, 1, 7, 3], "texture": "#front"},
				"east": {"uv": [1, 2, 2, 4], "texture": "#front"},
				"west": {"uv": [6, 2, 7, 4], "texture": "#front"},
				"up": {"uv": [1, 1, 7, 2], "texture": "#front"},
				"down": {"uv": [1, 2, 7, 3], "texture": "#front"}
			}
		},
		{
			"from": [9, 1, -1],
			"to": [15, 3, 0],
			"rotation": {"angle": 0, "axis": "y", "origin": [12, 0, -2]},
			"faces": {
				"north": {"uv": [1, 13, 7, 15], "texture": "#front"},
				"east": {"uv": [1, 13, 2, 15], "texture": "#front"},
				"south": {"uv": [0, 0, 6, 2], "texture": "#front"},
				"west": {"uv": [6, 13, 7, 15], "texture": "#front"},
				"up": {"uv": [1, 13, 7, 14], "texture": "#front"},
				"down": {"uv": [1, 14, 7, 15], "texture": "#front"}
			}
		},
		{
			"from": [13, 3, -1],
			"to": [15, 13, 0],
			"rotation": {"angle": 0, "axis": "y", "origin": [12, 3, -2]},
			"faces": {
				"north": {"uv": [1, 3, 3, 13], "texture": "#front"},
				"east": {"uv": [1, 3, 2, 13], "texture": "#front"},
				"west": {"uv": [2, 3, 3, 13], "texture": "#front"}
			}
		},
		{
			"from": [9, 3, -1],
			"to": [11, 13, 0],
			"rotation": {"angle": 0, "axis": "y", "origin": [8, 3, -2]},
			"faces": {
				"north": {"uv": [5, 3, 7, 13], "texture": "#front"},
				"east": {"uv": [5, 3, 6, 13], "texture": "#front"},
				"west": {"uv": [6, 3, 7, 13], "texture": "#front"}
			}
		},
		{
			"from": [11, 6, -1],
			"to": [13, 8, 0],
			"rotation": {"angle": 0, "axis": "y", "origin": [12, 5, -2]},
			"faces": {
				"north": {"uv": [3, 8, 5, 10], "texture": "#front"},
				"up": {"uv": [3, 8, 5, 9], "texture": "#front"},
				"down": {"uv": [3, 9, 5, 10], "texture": "#front"}
			}
		},
		{
			"from": [1, 1, -1],
			"to": [7, 3, 0],
			"rotation": {"angle": 0, "axis": "y", "origin": [4, 0, -2]},
			"faces": {
				"north": {"uv": [7, 13, 1, 15], "texture": "#front"},
				"east": {"uv": [7, 13, 6, 15], "texture": "#front"},
				"south": {"uv": [6, 0, 0, 2], "texture": "#front"},
				"west": {"uv": [2, 13, 1, 15], "texture": "#front"},
				"up": {"uv": [7, 13, 1, 14], "texture": "#front"},
				"down": {"uv": [7, 14, 1, 15], "texture": "#front"}
			}
		},
		{
			"from": [5, 3, -1],
			"to": [7, 13, 0],
			"rotation": {"angle": 0, "axis": "y", "origin": [8, 3, -2]},
			"faces": {
				"north": {"uv": [7, 3, 5, 13], "texture": "#front"},
				"east": {"uv": [7, 3, 6, 13], "texture": "#front"},
				"west": {"uv": [6, 3, 5, 13], "texture": "#front"}
			}
		},
		{
			"from": [3, 6, -1],
			"to": [5, 8, 0],
			"rotation": {"angle": 0, "axis": "y", "origin": [4, 5, -2]},
			"faces": {
				"north": {"uv": [5, 8, 3, 10], "texture": "#front"},
				"up": {"uv": [5, 8, 3, 9], "texture": "#front"},
				"down": {"uv": [5, 9, 3, 10], "texture": "#front"}
			}
		},
		{
			"from": [1, 3, -1],
			"to": [3, 13, 0],
			"rotation": {"angle": 0, "axis": "y", "origin": [4, 3, -2]},
			"faces": {
				"north": {"uv": [3, 3, 1, 13], "texture": "#front"},
				"east": {"uv": [3, 3, 2, 13], "texture": "#front"},
				"west": {"uv": [2, 3, 1, 13], "texture": "#front"}
			}
		},
		{
			"from": [1, 13, -1],
			"to": [7, 15, 0],
			"rotation": {"angle": 0, "axis": "y", "origin": [4, 12, -2]},
			"faces": {
				"north": {"uv": [7, 1, 1, 3], "texture": "#front"},
				"east": {"uv": [7, 2, 6, 4], "texture": "#front"},
				"west": {"uv": [2, 2, 1, 4], "texture": "#front"},
				"up": {"uv": [7, 1, 1, 2], "texture": "#front"},
				"down": {"uv": [7, 2, 1, 3], "texture": "#front"}
			}
		}
	],
	"groups": [
		0,
		{
			"name": "group",
			"origin": [12, 5, -1.5],
			"color": 0,
			"children": [1, 2, 3, 4, 5]
		},
		{
			"name": "group",
			"origin": [4, 12, -1.5],
			"color": 0,
			"children": [6, 7, 8, 9, 10]
		}
	]
}