{
	"credit": "Made by TC",
	"parent": "minecraft:block/orientable",
	"textures": {
		"front": "farmersdelight:block/mangrove_cabinet_front",
		"side": "farmersdelight:block/mangrove_cabinet_side",
		"top": "farmersdelight:block/mangrove_cabinet_top",
		"particle": "farmersdelight:block/mangrove_cabinet_front_open"
	},
	"elements": [
		{
			"from": [0, 0, 0],
			"to": [16, 16, 16],
			"faces": {
				"north": {"uv": [0, 0, 16, 16], "texture": "#front"},
				"east": {"uv": [0, 0, 16, 16], "texture": "#side"},
				"south": {"uv": [0, 0, 16, 16], "texture": "#side"},
				"west": {"uv": [0, 0, 16, 16], "texture": "#side"},
				"up": {"uv": [0, 0, 16, 16], "texture": "#top"},
				"down": {"uv": [0, 0, 16, 16], "texture": "#top"}
			}
		},
		{
			"from": [1, 1, -1],
			"to": [7, 12, 0],
			"rotation": {"angle": 0, "axis": "y", "origin": [1, 1, -2]},
			"faces": {
				"north": {"uv": [9, 4, 15, 15], "texture": "#front"},
				"east": {"uv": [9, 4, 10, 15], "texture": "#front"},
				"south": {"uv": [0, 0, 6, 11], "texture": "#front"},
				"west": {"uv": [14, 4, 15, 15], "texture": "#front"},
				"up": {"uv": [9, 4, 15, 5], "texture": "#front"},
				"down": {"uv": [9, 14, 15, 15], "texture": "#front"}
			}
		},
		{
			"from": [2, 12, -1],
			"to": [6, 13, 0],
			"rotation": {"angle": 0, "axis": "y", "origin": [1, 12, -2]},
			"faces": {
				"north": {"uv": [10, 3, 14, 4], "texture": "#front"},
				"east": {"uv": [10, 3, 11, 4], "texture": "#front"},
				"south": {"uv": [0, 0, 4, 1], "texture": "#front"},
				"west": {"uv": [13, 3, 14, 4], "texture": "#front"},
				"up": {"uv": [10, 3, 14, 4], "texture": "#front"}
			}
		},
		{
			"from": [9, 1, -1],
			"to": [15, 12, 0],
			"rotation": {"angle": 0, "axis": "y", "origin": [9, 1, -2]},
			"faces": {
				"north": {"uv": [1, 4, 7, 15], "texture": "#front"},
				"east": {"uv": [1, 4, 2, 15], "texture": "#front"},
				"south": {"uv": [1, 4, 7, 15], "texture": "#front"},
				"west": {"uv": [6, 4, 7, 15], "texture": "#front"},
				"up": {"uv": [1, 4, 7, 5], "texture": "#front"},
				"down": {"uv": [1, 14, 7, 15], "texture": "#front"}
			}
		},
		{
			"from": [10, 12, -1],
			"to": [14, 13, 0],
			"rotation": {"angle": 0, "axis": "y", "origin": [9, 12, -2]},
			"faces": {
				"north": {"uv": [2, 3, 6, 4], "texture": "#front"},
				"east": {"uv": [2, 3, 3, 4], "texture": "#front"},
				"south": {"uv": [2, 3, 6, 4], "texture": "#front"},
				"west": {"uv": [5, 3, 6, 4], "texture": "#front"},
				"up": {"uv": [2, 3, 6, 4], "texture": "#front"}
			}
		}
	]
}