{
	"credit": "Made by TC",
	"parent": "minecraft:block/cross",
	"render_type": "minecraft:cutout",
	"textures": {
		"1": "farmersdelight:block/onions_stage3",
		"particle": "farmersdelight:block/onions_stage3",
		"cross": "farmersdelight:block/onion/onion"
	},
	"elements": [
		{
			"from": [9.5, -1, 2.5],
			"to": [13.5, 1, 6.5],
			"rotation": {"angle": 0, "axis": "y", "origin": [9.5, -1, 2.5]},
			"faces": {
				"north": {"uv": [10, 9, 14, 11], "texture": "#cross"},
				"east": {"uv": [10, 9, 14, 11], "texture": "#cross"},
				"south": {"uv": [10, 9, 14, 11], "texture": "#cross"},
				"west": {"uv": [10, 9, 14, 11], "texture": "#cross"},
				"up": {"uv": [5, 7, 9, 11], "texture": "#cross"},
				"down": {"uv": [0, 3, 4, 7], "texture": "#cross"}
			}
		},
		{
			"from": [2.5, -1, 2.5],
			"to": [6.5, 1, 6.5],
			"rotation": {"angle": 0, "axis": "y", "origin": [2.5, -1, 2.5]},
			"faces": {
				"north": {"uv": [10, 9, 14, 11], "texture": "#cross"},
				"east": {"uv": [10, 9, 14, 11], "texture": "#cross"},
				"south": {"uv": [10, 9, 14, 11], "texture": "#cross"},
				"west": {"uv": [10, 9, 14, 11], "texture": "#cross"},
				"up": {"uv": [0, 7, 4, 11], "texture": "#cross"},
				"down": {"uv": [0, 3, 4, 7], "texture": "#cross"}
			}
		},
		{
			"from": [2.5, -1, 9.5],
			"to": [6.5, 1, 13.5],
			"rotation": {"angle": 0, "axis": "y", "origin": [2.5, -1, 9.5]},
			"faces": {
				"north": {"uv": [10, 9, 14, 11], "texture": "#cross"},
				"east": {"uv": [10, 9, 14, 11], "texture": "#cross"},
				"south": {"uv": [10, 9, 14, 11], "texture": "#cross"},
				"west": {"uv": [10, 9, 14, 11], "texture": "#cross"},
				"up": {"uv": [0, 12, 4, 16], "texture": "#cross"},
				"down": {"uv": [0, 3, 4, 7], "texture": "#cross"}
			}
		},
		{
			"from": [9.5, -1, 9.5],
			"to": [13.5, 1, 13.5],
			"rotation": {"angle": 0, "axis": "y", "origin": [9.5, -1, 9.5]},
			"faces": {
				"north": {"uv": [10, 9, 14, 11], "texture": "#cross"},
				"east": {"uv": [10, 9, 14, 11], "texture": "#cross"},
				"south": {"uv": [10, 9, 14, 11], "texture": "#cross"},
				"west": {"uv": [10, 9, 14, 11], "texture": "#cross"},
				"up": {"uv": [5, 12, 9, 16], "texture": "#cross"},
				"down": {"uv": [0, 3, 4, 7], "texture": "#cross"}
			}
		},
		{
			"from": [0, -1, 4],
			"to": [16, 15, 4],
			"shade": false,
			"rotation": {"angle": 0, "axis": "y", "origin": [4, -1, 2]},
			"faces": {
				"north": {"uv": [0, 0, 16, 16], "texture": "#1"},
				"east": {"uv": [0, 0, 0, 16], "texture": "#missing"},
				"south": {"uv": [0, 0, 16, 16], "texture": "#1"},
				"west": {"uv": [0, 0, 0, 16], "texture": "#missing"}
			}
		},
		{
			"from": [0, -1, 12],
			"to": [16, 15, 12],
			"shade": false,
			"rotation": {"angle": 0, "axis": "y", "origin": [4, -1, 10]},
			"faces": {
				"north": {"uv": [0, 0, 16, 16], "texture": "#1"},
				"east": {"uv": [0, 0, 0, 16], "texture": "#missing"},
				"south": {"uv": [0, 0, 16, 16], "texture": "#1"},
				"west": {"uv": [0, 0, 0, 16], "texture": "#missing"}
			}
		},
		{
			"from": [4, -1, 0],
			"to": [4, 15, 16],
			"shade": false,
			"rotation": {"angle": 0, "axis": "y", "origin": [8, 7, 8]},
			"faces": {
				"north": {"uv": [0, 0, 0, 16], "texture": "#missing"},
				"east": {"uv": [0, 0, 16, 16], "texture": "#1"},
				"south": {"uv": [0, 0, 0, 16], "texture": "#missing"},
				"west": {"uv": [0, 0, 16, 16], "texture": "#1"}
			}
		},
		{
			"from": [12, -1, 0],
			"to": [12, 15, 16],
			"shade": false,
			"rotation": {"angle": 0, "axis": "y", "origin": [8, 7, 8]},
			"faces": {
				"north": {"uv": [0, 0, 0, 16], "texture": "#missing"},
				"east": {"uv": [0, 0, 16, 16], "texture": "#1"},
				"south": {"uv": [0, 0, 0, 16], "texture": "#missing"},
				"west": {"uv": [0, 0, 16, 16], "texture": "#1"}
			}
		}
	],
	"groups": [
		{
			"name": "group",
			"origin": [10, -1, 10],
			"color": 0,
			"children": [0, 1, 2, 3]
		},
		4,
		5,
		6,
		7
	]
}