{
	"credit": "Made with Blockbench",
	"textures": {
		"3": "farmersdelight:block/cake_plate",
		"side": "farmersdelight:block/pie_side",
		"top": "farmersdelight:block/sweet_berry_cheesecake_top",
		"bottom": "farmersdelight:block/pie_bottom",
		"particle": "farmersdelight:block/cake_plate"
	},
	"elements": [
		{
			"from": [2, 1, 2],
			"to": [14, 5, 14],
			"rotation": {"angle": 0, "axis": "y", "origin": [0, 1, 0]},
			"faces": {
				"north": {"uv": [2, 12, 14, 16], "texture": "#side"},
				"east": {"uv": [2, 12, 14, 16], "texture": "#side"},
				"south": {"uv": [2, 12, 14, 16], "texture": "#side"},
				"west": {"uv": [2, 12, 14, 16], "texture": "#side"},
				"up": {"uv": [2, 2, 14, 14], "texture": "#top"},
				"down": {"uv": [2, 2, 14, 14], "texture": "#bottom", "cullface": "down"}
			}
		},
		{
			"from": [1, 0, 1],
			"to": [15, 1, 15],
			"faces": {
				"north": {"uv": [15, 1, 1, 2], "texture": "#3"},
				"east": {"uv": [14, 1, 15, 15], "rotation": 90, "texture": "#3"},
				"south": {"uv": [1, 14, 15, 15], "texture": "#3"},
				"west": {"uv": [1, 15, 2, 1], "rotation": 90, "texture": "#3"},
				"up": {"uv": [1, 1, 15, 15], "texture": "#3"},
				"down": {"uv": [1, 1, 15, 15], "texture": "#3"}
			}
		}
	]
}