{
	"credit": "Made by TC",
	"parent": "block/block",
	"textures": {
		"1": "block/red_mushroom_base",
		"3": "farmersdelight:block/mushroom_colony/red_mushroom_base_2",
		"4": "farmersdelight:block/mushroom_colony/red_mushroom_base_3",
		"particle": "block/red_mushroom_base"
	},
	"elements": [
		{
			"from": [12, 0, 11],
			"to": [16, 2, 15],
			"rotation": {"angle": 0, "axis": "y", "origin": [2, -1, 5]},
			"faces": {
				"north": {"uv": [2, 10, 6, 12], "texture": "#1"},
				"east": {"uv": [2, 10, 6, 12], "texture": "#1"},
				"south": {"uv": [2, 10, 6, 12], "texture": "#1"},
				"west": {"uv": [2, 10, 6, 12], "texture": "#1"},
				"up": {"uv": [2, 4, 6, 8], "texture": "#1"},
				"down": {"uv": [2, 0, 6, 4], "texture": "#1"}
			}
		},
		{
			"from": [11, 0, 1],
			"to": [14, 2, 4],
			"rotation": {"angle": 0, "axis": "y", "origin": [0, -1, -6]},
			"faces": {
				"north": {"uv": [9, 5, 12, 7], "texture": "#1"},
				"east": {"uv": [9, 5, 12, 7], "texture": "#1"},
				"south": {"uv": [9, 5, 12, 7], "texture": "#1"},
				"west": {"uv": [9, 5, 12, 7], "texture": "#1"},
				"up": {"uv": [12, 1, 15, 4], "texture": "#1"},
				"down": {"uv": [0, 0, 3, 3], "texture": "#3"}
			}
		},
		{
			"from": [10, 2, 7],
			"to": [14, 3, 11],
			"rotation": {"angle": 0, "axis": "y", "origin": [-1, 1, 1]},
			"faces": {
				"north": {"uv": [2, 11, 6, 12], "texture": "#1"},
				"east": {"uv": [2, 11, 6, 12], "texture": "#1"},
				"south": {"uv": [2, 11, 6, 12], "texture": "#1"},
				"west": {"uv": [2, 11, 6, 12], "texture": "#1"},
				"up": {"uv": [2, 4, 6, 8], "texture": "#1"},
				"down": {"uv": [2, 0, 6, 4], "texture": "#1"}
			}
		},
		{
			"from": [6, 4, 6],
			"to": [10, 7, 10],
			"faces": {
				"north": {"uv": [11, 10, 15, 13], "texture": "#4"},
				"east": {"uv": [11, 10, 15, 13], "texture": "#4"},
				"south": {"uv": [11, 10, 15, 13], "texture": "#4"},
				"west": {"uv": [11, 10, 15, 13], "texture": "#4"},
				"up": {"uv": [9, 1, 13, 5], "texture": "#4"},
				"down": {"uv": [2, 0, 6, 4], "texture": "#4"}
			}
		},
		{
			"from": [7, 0, 7],
			"to": [9, 4, 9],
			"rotation": {"angle": 0, "axis": "y", "origin": [0, 7, 0]},
			"faces": {
				"north": {"uv": [0, 12, 2, 16], "texture": "#3"},
				"east": {"uv": [0, 12, 2, 16], "texture": "#3"},
				"south": {"uv": [0, 12, 2, 16], "texture": "#3"},
				"west": {"uv": [0, 12, 2, 16], "texture": "#3"},
				"down": {"uv": [3, 1, 5, 3], "texture": "#1"}
			}
		},
		{
			"from": [11, 0, 8],
			"to": [13, 2, 10],
			"rotation": {"angle": 0, "axis": "y", "origin": [4, 7, 1]},
			"faces": {
				"north": {"uv": [0, 9, 2, 11], "texture": "#3"},
				"east": {"uv": [0, 9, 2, 11], "texture": "#3"},
				"south": {"uv": [0, 9, 2, 11], "texture": "#3"},
				"west": {"uv": [0, 9, 2, 11], "texture": "#3"},
				"down": {"uv": [3, 1, 5, 3], "texture": "#1"}
			}
		},
		{
			"from": [0, 0, 0],
			"to": [4, 2, 4],
			"rotation": {"angle": 0, "axis": "y", "origin": [2, 0.5, 2]},
			"faces": {
				"north": {"uv": [2, 10, 6, 12], "texture": "#4"},
				"east": {"uv": [2, 10, 6, 12], "texture": "#4"},
				"south": {"uv": [2, 10, 6, 12], "texture": "#4"},
				"west": {"uv": [2, 10, 6, 12], "texture": "#4"},
				"up": {"uv": [2, 4, 6, 8], "rotation": 90, "texture": "#4"},
				"down": {"uv": [2, 0, 6, 4], "rotation": 270, "texture": "#4"}
			}
		},
		{
			"from": [4, 0, 4],
			"to": [7, 1, 7],
			"rotation": {"angle": 0, "axis": "y", "origin": [0, -1, 0]},
			"faces": {
				"north": {"uv": [3, 9, 6, 10], "texture": "#1"},
				"east": {"uv": [2, 11, 5, 12], "texture": "#1"},
				"south": {"uv": [2, 11, 5, 12], "texture": "#1"},
				"west": {"uv": [3, 10, 6, 11], "texture": "#1"},
				"up": {"uv": [3, 5, 6, 8], "texture": "#1"},
				"down": {"uv": [3, 0, 6, 3], "texture": "#1"}
			}
		},
		{
			"from": [1, 1, 9],
			"to": [4, 2, 12],
			"rotation": {"angle": 0, "axis": "y", "origin": [-3, 0, 5]},
			"faces": {
				"north": {"uv": [3, 9, 6, 10], "texture": "#1"},
				"east": {"uv": [2, 11, 5, 12], "texture": "#1"},
				"south": {"uv": [2, 11, 5, 12], "texture": "#1"},
				"west": {"uv": [3, 10, 6, 11], "texture": "#1"},
				"up": {"uv": [2, 4, 5, 7], "texture": "#1"},
				"down": {"uv": [3, 0, 6, 3], "texture": "#1"}
			}
		},
		{
			"from": [2, 0, 10],
			"to": [3, 1, 11],
			"rotation": {"angle": 0, "axis": "y", "origin": [-3, 0, 5]},
			"faces": {
				"north": {"uv": [4, 13, 5, 14], "texture": "#1"},
				"east": {"uv": [4, 13, 5, 14], "texture": "#1"},
				"south": {"uv": [4, 13, 5, 14], "texture": "#1"},
				"west": {"uv": [4, 13, 5, 14], "texture": "#1"},
				"down": {"uv": [3, 1, 5, 3], "texture": "#1"}
			}
		},
		{
			"from": [6, 0, 10],
			"to": [9, 1, 13],
			"rotation": {"angle": 0, "axis": "y", "origin": [0, -1, 0]},
			"faces": {
				"north": {"uv": [3, 9, 6, 10], "texture": "#4"},
				"east": {"uv": [2, 10, 5, 11], "texture": "#4"},
				"south": {"uv": [3, 10, 6, 11], "texture": "#4"},
				"west": {"uv": [2, 9, 5, 10], "texture": "#4"},
				"up": {"uv": [3, 5, 6, 8], "texture": "#4"},
				"down": {"uv": [3, 0, 6, 3], "texture": "#4"}
			}
		}
	]
}