{
	"credit": "Made by TC",
	"parent": "block/block",
	"textures": {
		"1": "block/red_mushroom_base",
		"2": "farmersdelight:block/mushroom_colony/red_mushroom_base",
		"3": "farmersdelight:block/mushroom_colony/red_mushroom_base_2",
		"4": "farmersdelight:block/mushroom_colony/red_mushroom_base_3",
		"particle": "block/red_mushroom_base"
	},
	"elements": [
		{
			"from": [12, 1, 11],
			"to": [16, 3, 15],
			"rotation": {"angle": 0, "axis": "y", "origin": [2, 0, 5]},
			"faces": {
				"north": {"uv": [2, 10, 6, 12], "texture": "#1"},
				"east": {"uv": [2, 10, 6, 12], "texture": "#1"},
				"south": {"uv": [2, 10, 6, 12], "texture": "#1"},
				"west": {"uv": [2, 10, 6, 12], "texture": "#1"},
				"up": {"uv": [2, 4, 6, 8], "texture": "#1"},
				"down": {"uv": [2, 0, 6, 4], "texture": "#1"}
			}
		},
		{
			"from": [10, 0, 0],
			"to": [15, 3, 5],
			"rotation": {"angle": 0, "axis": "y", "origin": [0, -1, -6]},
			"faces": {
				"north": {"uv": [11, 4, 16, 7], "texture": "#1"},
				"east": {"uv": [11, 4, 16, 7], "texture": "#1"},
				"south": {"uv": [11, 4, 16, 7], "texture": "#1"},
				"west": {"uv": [11, 4, 16, 7], "texture": "#1"},
				"up": {"uv": [9, 1, 14, 6], "texture": "#1"},
				"down": {"uv": [2, 0, 6, 4], "texture": "#2"}
			}
		},
		{
			"from": [10, 3, 7],
			"to": [14, 4, 11],
			"rotation": {"angle": 0, "axis": "y", "origin": [-1, 2, 1]},
			"faces": {
				"north": {"uv": [2, 11, 6, 12], "texture": "#1"},
				"east": {"uv": [2, 11, 6, 12], "texture": "#1"},
				"south": {"uv": [2, 11, 6, 12], "texture": "#1"},
				"west": {"uv": [2, 11, 6, 12], "texture": "#1"},
				"up": {"uv": [2, 4, 6, 8], "texture": "#1"},
				"down": {"uv": [2, 0, 6, 4], "texture": "#1"}
			}
		},
		{
			"from": [5, 4, 5],
			"to": [11, 8, 11],
			"faces": {
				"north": {"uv": [9, 9, 15, 13], "texture": "#4"},
				"east": {"uv": [9, 9, 15, 13], "texture": "#4"},
				"south": {"uv": [9, 9, 15, 13], "texture": "#4"},
				"west": {"uv": [9, 9, 15, 13], "texture": "#4"},
				"up": {"uv": [9, 1, 15, 7], "texture": "#4"},
				"down": {"uv": [2, 0, 6, 4], "texture": "#4"}
			}
		},
		{
			"from": [7, 0, 7],
			"to": [9, 4, 9],
			"rotation": {"angle": 0, "axis": "y", "origin": [0, 7, 0]},
			"faces": {
				"north": {"uv": [0, 12, 2, 16], "texture": "#3"},
				"east": {"uv": [0, 12, 2, 16], "texture": "#3"},
				"south": {"uv": [0, 12, 2, 16], "texture": "#3"},
				"west": {"uv": [0, 12, 2, 16], "texture": "#3"},
				"down": {"uv": [3, 1, 5, 3], "texture": "#1"}
			}
		},
		{
			"from": [11, 0, 8],
			"to": [13, 3, 10],
			"rotation": {"angle": 0, "axis": "y", "origin": [4, 7, 1]},
			"faces": {
				"north": {"uv": [0, 9, 2, 12], "texture": "#3"},
				"east": {"uv": [0, 9, 2, 12], "texture": "#3"},
				"south": {"uv": [0, 9, 2, 12], "texture": "#3"},
				"west": {"uv": [0, 9, 2, 12], "texture": "#3"},
				"down": {"uv": [3, 1, 5, 3], "texture": "#1"}
			}
		},
		{
			"from": [13, 0, 12],
			"to": [15, 2, 14],
			"rotation": {"angle": 0, "axis": "y", "origin": [2, 0, 5]},
			"faces": {
				"north": {"uv": [3, 11, 5, 13], "texture": "#1"},
				"east": {"uv": [3, 11, 5, 13], "texture": "#1"},
				"south": {"uv": [3, 11, 5, 13], "texture": "#1"},
				"west": {"uv": [3, 11, 5, 13], "texture": "#1"},
				"down": {"uv": [3, 1, 5, 3], "texture": "#1"}
			}
		},
		{
			"from": [0, 0, 0],
			"to": [4, 2, 4],
			"rotation": {"angle": 0, "axis": "y", "origin": [2, 0.5, 2]},
			"faces": {
				"north": {"uv": [2, 10, 6, 12], "texture": "#4"},
				"east": {"uv": [2, 10, 6, 12], "texture": "#4"},
				"south": {"uv": [2, 10, 6, 12], "texture": "#4"},
				"west": {"uv": [2, 10, 6, 12], "texture": "#4"},
				"up": {"uv": [2, 4, 6, 8], "rotation": 90, "texture": "#4"},
				"down": {"uv": [2, 0, 6, 4], "rotation": 270, "texture": "#4"}
			}
		},
		{
			"from": [5, 0, 5],
			"to": [6, 2, 6],
			"faces": {
				"north": {"uv": [4, 12, 5, 14], "texture": "#1"},
				"east": {"uv": [4, 12, 5, 14], "texture": "#1"},
				"south": {"uv": [4, 12, 5, 14], "texture": "#1"},
				"west": {"uv": [4, 12, 5, 14], "texture": "#1"},
				"down": {"uv": [3, 1, 5, 3], "texture": "#1"}
			}
		},
		{
			"from": [7, 0, 11],
			"to": [8, 1, 12],
			"faces": {
				"north": {"uv": [4, 13, 5, 14], "texture": "#1"},
				"east": {"uv": [4, 13, 5, 14], "texture": "#1"},
				"south": {"uv": [4, 13, 5, 14], "texture": "#1"},
				"west": {"uv": [4, 13, 5, 14], "texture": "#1"},
				"down": {"uv": [3, 1, 5, 3], "texture": "#1"}
			}
		},
		{
			"from": [4, 2, 4],
			"to": [7, 3, 7],
			"rotation": {"angle": 0, "axis": "y", "origin": [0, 1, 0]},
			"faces": {
				"north": {"uv": [3, 9, 6, 10], "texture": "#1"},
				"east": {"uv": [2, 11, 5, 12], "texture": "#1"},
				"south": {"uv": [2, 11, 5, 12], "texture": "#1"},
				"west": {"uv": [3, 10, 6, 11], "texture": "#1"},
				"up": {"uv": [3, 5, 6, 8], "texture": "#1"},
				"down": {"uv": [3, 0, 6, 3], "texture": "#1"}
			}
		},
		{
			"from": [1, 2, 9],
			"to": [4, 3, 12],
			"rotation": {"angle": 0, "axis": "y", "origin": [-3, 1, 5]},
			"faces": {
				"north": {"uv": [3, 9, 6, 10], "texture": "#1"},
				"east": {"uv": [2, 11, 5, 12], "texture": "#1"},
				"south": {"uv": [2, 11, 5, 12], "texture": "#1"},
				"west": {"uv": [3, 10, 6, 11], "texture": "#1"},
				"up": {"uv": [2, 4, 5, 7], "texture": "#1"},
				"down": {"uv": [3, 0, 6, 3], "texture": "#1"}
			}
		},
		{
			"from": [2, 0, 10],
			"to": [3, 2, 11],
			"rotation": {"angle": 0, "axis": "y", "origin": [-3, 0, 5]},
			"faces": {
				"north": {"uv": [4, 12, 5, 14], "texture": "#1"},
				"east": {"uv": [4, 12, 5, 14], "texture": "#1"},
				"south": {"uv": [4, 12, 5, 14], "texture": "#1"},
				"west": {"uv": [4, 12, 5, 14], "texture": "#1"},
				"down": {"uv": [3, 1, 5, 3], "texture": "#1"}
			}
		},
		{
			"from": [6, 1, 10],
			"to": [9, 2, 13],
			"faces": {
				"north": {"uv": [3, 9, 6, 10], "texture": "#4"},
				"east": {"uv": [2, 10, 5, 11], "texture": "#4"},
				"south": {"uv": [3, 10, 6, 11], "texture": "#4"},
				"west": {"uv": [2, 9, 5, 10], "texture": "#4"},
				"up": {"uv": [3, 5, 6, 8], "texture": "#4"},
				"down": {"uv": [3, 0, 6, 3], "texture": "#4"}
			}
		}
	]
}