{
	"credit": "Made by TC",
	"parent": "block/block",
	"textures": {
		"1": "block/red_mushroom_base",
		"3": "farmersdelight:block/mushroom_colony/red_mushroom_base_2",
		"4": "farmersdelight:block/mushroom_colony/red_mushroom_base_3",
		"particle": "block/red_mushroom_base"
	},
	"elements": [
		{
			"from": [12, 0, 11],
			"to": [16, 2, 15],
			"rotation": {"angle": 0, "axis": "y", "origin": [2, -1, 5]},
			"faces": {
				"north": {"uv": [2, 10, 6, 12], "texture": "#1"},
				"east": {"uv": [2, 10, 6, 12], "texture": "#1"},
				"south": {"uv": [2, 10, 6, 12], "texture": "#1"},
				"west": {"uv": [2, 10, 6, 12], "texture": "#1"},
				"up": {"uv": [2, 4, 6, 8], "texture": "#1"},
				"down": {"uv": [2, 0, 6, 4], "texture": "#1"}
			}
		},
		{
			"from": [11, 0, 1],
			"to": [14, 1, 4],
			"rotation": {"angle": 0, "axis": "y", "origin": [0, -2, -6]},
			"faces": {
				"north": {"uv": [9, 5, 12, 6], "texture": "#1"},
				"east": {"uv": [9, 5, 12, 6], "texture": "#1"},
				"south": {"uv": [9, 5, 12, 6], "texture": "#1"},
				"west": {"uv": [9, 5, 12, 6], "texture": "#1"},
				"up": {"uv": [12, 1, 15, 4], "texture": "#1"},
				"down": {"uv": [0, 0, 3, 3], "texture": "#3"}
			}
		},
		{
			"from": [10, 0, 7],
			"to": [14, 1, 11],
			"rotation": {"angle": 0, "axis": "y", "origin": [-1, -1, 1]},
			"faces": {
				"north": {"uv": [2, 11, 6, 12], "texture": "#1"},
				"east": {"uv": [2, 11, 6, 12], "texture": "#1"},
				"south": {"uv": [2, 11, 6, 12], "texture": "#1"},
				"west": {"uv": [2, 11, 6, 12], "texture": "#1"},
				"up": {"uv": [2, 4, 6, 8], "texture": "#1"},
				"down": {"uv": [2, 0, 6, 4], "texture": "#1"}
			}
		},
		{
			"from": [6, 2, 6],
			"to": [10, 5, 10],
			"rotation": {"angle": 0, "axis": "y", "origin": [0, -2, 0]},
			"faces": {
				"north": {"uv": [11, 10, 15, 13], "texture": "#4"},
				"east": {"uv": [11, 10, 15, 13], "texture": "#4"},
				"south": {"uv": [11, 10, 15, 13], "texture": "#4"},
				"west": {"uv": [11, 10, 15, 13], "texture": "#4"},
				"up": {"uv": [9, 1, 13, 5], "texture": "#4"},
				"down": {"uv": [2, 0, 6, 4], "texture": "#4"}
			}
		},
		{
			"from": [7, 0, 7],
			"to": [9, 2, 9],
			"rotation": {"angle": 0, "axis": "y", "origin": [0, 7, 0]},
			"faces": {
				"north": {"uv": [0, 12, 2, 14], "texture": "#3"},
				"east": {"uv": [0, 12, 2, 14], "texture": "#3"},
				"south": {"uv": [0, 12, 2, 14], "texture": "#3"},
				"west": {"uv": [0, 12, 2, 14], "texture": "#3"},
				"down": {"uv": [3, 1, 5, 3], "texture": "#1"}
			}
		},
		{
			"from": [1, 0, 1],
			"to": [3, 1, 3],
			"rotation": {"angle": 0, "axis": "y", "origin": [2, 0.5, 2]},
			"faces": {
				"north": {"uv": [2, 10, 4, 11], "texture": "#4"},
				"east": {"uv": [2, 10, 4, 11], "texture": "#4"},
				"south": {"uv": [2, 10, 4, 11], "texture": "#4"},
				"west": {"uv": [2, 10, 4, 11], "texture": "#4"},
				"up": {"uv": [10, 5, 12, 7], "rotation": 90, "texture": "#4"},
				"down": {"uv": [3, 1, 5, 3], "rotation": 90, "texture": "#4"}
			}
		},
		{
			"from": [1, 0, 9],
			"to": [4, 1, 12],
			"rotation": {"angle": 0, "axis": "y", "origin": [-3, -1, 5]},
			"faces": {
				"north": {"uv": [3, 9, 6, 10], "texture": "#1"},
				"east": {"uv": [2, 11, 5, 12], "texture": "#1"},
				"south": {"uv": [2, 11, 5, 12], "texture": "#1"},
				"west": {"uv": [3, 10, 6, 11], "texture": "#1"},
				"up": {"uv": [2, 4, 5, 7], "texture": "#1"},
				"down": {"uv": [3, 0, 6, 3], "texture": "#1"}
			}
		}
	]
}