{
	"credit": "Made by TC",
	"parent": "block/block",
	"textures": {
		"1": "farmersdelight:block/mushroom_colony/red_mushroom_base",
		"2": "farmersdelight:block/mushroom_colony/red_mushroom_base_2",
		"3": "farmersdelight:block/mushroom_colony/red_mushroom_base_3",
		"particle": "farmersdelight:block/mushroom_colony/red_mushroom_base"
	},
	"elements": [
		{
			"from": [8, 2, 6],
			"to": [14, 6, 12],
			"rotation": {"angle": 0, "axis": "y", "origin": [3, 0, 0]},
			"faces": {
				"north": {"uv": [10, 4, 16, 8], "texture": "#1"},
				"east": {"uv": [10, 4, 16, 8], "texture": "#1"},
				"south": {"uv": [10, 4, 16, 8], "texture": "#1"},
				"west": {"uv": [10, 4, 16, 8], "texture": "#1"},
				"up": {"uv": [9, 1, 15, 7], "texture": "#1"},
				"down": {"uv": [2, 0, 8, 6], "texture": "#2"}
			}
		},
		{
			"from": [10, 0, 8],
			"to": [12, 2, 10],
			"rotation": {"angle": 0, "axis": "y", "origin": [3, 14, 0]},
			"faces": {
				"north": {"uv": [4, 14, 6, 16], "texture": "#2"},
				"east": {"uv": [4, 14, 6, 16], "texture": "#2"},
				"south": {"uv": [4, 14, 6, 16], "texture": "#2"},
				"west": {"uv": [4, 14, 6, 16], "texture": "#2"},
				"down": {"uv": [3, 1, 5, 3], "texture": "#1"}
			}
		},
		{
			"from": [6, 0, 12],
			"to": [9, 1, 15],
			"rotation": {"angle": 0, "axis": "y", "origin": [3, -0.5, 9]},
			"faces": {
				"north": {"uv": [2, 11, 5, 12], "texture": "#3"},
				"east": {"uv": [3, 11, 6, 12], "texture": "#3"},
				"south": {"uv": [3, 11, 6, 12], "texture": "#3"},
				"west": {"uv": [10, 1, 13, 2], "texture": "#3"},
				"up": {"uv": [10, 9, 13, 12], "texture": "#3"},
				"down": {"uv": [0, 0, 3, 3], "texture": "#2"}
			}
		},
		{
			"from": [1, 0, 1],
			"to": [5, 2, 5],
			"rotation": {"angle": 0, "axis": "y", "origin": [-3, -0.5, -3]},
			"faces": {
				"north": {"uv": [10, 10, 14, 13], "texture": "#3"},
				"east": {"uv": [10, 10, 14, 13], "texture": "#3"},
				"south": {"uv": [10, 10, 14, 13], "texture": "#3"},
				"west": {"uv": [10, 10, 14, 13], "texture": "#3"},
				"up": {"uv": [10, 1, 16, 7], "texture": "#3"},
				"down": {"uv": [2, 0, 8, 6], "texture": "#2"}
			}
		},
		{
			"from": [13, 0, 6],
			"to": [16, 1, 9],
			"rotation": {"angle": 0, "axis": "y", "origin": [10, -0.5, 3]},
			"faces": {
				"north": {"uv": [2, 11, 5, 12], "texture": "#3"},
				"east": {"uv": [3, 11, 6, 12], "texture": "#3"},
				"south": {"uv": [3, 11, 6, 12], "texture": "#3"},
				"west": {"uv": [10, 1, 13, 2], "texture": "#3"},
				"up": {"uv": [10, 4, 13, 7], "texture": "#3"},
				"down": {"uv": [0, 0, 3, 3], "texture": "#2"}
			}
		},
		{
			"from": [1, 0, 11],
			"to": [3, 1, 13],
			"rotation": {"angle": 0, "axis": "y", "origin": [-3, 0, 7]},
			"faces": {
				"north": {"uv": [3, 15, 5, 16], "texture": "#1"},
				"east": {"uv": [3, 15, 5, 16], "texture": "#1"},
				"south": {"uv": [3, 15, 5, 16], "texture": "#1"},
				"west": {"uv": [3, 15, 5, 16], "texture": "#1"},
				"down": {"uv": [4, 13, 5, 14], "texture": "#1"}
			}
		},
		{
			"from": [0, 1, 10],
			"to": [4, 2, 14],
			"rotation": {"angle": 0, "axis": "y", "origin": [-3, 0.5, 7]},
			"faces": {
				"north": {"uv": [2, 10, 6, 11], "texture": "#1"},
				"east": {"uv": [2, 10, 6, 11], "texture": "#1"},
				"south": {"uv": [2, 10, 6, 11], "texture": "#1"},
				"west": {"uv": [2, 10, 6, 11], "texture": "#1"},
				"up": {"uv": [2, 4, 6, 8], "texture": "#1"},
				"down": {"uv": [2, 0, 6, 4], "texture": "#1"}
			}
		},
		{
			"from": [9, 0.5, 1],
			"to": [12, 2.5, 4],
			"rotation": {"angle": 0, "axis": "y", "origin": [6, 0, -2]},
			"faces": {
				"north": {"uv": [3, 10, 6, 12], "texture": "#1"},
				"east": {"uv": [3, 10, 6, 12], "texture": "#1"},
				"south": {"uv": [3, 10, 6, 12], "texture": "#1"},
				"west": {"uv": [3, 10, 6, 12], "texture": "#1"},
				"up": {"uv": [3, 5, 6, 8], "texture": "#1"},
				"down": {"uv": [0, 0, 3, 3], "texture": "#2"}
			}
		}
	]
}