{
	"credit": "Made by TC",
	"parent": "minecraft:block/cross",
	"render_type": "minecraft:cutout",
	"textures": {
		"1": "farmersdelight:block/rice/rice_panicles_stage1",
		"particle": "farmersdelight:block/rice_panicles_stage1"
	},
	"elements": [
		{
			"from": [8, -1, 0],
			"to": [8, 15, 16],
			"shade": false,
			"rotation": {"angle": -45, "axis": "y", "origin": [8, 7, 8]},
			"faces": {
				"east": {"uv": [0, 0, 16, 16], "texture": "#1"},
				"west": {"uv": [0, 0, 16, 16], "texture": "#1"}
			}
		},
		{
			"from": [0, -1, 8],
			"to": [16, 15, 8],
			"shade": false,
			"rotation": {"angle": -45, "axis": "y", "origin": [8, 7, 8]},
			"faces": {
				"north": {"uv": [0, 0, 16, 16], "texture": "#1"},
				"south": {"uv": [0, 0, 16, 16], "texture": "#1"}
			}
		}
	],
	"groups": [
		{
			"name": "group",
			"origin": [8, 8, 8],
			"color": 0,
			"shade": false,
			"children": []
		},
		{
			"name": "group",
			"origin": [8, 7, 8],
			"color": 0,
			"shade": false,
			"children": [0, 1]
		}
	]
}