{
	"credit": "Made with Blockbench",
	"parent": "block/block",
	"render_type": "minecraft:cutout",
	"textures": {
		"particle": "farmersdelight:block/roast_chicken_eaten",
		"body": "farmersdelight:block/roast_chicken_eaten",
		"gibs": "farmersdelight:block/roast_chicken_gibs",
		"tray_bottom": "farmersdelight:block/tray_bottom",
		"tray_top": "farmersdelight:block/tray_top_veggies"
	},
	"elements": [
		{
			"name": "body",
			"from": [4, 2, 10],
			"to": [12, 9, 12],
			"faces": {
				"north": {"uv": [8, 1, 16, 8], "texture": "#body"},
				"east": {"uv": [0, 9, 2, 16], "texture": "#body"},
				"south": {"uv": [8, 9, 16, 16], "texture": "#body"},
				"west": {"uv": [2, 9, 0, 16], "texture": "#body"},
				"up": {"uv": [0, 6, 8, 8], "texture": "#body"}
			}
		},
		{
			"name": "right_leg",
			"from": [12, 5, 9],
			"to": [14, 8, 13],
			"faces": {
				"north": {"uv": [12, 13, 14, 16], "texture": "#gibs"},
				"east": {"uv": [8, 13, 12, 16], "texture": "#gibs"},
				"south": {"uv": [14, 13, 16, 16], "texture": "#gibs"},
				"west": {"uv": [12, 13, 8, 16], "texture": "#gibs"},
				"up": {"uv": [12, 9, 14, 13], "texture": "#gibs"},
				"down": {"uv": [14, 9, 16, 13], "texture": "#gibs"}
			}
		},
		{
			"name": "ribcage_end",
			"from": [5, 8, 5],
			"to": [11, 8, 11],
			"faces": {
				"up": {"uv": [1, 9, 7, 15], "texture": "#gibs"},
				"down": {"uv": [1, 9, 7, 15], "rotation": 180, "texture": "#gibs"}
			}
		},
		{
			"name": "spine",
			"from": [5, 3, 5],
			"to": [11, 3, 11],
			"faces": {
				"up": {"uv": [1, 1, 7, 7], "texture": "#gibs"},
				"down": {"uv": [1, 1, 7, 7], "rotation": 180, "texture": "#gibs"}
			}
		},
		{
			"name": "ribcage_left",
			"from": [5, 3, 5],
			"to": [5, 8, 11],
			"faces": {
				"east": {"uv": [15, 2, 9, 7], "texture": "#gibs"},
				"west": {"uv": [9, 2, 15, 7], "texture": "#gibs"}
			}
		},
		{
			"name": "ribcage_right",
			"from": [11, 3, 5],
			"to": [11, 8, 11],
			"faces": {
				"east": {"uv": [15, 2, 9, 7], "texture": "#gibs"},
				"west": {"uv": [9, 2, 15, 7], "texture": "#gibs"}
			}
		},
		{
			"name": "plate",
			"from": [1, 0, 1],
			"to": [15, 2, 15],
			"faces": {
				"north": {"uv": [1, 1, 15, 3], "texture": "#tray_bottom"},
				"east": {"uv": [1, 1, 15, 3], "texture": "#tray_bottom"},
				"south": {"uv": [1, 1, 15, 3], "texture": "#tray_bottom"},
				"west": {"uv": [1, 1, 15, 3], "texture": "#tray_bottom"},
				"up": {"uv": [1, 1, 15, 15], "texture": "#tray_top"},
				"down": {"uv": [1, 1, 15, 15], "texture": "#tray_bottom", "cullface": "down"}
			}
		}
	],
	"groups": [
		{
			"name": "roast_chicken",
			"origin": [8, 8, 8],
			"color": 0,
			"children": [
				{
					"name": "chicken",
					"origin": [8, 8, 8],
					"color": 0,
					"children": [
						0,
						1,
						{
							"name": "bones",
							"origin": [16, 28, 16],
							"color": 0,
							"children": [2, 3, 4, 5]
						}
					]
				},
				{
					"name": "plate",
					"origin": [8, 8, 8],
					"color": 0,
					"children": [6]
				}
			]
		}
	]
}