{
	"credit": "Made by TC",
	"parent": "minecraft:block/orientable",
	"textures": {
		"1": "farmersdelight:block/spruce_cabinet_side",
		"2": "farmersdelight:block/spruce_cabinet_front",
		"3": "farmersdelight:block/spruce_cabinet_front_open",
		"4": "farmersdelight:block/spruce_cabinet_top",
		"particle": "farmersdelight:block/spruce_cabinet_front_open"
	},
	"elements": [
		{
			"from": [0, 0, 0],
			"to": [16, 1, 1],
			"rotation": {"angle": 0, "axis": "y", "origin": [4, 8, 0.5]},
			"faces": {
				"north": {"uv": [0, 15, 16, 16], "texture": "#2"},
				"east": {"uv": [15, 15, 16, 16], "texture": "#2"},
				"west": {"uv": [0, 15, 1, 16], "texture": "#2"},
				"up": {"uv": [0, 15, 16, 16], "texture": "#2"},
				"down": {"uv": [0, 15, 16, 16], "texture": "#2"}
			}
		},
		{
			"from": [0, 15, 0],
			"to": [16, 16, 1],
			"rotation": {"angle": 0, "axis": "y", "origin": [4, 23, 0.5]},
			"faces": {
				"north": {"uv": [0, 0, 16, 1], "texture": "#2"},
				"east": {"uv": [15, 0, 16, 1], "texture": "#2"},
				"west": {"uv": [0, 0, 1, 1], "texture": "#2"},
				"up": {"uv": [0, 0, 16, 1], "texture": "#2"},
				"down": {"uv": [0, 0, 16, 1], "texture": "#2"}
			}
		},
		{
			"from": [0, 0, 1],
			"to": [16, 16, 16],
			"faces": {
				"north": {"uv": [0, 0, 16, 16], "texture": "#3"},
				"east": {"uv": [0, 0, 15, 16], "texture": "#1"},
				"south": {"uv": [0, 0, 16, 16], "texture": "#1"},
				"west": {"uv": [1, 0, 16, 16], "texture": "#1"},
				"up": {"uv": [0, 1, 16, 16], "texture": "#4"},
				"down": {"uv": [0, 0, 16, 15], "texture": "#4"}
			}
		},
		{
			"from": [0, 1, 0],
			"to": [1, 15, 1],
			"rotation": {"angle": 0, "axis": "y", "origin": [0, 1, 0]},
			"faces": {
				"north": {"uv": [15, 1, 16, 15], "texture": "#2"},
				"east": {"uv": [15, 1, 16, 15], "texture": "#2"},
				"west": {"uv": [0, 1, 1, 15], "texture": "#2"}
			}
		},
		{
			"from": [15, 1, 0],
			"to": [16, 15, 1],
			"rotation": {"angle": 0, "axis": "y", "origin": [15, 1, 0]},
			"faces": {
				"north": {"uv": [0, 1, 1, 15], "texture": "#2"},
				"east": {"uv": [15, 1, 16, 15], "texture": "#2"},
				"west": {"uv": [0, 1, 1, 15], "texture": "#2"}
			}
		},
		{
			"from": [2, 2, -3],
			"to": [14, 3, 1],
			"rotation": {"angle": 0, "axis": "y", "origin": [2, 2, -3]},
			"faces": {
				"east": {"uv": [2, 6, 6, 7], "texture": "#1"},
				"west": {"uv": [0, 0, 4, 1], "texture": "#1"},
				"up": {"uv": [2, 7, 14, 3], "texture": "#1"},
				"down": {"uv": [2, 3, 14, 7], "texture": "#1"}
			}
		},
		{
			"from": [13, 3, -3],
			"to": [14, 6, 1],
			"rotation": {"angle": 0, "axis": "y", "origin": [2, 3, -3]},
			"faces": {
				"east": {"uv": [2, 3, 6, 6], "texture": "#1"},
				"west": {"uv": [2, 3, 6, 6], "texture": "#1"},
				"up": {"uv": [2, 3, 3, 7], "texture": "#1"}
			}
		},
		{
			"from": [2, 2, -4],
			"to": [14, 7, -3],
			"rotation": {"angle": 0, "axis": "y", "origin": [2, 2, -4]},
			"faces": {
				"north": {"uv": [2, 9, 14, 14], "texture": "#2"},
				"east": {"uv": [2, 2, 3, 7], "texture": "#2"},
				"south": {"uv": [2, 9, 14, 14], "texture": "#1"},
				"west": {"uv": [13, 2, 14, 7], "texture": "#2"},
				"up": {"uv": [2, 2, 14, 3], "texture": "#2"},
				"down": {"uv": [2, 6, 14, 7], "texture": "#2"}
			}
		},
		{
			"from": [2, 3, -3],
			"to": [3, 6, 1],
			"rotation": {"angle": 0, "axis": "y", "origin": [-9, 3, -3]},
			"faces": {
				"east": {"uv": [2, 3, 6, 6], "texture": "#1"},
				"west": {"uv": [2, 3, 6, 6], "texture": "#1"},
				"up": {"uv": [2, 3, 3, 7], "texture": "#1"}
			}
		},
		{
			"from": [2, 9, -2],
			"to": [14, 14, -1],
			"rotation": {"angle": 0, "axis": "y", "origin": [2, 9, -2]},
			"faces": {
				"north": {"uv": [2, 2, 14, 7], "texture": "#2"},
				"east": {"uv": [2, 2, 3, 7], "texture": "#2"},
				"south": {"uv": [2, 2, 14, 7], "texture": "#1"},
				"west": {"uv": [13, 2, 14, 7], "texture": "#2"},
				"up": {"uv": [2, 2, 14, 3], "texture": "#2"},
				"down": {"uv": [2, 6, 14, 7], "texture": "#2"}
			}
		},
		{
			"from": [13, 10, -1],
			"to": [14, 13, 3],
			"rotation": {"angle": 0, "axis": "y", "origin": [2, 10, -1]},
			"faces": {
				"east": {"uv": [2, 3, 6, 6], "texture": "#1"},
				"west": {"uv": [2, 3, 6, 6], "texture": "#1"},
				"up": {"uv": [2, 3, 3, 7], "texture": "#1"}
			}
		},
		{
			"from": [2, 10, -1],
			"to": [3, 13, 3],
			"rotation": {"angle": 0, "axis": "y", "origin": [-9, 10, -1]},
			"faces": {
				"east": {"uv": [2, 3, 6, 6], "texture": "#1"},
				"west": {"uv": [2, 3, 6, 6], "texture": "#1"},
				"up": {"uv": [2, 3, 3, 7], "texture": "#1"}
			}
		},
		{
			"from": [2, 9, -1],
			"to": [14, 10, 3],
			"rotation": {"angle": 0, "axis": "y", "origin": [2, 9, -1]},
			"faces": {
				"east": {"uv": [2, 6, 6, 7], "texture": "#1"},
				"west": {"uv": [0, 0, 4, 1], "texture": "#1"},
				"up": {"uv": [2, 7, 14, 3], "texture": "#1"},
				"down": {"uv": [2, 3, 14, 7], "texture": "#1"}
			}
		}
	],
	"groups": [
		0,
		1,
		2,
		3,
		4,
		{
			"name": "Bottom Shelf",
			"origin": [2, 2, -3],
			"color": 0,
			"children": [5, 6, 7, 8]
		},
		{
			"name": "Top Shelf",
			"origin": [-9, 10, -3],
			"color": 0,
			"children": [9, 10, 11, 12]
		}
	]
}