{
	"credit": "Made by TC",
	"ambientocclusion": false,
	"render_type": "minecraft:cutout",
	"textures": {
		"stem": "farmersdelight:block/tomatoes_stage0",
		"bottom": "farmersdelight:block/tomato/tomato_stem_bottom",
		"particle": "farmersdelight:block/tomato/tomatoes"
	},
	"elements": [
		{
			"name": "Plane",
			"from": [8.0001, -1, -0.00025],
			"to": [8.0011, 15, 15.99975],
			"shade": false,
			"rotation": {"angle": -45, "axis": "y", "origin": [8.00035, 7, 8]},
			"faces": {
				"east": {"uv": [16, 0, 0, 16], "texture": "#stem"},
				"west": {"uv": [0, 0, 16, 16], "texture": "#stem"}
			}
		},
		{
			"name": "Plane",
			"from": [0.0001, -1, 7.99975],
			"to": [16.0001, 15, 8.00075],
			"shade": false,
			"rotation": {"angle": -45, "axis": "y", "origin": [8.00035, 7, 8]},
			"faces": {
				"north": {"uv": [0, 0, 16, 16], "texture": "#stem"},
				"south": {"uv": [16, 0, 0, 16], "texture": "#stem"}
			}
		},
		{
			"name": "Bottom",
			"from": [6.82844, -0.76789, 0],
			"to": [22.82844, -0.76689, 16],
			"rotation": {"angle": 22.5, "axis": "z", "origin": [8.00019, 2.06147, 8]},
			"faces": {
				"up": {"uv": [16, 16, 0, 1], "rotation": 270, "texture": "#bottom"},
				"down": {"uv": [0, 1, 16, 16], "rotation": 90, "texture": "#bottom"}
			}
		},
		{
			"name": "Bottom",
			"from": [-6.82841, -0.76703, 0],
			"to": [9.17159, -0.76603, 16],
			"rotation": {"angle": -22.5, "axis": "z", "origin": [8.00019, 2.06147, 8]},
			"faces": {
				"up": {"uv": [0, 1, 16, 16], "rotation": 270, "texture": "#bottom"},
				"down": {"uv": [16, 16, 0, 1], "rotation": 90, "texture": "#bottom"}
			}
		}
	]
}