{
	"credit": "Made by TC",
	"ambientocclusion": false,
	"render_type": "minecraft:cutout",
	"textures": {
		"3": "farmersdelight:block/tomato/tomatoes",
		"particle": "farmersdelight:block/tomatoes_vine_stage0",
		"crop": "farmersdelight:block/tomatoes_vine_stage0",
		"rope_side": "farmersdelight:block/tomatoes_coiled_rope",
		"rope_top": "farmersdelight:block/rope_top"
	},
	"elements": [
		{
			"from": [7, 0, 7],
			"to": [9, 16, 9],
			"rotation": {"angle": 0, "axis": "y", "origin": [8, 7.5, 8]},
			"faces": {
				"north": {"uv": [7, 0, 9, 16], "texture": "#rope_side"},
				"east": {"uv": [9, 0, 7, 16], "texture": "#rope_side"},
				"south": {"uv": [7, 0, 9, 16], "texture": "#rope_side"},
				"west": {"uv": [9, 0, 7, 16], "texture": "#rope_side"},
				"up": {"uv": [7, 7, 9, 9], "rotation": 90, "texture": "#rope_top"},
				"down": {"uv": [7, 7, 9, 9], "rotation": 270, "texture": "#rope_top"}
			}
		},
		{
			"from": [0.8, -1, 8],
			"to": [15.2, 15, 8],
			"shade": false,
			"rotation": {"angle": -45, "axis": "y", "origin": [8, 7.5, 8], "rescale": true},
			"faces": {
				"north": {"uv": [0, 0, 16, 16], "texture": "#crop"},
				"south": {"uv": [16, 0, 0, 16], "texture": "#crop"}
			}
		},
		{
			"from": [8, -1, 0.8],
			"to": [8, 15, 15.2],
			"shade": false,
			"rotation": {"angle": -45, "axis": "y", "origin": [8, 7.5, 8], "rescale": true},
			"faces": {
				"east": {"uv": [16, 0, 0, 16], "texture": "#crop"},
				"west": {"uv": [0, 0, 16, 16], "texture": "#crop"}
			}
		},
		{
			"from": [5.23486, 3.0061, 9],
			"to": [7.23486, 5.0061, 11],
			"rotation": {"angle": -22.5, "axis": "z", "origin": [6.23486, 4.0061, 10]},
			"faces": {
				"north": {"uv": [0, 0, 2, 2], "texture": "#3"},
				"east": {"uv": [0, 0, 2, 2], "texture": "#3"},
				"south": {"uv": [0, 0, 2, 2], "texture": "#3"},
				"west": {"uv": [0, 0, 2, 2], "texture": "#3"},
				"up": {"uv": [2, 2, 0, 4], "rotation": 270, "texture": "#3"},
				"down": {"uv": [0, 6, 2, 4], "rotation": 90, "texture": "#3"}
			}
		},
		{
			"from": [5.48486, 11.5061, 9],
			"to": [7.48486, 13.5061, 11],
			"rotation": {"angle": 22.5, "axis": "x", "origin": [6.48486, 12.5061, 10]},
			"faces": {
				"north": {"uv": [0, 0, 2, 2], "texture": "#3"},
				"east": {"uv": [0, 0, 2, 2], "texture": "#3"},
				"south": {"uv": [0, 0, 2, 2], "texture": "#3"},
				"west": {"uv": [0, 0, 2, 2], "texture": "#3"},
				"up": {"uv": [2, 2, 0, 4], "rotation": 270, "texture": "#3"},
				"down": {"uv": [0, 6, 2, 4], "rotation": 90, "texture": "#3"}
			}
		},
		{
			"from": [2.48486, 6.0061, 2],
			"to": [4.48486, 8.0061, 4],
			"rotation": {"angle": 22.5, "axis": "z", "origin": [3.48486, 7.0061, 3]},
			"faces": {
				"north": {"uv": [0, 0, 2, 2], "texture": "#3"},
				"east": {"uv": [0, 0, 2, 2], "texture": "#3"},
				"south": {"uv": [0, 0, 2, 2], "texture": "#3"},
				"west": {"uv": [0, 0, 2, 2], "texture": "#3"},
				"up": {"uv": [2, 2, 0, 4], "rotation": 270, "texture": "#3"},
				"down": {"uv": [0, 6, 2, 4], "rotation": 90, "texture": "#3"}
			}
		},
		{
			"from": [12.98486, 8.7561, 1],
			"to": [14.98486, 10.7561, 3],
			"rotation": {"angle": -22.5, "axis": "x", "origin": [13.98486, 9.7561, 2]},
			"faces": {
				"north": {"uv": [0, 0, 2, 2], "texture": "#3"},
				"east": {"uv": [0, 0, 2, 2], "texture": "#3"},
				"south": {"uv": [0, 0, 2, 2], "texture": "#3"},
				"west": {"uv": [0, 0, 2, 2], "texture": "#3"},
				"up": {"uv": [2, 2, 0, 4], "texture": "#3"},
				"down": {"uv": [0, 6, 2, 4], "texture": "#3"}
			}
		}
	]
}