{
	"credit": "Made by TC",
	"ambientocclusion": false,
	"render_type": "minecraft:cutout",
	"textures": {
		"particle": "farmersdelight:block/tomatoes_vine_stage0",
		"crop": "farmersdelight:block/tomatoes_vine_stage0",
		"rope_side": "farmersdelight:block/tomatoes_coiled_rope",
		"rope_top": "farmersdelight:block/rope_top"
	},
	"elements": [
		{
			"from": [7, 0, 7],
			"to": [9, 16, 9],
			"rotation": {"angle": 0, "axis": "y", "origin": [8, 7.5, 8]},
			"faces": {
				"north": {"uv": [7, 0, 9, 16], "texture": "#rope_side"},
				"east": {"uv": [9, 0, 7, 16], "texture": "#rope_side"},
				"south": {"uv": [7, 0, 9, 16], "texture": "#rope_side"},
				"west": {"uv": [9, 0, 7, 16], "texture": "#rope_side"},
				"up": {"uv": [7, 7, 9, 9], "rotation": 90, "texture": "#rope_top"},
				"down": {"uv": [7, 7, 9, 9], "rotation": 270, "texture": "#rope_top"}
			}
		},
		{
			"from": [0.8, -1, 8],
			"to": [15.2, 15, 8],
			"shade": false,
			"rotation": {"angle": -45, "axis": "y", "origin": [8, 7.5, 8], "rescale": true},
			"faces": {
				"north": {"uv": [0, 0, 16, 16], "texture": "#crop"},
				"south": {"uv": [16, 0, 0, 16], "texture": "#crop"}
			}
		},
		{
			"from": [8, -1, 0.8],
			"to": [8, 15, 15.2],
			"shade": false,
			"rotation": {"angle": -45, "axis": "y", "origin": [8, 7.5, 8], "rescale": true},
			"faces": {
				"east": {"uv": [16, 0, 0, 16], "texture": "#crop"},
				"west": {"uv": [0, 0, 16, 16], "texture": "#crop"}
			}
		}
	]
}