{
	"credit": "Made by TC",
	"ambientocclusion": false,
	"render_type": "minecraft:cutout",
	"textures": {
		"2": "farmersdelight:block/tomato/tomatoes",
		"stem": "farmersdelight:block/tomatoes_stage0",
		"bottom": "farmersdelight:block/tomato/tomato_stem_bottom",
		"particle": "farmersdelight:block/tomato/tomatoes"
	},
	"elements": [
		{
			"name": "Plane",
			"from": [8.0001, -1, -0.00025],
			"to": [8.0011, 15, 15.99975],
			"shade": false,
			"rotation": {"angle": -45, "axis": "y", "origin": [8.00035, 7, 8]},
			"faces": {
				"east": {"uv": [16, 0, 0, 16], "texture": "#stem"},
				"west": {"uv": [0, 0, 16, 16], "texture": "#stem"}
			}
		},
		{
			"name": "Plane",
			"from": [0.0001, -1, 7.99975],
			"to": [16.0001, 15, 8.00075],
			"shade": false,
			"rotation": {"angle": -45, "axis": "y", "origin": [8.00035, 7, 8]},
			"faces": {
				"north": {"uv": [0, 0, 16, 16], "texture": "#stem"},
				"south": {"uv": [16, 0, 0, 16], "texture": "#stem"}
			}
		},
		{
			"name": "Bottom",
			"from": [6.82844, -0.76789, 0],
			"to": [22.82844, -0.76689, 16],
			"rotation": {"angle": 22.5, "axis": "z", "origin": [8.00019, 2.06147, 8]},
			"faces": {
				"up": {"uv": [16, 16, 0, 1], "rotation": 270, "texture": "#bottom"},
				"down": {"uv": [0, 1, 16, 16], "rotation": 90, "texture": "#bottom"}
			}
		},
		{
			"name": "Bottom",
			"from": [-6.82841, -0.76703, 0],
			"to": [9.17159, -0.76603, 16],
			"rotation": {"angle": -22.5, "axis": "z", "origin": [8.00019, 2.06147, 8]},
			"faces": {
				"up": {"uv": [0, 1, 16, 16], "rotation": 270, "texture": "#bottom"},
				"down": {"uv": [16, 16, 0, 1], "rotation": 90, "texture": "#bottom"}
			}
		},
		{
			"from": [6.25, 9.78947, 8.49627],
			"to": [8.25, 11.78947, 10.49627],
			"rotation": {"angle": 22.5, "axis": "x", "origin": [9.77828, 11.7706, 4.625]},
			"faces": {
				"north": {"uv": [2, 0, 0, 2], "texture": "#2"},
				"east": {"uv": [2, 0, 0, 2], "texture": "#2"},
				"south": {"uv": [2, 0, 0, 2], "texture": "#2"},
				"west": {"uv": [2, 0, 0, 2], "texture": "#2"},
				"up": {"uv": [2, 2, 0, 4], "texture": "#2"},
				"down": {"uv": [2, 4, 0, 6], "texture": "#2"}
			}
		},
		{
			"from": [4.48486, 5.2561, 3],
			"to": [6.48486, 7.2561, 5],
			"rotation": {"angle": 22.5, "axis": "z", "origin": [8.52828, 1.7706, 8.375]},
			"faces": {
				"north": {"uv": [0, 0, 2, 2], "texture": "#2"},
				"east": {"uv": [0, 0, 2, 2], "texture": "#2"},
				"south": {"uv": [0, 0, 2, 2], "texture": "#2"},
				"west": {"uv": [0, 0, 2, 2], "texture": "#2"},
				"up": {"uv": [2, 2, 0, 4], "texture": "#2"},
				"down": {"uv": [0, 6, 2, 4], "texture": "#2"}
			}
		},
		{
			"from": [10.5, 8.87133, 3.61268],
			"to": [12.5, 10.87133, 5.61268],
			"rotation": {"angle": -22.5, "axis": "x", "origin": [7.27828, 7.7706, 7.125]},
			"faces": {
				"north": {"uv": [0, 0, 2, 2], "texture": "#2"},
				"east": {"uv": [0, 0, 2, 2], "texture": "#2"},
				"south": {"uv": [0, 0, 2, 2], "texture": "#2"},
				"west": {"uv": [0, 0, 2, 2], "texture": "#2"},
				"up": {"uv": [2, 2, 0, 4], "texture": "#2"},
				"down": {"uv": [2, 6, 0, 4], "texture": "#2"}
			}
		},
		{
			"from": [11.60204, 6.75089, 10.5],
			"to": [13.60204, 8.75089, 12.5],
			"rotation": {"angle": -22.5, "axis": "z", "origin": [7.27828, 8.7706, 7.125]},
			"faces": {
				"north": {"uv": [0, 0, 2, 2], "texture": "#2"},
				"east": {"uv": [0, 0, 2, 2], "texture": "#2"},
				"south": {"uv": [0, 0, 2, 2], "texture": "#2"},
				"west": {"uv": [0, 0, 2, 2], "texture": "#2"},
				"up": {"uv": [2, 2, 0, 4], "texture": "#2"},
				"down": {"uv": [0, 6, 2, 4], "texture": "#2"}
			}
		}
	]
}