{
	"credit": "Made by TC",
	"parent": "minecraft:block/orientable",
	"textures": {
		"front": "farmersdelight:block/warped_cabinet_front",
		"side": "farmersdelight:block/warped_cabinet_side",
		"top": "farmersdelight:block/warped_cabinet_top",
		"particle": "farmersdelight:block/warped_cabinet_front_open"
	},
	"elements": [
		{
			"from": [0, 0, 0],
			"to": [16, 16, 16],
			"faces": {
				"north": {"uv": [0, 0, 16, 16], "texture": "#particle"},
				"east": {"uv": [0, 0, 16, 16], "texture": "#side"},
				"south": {"uv": [0, 0, 16, 16], "texture": "#side"},
				"west": {"uv": [0, 0, 16, 16], "texture": "#side"},
				"up": {"uv": [0, 0, 16, 16], "texture": "#top"},
				"down": {"uv": [0, 0, 16, 16], "texture": "#top"}
			}
		},
		{
			"from": [14, 1, -6],
			"to": [15, 15, 0],
			"rotation": {"angle": 0, "axis": "y", "origin": [14.5, 7.5, -3]},
			"faces": {
				"north": {"uv": [6, 1, 7, 15], "texture": "#front"},
				"east": {"uv": [1, 1, 7, 15], "texture": "#front"},
				"south": {"uv": [1, 1, 2, 15], "texture": "#front"},
				"west": {"uv": [7, 1, 1, 15], "texture": "#front"},
				"up": {"uv": [1, 1, 7, 2], "rotation": 90, "texture": "#front"},
				"down": {"uv": [1, 14, 7, 15], "rotation": 270, "texture": "#front"}
			}
		},
		{
			"from": [1, 1, -6],
			"to": [2, 15, 0],
			"rotation": {"angle": 0, "axis": "y", "origin": [1.5, 7.5, -3]},
			"faces": {
				"north": {"uv": [15, 1, 14, 15], "texture": "#front"},
				"east": {"uv": [9, 1, 15, 15], "texture": "#front"},
				"south": {"uv": [10, 1, 9, 15], "texture": "#front"},
				"west": {"uv": [15, 1, 9, 15], "texture": "#front"},
				"up": {"uv": [15, 1, 9, 2], "rotation": 90, "texture": "#front"},
				"down": {"uv": [15, 14, 9, 15], "rotation": 270, "texture": "#front"}
			}
		}
	]
}