{
	"credit": "Made by TC",
	"parent": "minecraft:block/cross",
	"ambientocclusion": false,
	"render_type": "minecraft:cutout",
	"textures": {
		"1": "farmersdelight:block/onion/wild_onions_leaf",
		"particle": "farmersdelight:block/onion/wild_onions_leaf",
		"cross": "farmersdelight:block/onion/wild_onion"
	},
	"elements": [
		{
			"from": [6, 0, 6],
			"to": [10, 2, 10],
			"rotation": {"angle": 0, "axis": "y", "origin": [8, 1.5, 8]},
			"faces": {
				"north": {"uv": [10, 9, 14, 11], "texture": "#cross"},
				"east": {"uv": [10, 9, 14, 11], "texture": "#cross"},
				"south": {"uv": [10, 9, 14, 11], "texture": "#cross"},
				"west": {"uv": [10, 9, 14, 11], "texture": "#cross"},
				"up": {"uv": [5, 12, 9, 16], "texture": "#cross"},
				"down": {"uv": [0, 3, 4, 7], "texture": "#cross"}
			}
		},
		{
			"from": [8.5, 1, -0.375],
			"to": [8.5, 17, 15.625],
			"shade": false,
			"rotation": {"angle": -45, "axis": "y", "origin": [8.25, 9, 7.375]},
			"faces": {
				"east": {"uv": [16, 0, 0, 16], "texture": "#1"},
				"west": {"uv": [16, 0, 0, 16], "texture": "#1"}
			}
		},
		{
			"from": [-0.25, 1, 8.125],
			"to": [15.75, 17, 8.125],
			"shade": false,
			"rotation": {"angle": -45, "axis": "y", "origin": [8, 9, 8.375]},
			"faces": {
				"north": {"uv": [16, 0, 0, 16], "texture": "#1"},
				"south": {"uv": [16, 0, 0, 16], "texture": "#1"}
			}
		}
	],
	"groups": [
		{
			"name": "group",
			"origin": [10, -1, 10],
			"color": 0,
			"children": [0]
		},
		1,
		2
	]
}