{
	"credit": "Made by TC",
	"ambientocclusion": false,
	"render_type": "minecraft:cutout",
	"textures": {
		"0": "farmersdelight:block/tomato/wild_tomatoes",
		"2": "farmersdelight:block/wild_tomatoes",
		"particle": "farmersdelight:block/tomato/wild_tomatoes"
	},
	"elements": [
		{
			"from": [2, -2, 0],
			"to": [2, 5, 16],
			"shade": false,
			"rotation": {"angle": 45, "axis": "z", "origin": [2, 5, 8]},
			"faces": {
				"north": {"uv": [0, 2, 16, 9], "texture": "#0", "tintindex": 0},
				"east": {"uv": [0, 2, 16, 9], "texture": "#0", "tintindex": 0},
				"south": {"uv": [0, 2, 16, 9], "texture": "#0", "tintindex": 0},
				"up": {"uv": [0, 0, 0, 0], "texture": "#0"},
				"down": {"uv": [0, 0, 0, 0], "texture": "#0"}
			}
		},
		{
			"from": [7, 5, 0],
			"to": [14, 5, 16],
			"shade": false,
			"rotation": {"angle": 45, "axis": "z", "origin": [14, 5, 8]},
			"faces": {
				"north": {"uv": [0, 2, 16, 9], "rotation": 270, "texture": "#0", "tintindex": 0},
				"east": {"uv": [0, 0, 0, 0], "rotation": 90, "texture": "#0"},
				"south": {"uv": [0, 2, 16, 9], "rotation": 90, "texture": "#0", "tintindex": 0},
				"west": {"uv": [0, 0, 0, 0], "rotation": 90, "texture": "#0"},
				"up": {"uv": [0, 2, 16, 9], "rotation": 90, "texture": "#0", "tintindex": 0}
			}
		},
		{
			"from": [0, -2, 2],
			"to": [16, 5, 2],
			"shade": false,
			"rotation": {"angle": -45, "axis": "x", "origin": [8, 5, 2]},
			"faces": {
				"east": {"uv": [0, 2, 16, 9], "texture": "#0", "tintindex": 0},
				"south": {"uv": [0, 2, 16, 9], "texture": "#0", "tintindex": 0},
				"west": {"uv": [0, 2, 16, 9], "texture": "#0", "tintindex": 0},
				"up": {"uv": [0, 0, 0, 0], "texture": "#0"}
			}
		},
		{
			"from": [0, -2, 14],
			"to": [16, 5, 14],
			"shade": false,
			"rotation": {"angle": 45, "axis": "x", "origin": [8, 5, 14]},
			"faces": {
				"north": {"uv": [0, 2, 16, 9], "texture": "#0", "tintindex": 0},
				"east": {"uv": [0, 2, 16, 9], "texture": "#0", "tintindex": 0},
				"west": {"uv": [0, 2, 16, 9], "texture": "#0", "tintindex": 0},
				"up": {"uv": [0, 0, 0, 0], "texture": "#0"}
			}
		},
		{
			"name": "cross",
			"from": [8, 0, 0],
			"to": [8, 16, 16],
			"shade": false,
			"rotation": {"angle": 45, "axis": "y", "origin": [8, 7, 8]},
			"faces": {
				"north": {"uv": [0, 0, 0, 0], "texture": "#2"},
				"east": {"uv": [0, 0, 16, 16], "texture": "#2", "tintindex": 0},
				"south": {"uv": [0, 0, 0, 0], "texture": "#2"},
				"west": {"uv": [0, 0, 16, 16], "texture": "#2", "tintindex": 0},
				"up": {"uv": [0, 0, 0, 0], "texture": "#2"},
				"down": {"uv": [0, 0, 0, 0], "texture": "#2"}
			}
		},
		{
			"name": "cross",
			"from": [8, 0, 0],
			"to": [8, 16, 16],
			"shade": false,
			"rotation": {"angle": -45, "axis": "y", "origin": [8, 7, 8]},
			"faces": {
				"north": {"uv": [0, 0, 0, 0], "texture": "#2"},
				"east": {"uv": [0, 0, 16, 16], "texture": "#2", "tintindex": 0},
				"south": {"uv": [0, 0, 0, 0], "texture": "#2"},
				"west": {"uv": [0, 0, 16, 16], "texture": "#2", "tintindex": 0},
				"up": {"uv": [0, 0, 0, 0], "texture": "#2"},
				"down": {"uv": [0, 0, 0, 0], "texture": "#2"}
			}
		}
	],
	"groups": [
		0,
		1,
		2,
		3,
		4,
		5,
		{
			"name": "group",
			"origin": [11.25, 1.75, 3.75],
			"color": 0,
			"children": []
		}
	]
}