{
	"credit": "Made by TC",
	"ambientocclusion": false,
	"render_type": "minecraft:cutout",
	"textures": {
		"1": "farmersdelight:block/potato/wild_potato",
		"2": "farmersdelight:block/potato/wild_potato_leaf",
		"particle": "farmersdelight:block/potato/wild_potato"
	},
	"elements": [
		{
			"from": [6, 0, 5.5],
			"to": [10, 2, 10.5],
			"rotation": {"angle": 0, "axis": "y", "origin": [0.5, 1, 5]},
			"faces": {
				"north": {"uv": [9, 14, 13, 16], "texture": "#1"},
				"east": {"uv": [9, 14, 14, 16], "texture": "#1"},
				"south": {"uv": [9, 14, 13, 16], "texture": "#1"},
				"west": {"uv": [9, 14, 14, 16], "texture": "#1"},
				"up": {"uv": [10, 8, 14, 13], "texture": "#1"},
				"down": {"uv": [7, 2, 9, 4], "texture": "#1"}
			}
		},
		{
			"from": [8, 2, 0],
			"to": [8, 16, 16],
			"shade": false,
			"rotation": {"angle": -45, "axis": "y", "origin": [8, 9, 8]},
			"faces": {
				"east": {"uv": [0, 1, 16, 15], "texture": "#2"},
				"west": {"uv": [0, 1, 16, 15], "texture": "#2"}
			}
		},
		{
			"from": [5.61091, 14.5, 7.63909],
			"to": [10.61091, 14.5, 12.63909],
			"shade": false,
			"rotation": {"angle": 22.5, "axis": "x", "origin": [8.11091, 14.5, 10.13909]},
			"faces": {
				"up": {"uv": [9, 1, 14, 6], "texture": "#1"},
				"down": {"uv": [9, 1, 14, 6], "rotation": 180, "texture": "#1"}
			}
		},
		{
			"from": [8.11091, 12.75, 5.38909],
			"to": [11.11091, 12.75, 8.38909],
			"shade": false,
			"rotation": {"angle": -22.5, "axis": "z", "origin": [8.61091, 12.75, 5.88909]},
			"faces": {
				"up": {"uv": [5, 2, 8, 5], "rotation": 270, "texture": "#1"},
				"down": {"uv": [5, 2, 8, 5], "rotation": 270, "texture": "#1"}
			}
		},
		{
			"from": [5.36091, 7.5, 6.63909],
			"to": [8.36091, 7.5, 9.63909],
			"shade": false,
			"rotation": {"angle": 45, "axis": "z", "origin": [5.86091, 7.5, 7.13909]},
			"faces": {
				"up": {"uv": [5, 2, 8, 5], "rotation": 270, "texture": "#1"},
				"down": {"uv": [5, 2, 8, 5], "rotation": 270, "texture": "#1"}
			}
		},
		{
			"from": [0, 2, 8],
			"to": [16, 16, 8],
			"shade": false,
			"rotation": {"angle": -45, "axis": "y", "origin": [8, 9, 8]},
			"faces": {
				"north": {"uv": [0, 1, 16, 15], "texture": "#2"},
				"south": {"uv": [0, 1, 16, 15], "texture": "#2"}
			}
		}
	]
}