{
	"credit": "Made by TC",
	"ambientocclusion": false,
	"render_type": "minecraft:cutout",
	"textures": {
		"1": "farmersdelight:block/potato/wild_potato",
		"2": "farmersdelight:block/potato/wild_potato_leaf",
		"particle": "farmersdelight:block/potato/wild_potato"
	},
	"elements": [
		{
			"from": [5.5, 0, 6],
			"to": [10.5, 2, 10],
			"rotation": {"angle": 0, "axis": "y", "origin": [8, 1, 8]},
			"faces": {
				"north": {"uv": [9, 14, 14, 16], "texture": "#1"},
				"east": {"uv": [9, 14, 13, 16], "texture": "#1"},
				"south": {"uv": [9, 14, 14, 16], "texture": "#1"},
				"west": {"uv": [9, 14, 13, 16], "texture": "#1"},
				"up": {"uv": [10, 8, 14, 13], "rotation": 270, "texture": "#1"},
				"down": {"uv": [7, 2, 9, 4], "rotation": 90, "texture": "#1"}
			}
		},
		{
			"from": [8, 2, 0],
			"to": [8, 16, 16],
			"shade": false,
			"rotation": {"angle": -45, "axis": "y", "origin": [8, 9, 8]},
			"faces": {
				"east": {"uv": [0, 1, 16, 15], "texture": "#2"},
				"west": {"uv": [0, 1, 16, 15], "texture": "#2"}
			}
		},
		{
			"from": [7.61091, 12, 8.13909],
			"to": [10.61091, 12, 11.13909],
			"shade": false,
			"rotation": {"angle": 22.5, "axis": "x", "origin": [8.11091, 12, 8.63909]},
			"faces": {
				"up": {"uv": [5, 2, 8, 5], "rotation": 270, "texture": "#1"},
				"down": {"uv": [5, 2, 8, 5], "rotation": 270, "texture": "#1"}
			}
		},
		{
			"from": [5.86091, 7.25, 5.13909],
			"to": [8.86091, 7.25, 8.13909],
			"shade": false,
			"rotation": {"angle": -45, "axis": "x", "origin": [6.36091, 7.25, 5.63909]},
			"faces": {
				"up": {"uv": [5, 2, 8, 5], "rotation": 270, "texture": "#1"},
				"down": {"uv": [5, 2, 8, 5], "rotation": 270, "texture": "#1"}
			}
		},
		{
			"from": [0, 2, 8],
			"to": [16, 16, 8],
			"shade": false,
			"rotation": {"angle": -45, "axis": "y", "origin": [8, 9, 8]},
			"faces": {
				"north": {"uv": [0, 1, 16, 15], "texture": "#2"},
				"south": {"uv": [0, 1, 16, 15], "texture": "#2"}
			}
		}
	]
}