{
	"credit": "Made by TC",
	"ambientocclusion": false,
	"render_type": "minecraft:cutout",
	"textures": {
		"1": "farmersdelight:block/potato/wild_potato",
		"2": "farmersdelight:block/potato/wild_potato_leaf",
		"particle": "farmersdelight:block/potato/wild_potato"
	},
	"elements": [
		{
			"from": [6, -1, 5.5],
			"to": [10, 1, 10.5],
			"rotation": {"angle": 0, "axis": "y", "origin": [0.5, 0, 5]},
			"faces": {
				"north": {"uv": [9, 14, 13, 16], "texture": "#1"},
				"east": {"uv": [9, 14, 14, 16], "texture": "#1"},
				"south": {"uv": [9, 14, 13, 16], "texture": "#1"},
				"west": {"uv": [9, 14, 14, 16], "texture": "#1"},
				"up": {"uv": [10, 8, 14, 13], "texture": "#1"},
				"down": {"uv": [7, 2, 9, 4], "texture": "#1"}
			}
		},
		{
			"from": [8, 1, 0],
			"to": [8, 15, 16],
			"shade": false,
			"rotation": {"angle": -45, "axis": "y", "origin": [8, 8, 8]},
			"faces": {
				"east": {"uv": [0, 1, 16, 15], "texture": "#2"},
				"west": {"uv": [0, 1, 16, 15], "texture": "#2"}
			}
		},
		{
			"from": [8.11091, 7.25, 6.88909],
			"to": [11.11091, 7.25, 9.88909],
			"shade": false,
			"rotation": {"angle": -22.5, "axis": "z", "origin": [8.61091, 7.25, 7.38909]},
			"faces": {
				"up": {"uv": [5, 2, 8, 5], "rotation": 270, "texture": "#1"},
				"down": {"uv": [5, 2, 8, 5], "rotation": 270, "texture": "#1"}
			}
		},
		{
			"from": [0, 1, 8],
			"to": [16, 15, 8],
			"shade": false,
			"rotation": {"angle": -45, "axis": "y", "origin": [8, 8, 8]},
			"faces": {
				"north": {"uv": [0, 1, 16, 15], "texture": "#2"},
				"south": {"uv": [0, 1, 16, 15], "texture": "#2"}
			}
		}
	]
}