{
	"credit": "Made by TC",
	"parent": "minecraft:block/cross",
	"ambientocclusion": false,
	"render_type": "minecraft:cutout",
	"textures": {
		"1": "farmersdelight:block/wild_onions",
		"particle": "farmersdelight:block/wild_onions",
		"cross": "farmersdelight:block/onion/wild_onion"
	},
	"elements": [
		{
			"from": [6, 0, 6],
			"to": [10, 1, 10],
			"rotation": {"angle": 0, "axis": "y", "origin": [8, 0.5, 8]},
			"faces": {
				"north": {"uv": [10, 10, 14, 11], "texture": "#cross"},
				"east": {"uv": [10, 10, 14, 11], "texture": "#cross"},
				"south": {"uv": [10, 10, 14, 11], "texture": "#cross"},
				"west": {"uv": [10, 10, 14, 11], "texture": "#cross"},
				"up": {"uv": [5, 12, 9, 16], "texture": "#cross"},
				"down": {"uv": [0, 3, 4, 7], "texture": "#cross"}
			}
		},
		{
			"from": [8, 0, 0.125],
			"to": [8, 16, 16.125],
			"shade": false,
			"rotation": {"angle": -45, "axis": "y", "origin": [8, 8, 8.125]},
			"faces": {
				"east": {"uv": [16, 0, 0, 16], "texture": "#1"},
				"west": {"uv": [16, 0, 0, 16], "texture": "#1"}
			}
		},
		{
			"from": [0, 0, 8.125],
			"to": [16, 16, 8.125],
			"shade": false,
			"rotation": {"angle": -45, "axis": "y", "origin": [8, 8, 8.125]},
			"faces": {
				"north": {"uv": [16, 0, 0, 16], "texture": "#1"},
				"south": {"uv": [16, 0, 0, 16], "texture": "#1"}
			}
		},
		{
			"from": [8, 11, 0.125],
			"to": [8, 16, 16.125],
			"shade": false,
			"rotation": {"angle": 0, "axis": "y", "origin": [8, 13.5, 8.125]},
			"faces": {
				"east": {"uv": [16, 0, 0, 5], "texture": "#1"},
				"west": {"uv": [16, 0, 0, 5], "texture": "#1"}
			}
		},
		{
			"from": [0, 11, 8.125],
			"to": [16, 16, 8.125],
			"shade": false,
			"rotation": {"angle": 0, "axis": "y", "origin": [8, 13.5, 8.125]},
			"faces": {
				"north": {"uv": [16, 0, 0, 5], "texture": "#1"},
				"south": {"uv": [16, 0, 0, 5], "texture": "#1"}
			}
		}
	],
	"groups": [
		{
			"name": "group",
			"origin": [10, -1, 10],
			"color": 0,
			"children": [0]
		},
		1,
		2,
		3,
		4
	]
}