{
	"credit": "Made by TC",
	"ambientocclusion": false,
	"render_type": "minecraft:cutout",
	"textures": {
		"1": "farmersdelight:block/potato/wild_potato",
		"2": "farmersdelight:block/potato/wild_potato_leaf",
		"particle": "farmersdelight:block/potato/wild_potato"
	},
	"elements": [
		{
			"from": [5.5, -1, 6],
			"to": [10.5, 1, 10],
			"rotation": {"angle": 0, "axis": "y", "origin": [8, 0, 8]},
			"faces": {
				"north": {"uv": [9, 14, 14, 16], "texture": "#1"},
				"east": {"uv": [9, 14, 13, 16], "texture": "#1"},
				"south": {"uv": [9, 14, 14, 16], "texture": "#1"},
				"west": {"uv": [9, 14, 13, 16], "texture": "#1"},
				"up": {"uv": [10, 8, 14, 13], "rotation": 270, "texture": "#1"},
				"down": {"uv": [7, 2, 9, 4], "rotation": 90, "texture": "#1"}
			}
		},
		{
			"from": [0, 1, 8],
			"to": [16, 15, 8],
			"shade": false,
			"rotation": {"angle": -45, "axis": "y", "origin": [8, 8, 8]},
			"faces": {
				"north": {"uv": [0, 1, 16, 15], "texture": "#2"},
				"south": {"uv": [0, 1, 16, 15], "texture": "#2"}
			}
		},
		{
			"from": [8, 1, 0],
			"to": [8, 15, 16],
			"shade": false,
			"rotation": {"angle": -45, "axis": "y", "origin": [8, 8, 8]},
			"faces": {
				"east": {"uv": [0, 1, 16, 15], "texture": "#2"},
				"west": {"uv": [0, 1, 16, 15], "texture": "#2"}
			}
		}
	]
}