{
	"credit": "Made by TC",
	"render_type": "minecraft:cutout",
	"ambientocclusion": false,
	"textures": {
		"0": "farmersdelight:block/cabbage/wild_cabbage_base",
		"2": "farmersdelight:block/cabbage/wild_cabbage",
		"particle": "farmersdelight:block/wild_cabbages"
	},
	"elements": [
		{
			"from": [8, 0.55, -1.2],
			"to": [8, 18.55, 16.8],
			"shade": false,
			"rotation": {"angle": 45, "axis": "y", "origin": [8, 8.30097, 8]},
			"faces": {
				"east": {"uv": [16, 0, 0, 16], "texture": "#particle"},
				"west": {"uv": [16, 0, 0, 16], "texture": "#particle"}
			}
		},
		{
			"from": [-1, 0.55, 8],
			"to": [17, 18.55, 8],
			"shade": false,
			"rotation": {"angle": 45, "axis": "y", "origin": [8, 8.30097, 8]},
			"faces": {
				"north": {"uv": [16, 0, 0, 16], "texture": "#particle"},
				"south": {"uv": [16, 0, 0, 16], "texture": "#particle"}
			}
		},
		{
			"from": [-1, 0.55, 0],
			"to": [17, 0.55, 10],
			"rotation": {"angle": 22.5, "axis": "x", "origin": [8, 0.55097, 8]},
			"faces": {
				"up": {"uv": [0, 12, 16, 4], "texture": "#0"}
			}
		},
		{
			"from": [7, 0.55, -2.25],
			"to": [17, 0.55, 15.75],
			"rotation": {"angle": 22.5, "axis": "z", "origin": [8, 0.55097, 6.75]},
			"faces": {
				"up": {"uv": [4, 0, 12, 16], "texture": "#0"}
			}
		},
		{
			"from": [-1, 0.55, 6],
			"to": [17, 0.55, 16],
			"rotation": {"angle": -22.5, "axis": "x", "origin": [8, 0.55097, 8]},
			"faces": {
				"up": {"uv": [0, 4, 16, 12], "texture": "#0"}
			}
		},
		{
			"from": [-1, 0.55, -1],
			"to": [9, 0.55, 17],
			"rotation": {"angle": -22.5, "axis": "z", "origin": [8, 0.55097, 8]},
			"faces": {
				"up": {"uv": [4, 0, 12, 16], "texture": "#0"}
			}
		},
		{
			"from": [4.5, -1, 4.5],
			"to": [11.5, 1, 11.5],
			"rotation": {"angle": 0, "axis": "y", "origin": [6.5, -1, 3.5]},
			"faces": {
				"north": {"uv": [1, 14, 8, 16], "texture": "#2"},
				"east": {"uv": [1, 14, 8, 16], "texture": "#2"},
				"south": {"uv": [1, 14, 8, 16], "texture": "#2"},
				"west": {"uv": [1, 14, 8, 16], "texture": "#2"},
				"up": {"uv": [1, 6, 8, 13], "texture": "#2"},
				"down": {"uv": [1, 6, 8, 13], "texture": "#2"}
			}
		}
	]
}