{
	"credit": "Made by TC",
	"parent": "minecraft:block/cross",
	"render_type": "minecraft:cutout",
	"textures": {
		"1": "farmersdelight:block/beetroot/wild_beetroots_base",
		"cross": "farmersdelight:block/wild_beetroots",
		"particle": "farmersdelight:block/beetroot/wild_beetroots_base"
	},
	"elements": [
		{
			"from": [6.5, 0, 6.5],
			"to": [9.5, 2, 9.5],
			"rotation": {"angle": 0, "axis": "y", "origin": [0, 1, 4]},
			"faces": {
				"north": {"uv": [5, 14, 8, 16], "texture": "#1"},
				"east": {"uv": [8, 14, 11, 16], "texture": "#1"},
				"south": {"uv": [5, 14, 8, 16], "texture": "#1"},
				"west": {"uv": [2, 14, 5, 16], "texture": "#1"},
				"up": {"uv": [2, 10, 5, 13], "texture": "#1"},
				"down": {"uv": [2, 7, 5, 10], "texture": "#1"}
			}
		},
		{
			"from": [8, 2, 0],
			"to": [8, 16, 16],
			"rotation": {"angle": -45, "axis": "y", "origin": [8, 9, 8]},
			"faces": {
				"east": {"uv": [0, 0, 16, 14], "texture": "#cross"},
				"west": {"uv": [0, 0, 16, 14], "texture": "#cross"}
			}
		},
		{
			"from": [0, 2, 8],
			"to": [16, 16, 8],
			"rotation": {"angle": -45, "axis": "y", "origin": [8, 9, 8]},
			"faces": {
				"north": {"uv": [0, 0, 16, 14], "texture": "#cross"},
				"south": {"uv": [0, 0, 16, 14], "texture": "#cross"}
			}
		}
	]
}