{
	"credit": "Made with Blockbench",
	"textures": {
		"2": "block/flowering_azalea_leaves_tips",
		"particle": "block/flowering_azalea_leaves",
		"middle": "block/flowering_azalea_leaves"
	},
	"elements": [
		{
			"name": "leaves",
			"from": [0, 0, 0],
			"to": [16, 16, 16],
			"faces": {
				"north": {"uv": [0, 0, 16, 16], "texture": "#middle", "cullface": "north"},
				"east": {"uv": [0, 0, 16, 16], "texture": "#middle", "cullface": "east"},
				"south": {"uv": [0, 0, 16, 16], "texture": "#middle", "cullface": "south"},
				"west": {"uv": [0, 0, 16, 16], "texture": "#middle", "cullface": "west"},
				"up": {"uv": [0, 0, 16, 16], "texture": "#middle", "cullface": "up"},
				"down": {"uv": [0, 0, 16, 16], "texture": "#middle", "cullface": "down"}
			}
		},
		{
			"name": "edgeNS",
			"from": [0.025, -6, 0.025],
			"to": [15.975, 0, 15.975],
			"faces": {
				"north": {"uv": [0.05, 0, 16, 6], "texture": "#2"},
				"east": {"uv": [0.05, 0, 16, 6], "texture": "#2"},
				"south": {"uv": [0.05, 0, 16, 6], "texture": "#2"},
				"west": {"uv": [0.05, 0, 16, 6], "texture": "#2"}
			}
		},
		{
			"name": "topcrossEW",
			"from": [8, 13, -1],
			"to": [8, 19, 17],
			"rotation": {"angle": 45, "axis": "y", "origin": [8, 8, 8]},
			"faces": {
				"east": {"uv": [0, 10, 16, 16], "texture": "#2"},
				"west": {"uv": [0, 10, 16, 16], "texture": "#2"}
			}
		},
		{
			"name": "topcrossNS",
			"from": [-1, 13, 8],
			"to": [17, 19, 8],
			"rotation": {"angle": 45, "axis": "y", "origin": [8, 8, 8]},
			"faces": {
				"north": {"uv": [0, 10, 16, 16], "texture": "#2"},
				"south": {"uv": [0, 10, 16, 16], "texture": "#2"}
			}
		}
	]
}