{
	"credit": "Made by TC",
	"parent": "block/thin_block",
	"textures": {
		"0": "farmersdelight:block/tatami_mat_even",
		"1": "farmersdelight:block/tatami_mat_odd",
		"2": "farmersdelight:block/tatami_mat_side",
		"particle": "farmersdelight:block/tatami_mat_even"
	},
	"elements": [
		{
			"from": [0, 0, -8],
			"to": [16, 2, 8],
			"rotation": {"angle": 0, "axis": "y", "origin": [0, 0, -8]},
			"faces": {
				"north": {"uv": [0, 14, 16, 16], "texture": "#2"},
				"east": {"uv": [0, 14, 16, 16], "texture": "#2"},
				"south": {"uv": [0, 14, 16, 16], "texture": "#2"},
				"west": {"uv": [0, 14, 16, 16], "texture": "#2"},
				"up": {"uv": [0, 0, 16, 16], "rotation": 90, "texture": "#0"},
				"down": {"uv": [16, 0, 0, 16], "rotation": 90, "texture": "#0"}
			}
		},
		{
			"from": [0, 0, 8],
			"to": [16, 2, 24],
			"rotation": {"angle": 0, "axis": "y", "origin": [0, 0, 8]},
			"faces": {
				"north": {"uv": [0, 14, 16, 16], "texture": "#2"},
				"east": {"uv": [0, 14, 16, 16], "texture": "#2"},
				"south": {"uv": [0, 14, 16, 16], "texture": "#2"},
				"west": {"uv": [0, 14, 16, 16], "texture": "#2"},
				"up": {"uv": [16, 16, 0, 0], "rotation": 90, "texture": "#1"},
				"down": {"uv": [0, 16, 16, 0], "rotation": 90, "texture": "#1"}
			}
		}
	],
	"display": {
		"thirdperson_righthand": {
			"rotation": [30, 160, 0],
			"translation": [0, 3, -2],
			"scale": [0.23, 0.23, 0.23]
		},
		"firstperson_righthand": {
			"rotation": [30, 160, 0],
			"translation": [0, 3, 0],
			"scale": [0.375, 0.375, 0.375]
		},
		"ground": {
			"translation": [0, 1, 2],
			"scale": [0.25, 0.25, 0.25]
		},
		"gui": {
			"rotation": [30, 160, 0],
			"translation": [0.25, 1, 0],
			"scale": [0.5325, 0.5325, 0.5325]
		},
		"head": {
			"rotation": [0, 180, 0],
			"translation": [0, 10, -8]
		},
		"fixed": {
			"rotation": [270, 0, 0],
			"translation": [0, 4, -2],
			"scale": [0.5, 0.5, 0.5]
		}
	}
}