{
	"credit": "Made with Blockbench",
	"parent": "block/thin_block",
	"textures": {
		"1": "farmersdelight:block/tatami_mat_side",
		"particle": "farmersdelight:block/tatami_mat_half",
		"wool": "farmersdelight:block/tatami_mat_half"
	},
	"elements": [
		{
			"from": [0, 0, 0],
			"to": [16, 2, 16],
			"faces": {
				"north": {"uv": [0, 14, 16, 16], "texture": "#1", "cullface": "west"},
				"east": {"uv": [0, 14, 16, 16], "texture": "#1", "cullface": "west"},
				"south": {"uv": [0, 14, 16, 16], "texture": "#1", "cullface": "west"},
				"west": {"uv": [0, 14, 16, 16], "texture": "#1", "cullface": "west"},
				"up": {"uv": [0, 0, 16, 16], "texture": "#wool"},
				"down": {"uv": [0, 0, 16, 16], "texture": "#wool", "cullface": "down"}
			}
		}
	]
}