{
  "parent": "block/block",
  "render_type": "cutout",
  "texture_size": [48, 48],
  "textures": {
    "vase": "deeperdarker:block/ancient_vase",
    "particle": "#vase"
  },
  "elements": [
    {
      "from": [2, 1, 2],
      "to": [14, 13, 14],
      "faces": {
        "north": {"uv": [0, 0, 4, 4], "texture": "#vase"},
        "east": {"uv": [12, 0, 16, 4], "texture": "#vase"},
        "south": {"uv": [8, 0, 12, 4], "texture": "#vase"},
        "west": {"uv": [4, 0, 8, 4], "texture": "#vase"},
        "up": {"uv": [4, 8, 0, 4], "texture": "#vase"},
        "down": {"uv": [8, 4, 4, 8], "texture": "#vase"}
      }
    },
    {
      "from": [3, 0, 3],
      "to": [13, 1, 13],
      "faces": {
        "north": {"uv": [0, 9.33333, 3.33334, 9.66666], "texture": "#vase"},
        "east": {"uv": [3.33333, 9.66667, 6.66667, 10], "texture": "#vase"},
        "south": {"uv": [0, 9.66667, 3.33334, 10], "texture": "#vase"},
        "west": {"uv": [3.33333, 9.33333, 6.66667, 9.66666], "texture": "#vase"},
        "up": {"uv": [3.33333, 13.33333, 0, 10], "texture": "#vase"},
        "down": {"uv": [6.66666, 10, 3.33333, 13.33333], "texture": "#vase"}
      }
    },
    {
      "from": [4, 13, 4],
      "to": [12, 16, 12],
      "faces": {
        "north": {"uv": [10.66667, 5.33333, 13.33334, 6.33333], "texture": "#vase"},
        "east": {"uv": [13.33333, 6.33334, 16, 7.33334], "texture": "#vase"},
        "south": {"uv": [10.66667, 6.33333, 13.33334, 7.33333], "texture": "#vase"},
        "west": {"uv": [13.33333, 5.33333, 16, 6.25], "texture": "#vase"},
        "up": {"uv": [13.33333, 7.33333, 10.66666, 10], "texture": "#vase"},
        "down": {"uv": [16, 7.33333, 13.33333, 10], "texture": "#vase"}
      }
    }
  ]
}