{
	"credit": "Made with Blockbench",
	"parent": "minecraft:block/door_bottom_left",
	"render_type": "minecraft:cutout",
	"textures": {
		"2": "deeperdarker:block/bloom_door_side",
		"bottom": "deeperdarker:block/bloom_door_bottom",
		"particle": "deeperdarker:block/bloom_door_side"
	},
	"elements": [
		{
			"from": [0, 0, 0],
			"to": [3, 16, 16],
			"faces": {
				"north": {"uv": [8, 0, 11, 16], "texture": "#2"},
				"east": {"uv": [16, 0, 0, 16], "texture": "#bottom"},
				"south": {"uv": [12, 0, 15, 16], "texture": "#2"},
				"west": {"uv": [0, 0, 16, 16], "texture": "#bottom"},
				"up": {"uv": [0, 0, 16, 3], "rotation": 90, "texture": "#missing"},
				"down": {"uv": [0, 15, 16, 16], "rotation": 90, "texture": "#bottom"}
			}
		},
		{
			"from": [-0.25, 5, 0],
			"to": [0, 10, 1],
			"rotation": {"angle": 0, "axis": "y", "origin": [-2, 8, 0]},
			"faces": {
				"north": {"uv": [0, 6, 0.25, 11], "texture": "#bottom"},
				"east": {"uv": [0, 0, 1, 5], "texture": "#missing"},
				"south": {"uv": [0, 6, 0.25, 11], "texture": "#bottom"},
				"west": {"uv": [0, 6, 1, 11], "texture": "#bottom"},
				"up": {"uv": [1, 7, 1.25, 8], "texture": "#bottom"},
				"down": {"uv": [1, 9, 1.25, 10], "texture": "#bottom"}
			}
		},
		{
			"from": [-0.25, 6, 1],
			"to": [0, 9, 2],
			"rotation": {"angle": 0, "axis": "y", "origin": [-2, 8, 1]},
			"faces": {
				"north": {"uv": [0, 0, 0.25, 3], "texture": "#missing"},
				"east": {"uv": [0, 0, 1, 3], "texture": "#missing"},
				"south": {"uv": [1, 7, 1.25, 10], "texture": "#bottom"},
				"west": {"uv": [1, 7, 2, 10], "texture": "#bottom"},
				"up": {"uv": [1, 7, 1.25, 8], "texture": "#bottom"},
				"down": {"uv": [1, 9, 1.25, 10], "texture": "#bottom"}
			}
		},
		{
			"from": [-0.25, 7, 2],
			"to": [0, 8, 13],
			"rotation": {"angle": 0, "axis": "y", "origin": [-2, 8, 2]},
			"faces": {
				"north": {"uv": [0, 0, 0.25, 1], "texture": "#missing"},
				"east": {"uv": [0, 0, 11, 1], "texture": "#missing"},
				"south": {"uv": [12, 8, 12.25, 9], "texture": "#bottom"},
				"west": {"uv": [2, 8, 13, 9], "texture": "#bottom"},
				"up": {"uv": [2, 8, 13, 9], "rotation": 90, "texture": "#bottom"},
				"down": {"uv": [13, 8.75, 2, 9], "rotation": 90, "texture": "#bottom"}
			}
		},
		{
			"from": [-0.25, 15, 11],
			"to": [0, 16, 15],
			"rotation": {"angle": 0, "axis": "y", "origin": [-2, 16, 3]},
			"faces": {
				"north": {"uv": [11, 0, 11.25, 1], "texture": "#bottom"},
				"east": {"uv": [0, 0, 2, 1], "texture": "#missing"},
				"south": {"uv": [14, 0, 14.25, 1], "texture": "#bottom"},
				"west": {"uv": [11, 0, 15, 1], "texture": "#bottom"},
				"up": {"uv": [11, 0, 15, 0.5], "rotation": 90, "texture": "#bottom"},
				"down": {"uv": [15, 0, 11, 1], "rotation": 90, "texture": "#bottom"}
			}
		},
		{
			"from": [-0.25, 12, 11],
			"to": [0, 13, 15],
			"rotation": {"angle": 0, "axis": "y", "origin": [-2, 13, 3]},
			"faces": {
				"north": {"uv": [11, 3, 11.25, 4], "texture": "#bottom"},
				"east": {"uv": [0, 0, 2, 1], "texture": "#missing"},
				"south": {"uv": [14, 3, 14.25, 4], "texture": "#bottom"},
				"west": {"uv": [11, 3, 15, 4], "texture": "#bottom"},
				"up": {"uv": [12, 3.5, 14, 4], "rotation": 90, "texture": "#bottom"},
				"down": {"uv": [15, 3, 11, 3.5], "rotation": 90, "texture": "#bottom"}
			}
		},
		{
			"from": [-0.25, 13, 11],
			"to": [0, 15, 12],
			"rotation": {"angle": 0, "axis": "y", "origin": [-2, 14, 3]},
			"faces": {
				"north": {"uv": [11, 1, 11.25, 3], "texture": "#bottom"},
				"east": {"uv": [0, 0, 2, 1], "texture": "#missing"},
				"south": {"uv": [11, 1, 11.25, 3], "texture": "#bottom"},
				"west": {"uv": [11, 1, 12, 3], "texture": "#bottom"},
				"up": {"uv": [12, 15.5, 14, 16], "rotation": 90, "texture": "#missing"},
				"down": {"uv": [0, 0, 0.25, 2], "texture": "#missing"}
			}
		},
		{
			"from": [-0.25, 13, 14],
			"to": [0, 15, 15],
			"rotation": {"angle": 0, "axis": "y", "origin": [-2, 14, 6]},
			"faces": {
				"north": {"uv": [14, 1, 14.25, 3], "texture": "#bottom"},
				"east": {"uv": [0, 0, 2, 1], "texture": "#missing"},
				"south": {"uv": [14, 1, 14.25, 3], "texture": "#bottom"},
				"west": {"uv": [14, 1, 15, 3], "texture": "#bottom"},
				"up": {"uv": [12, 15.5, 14, 16], "rotation": 90, "texture": "#missing"},
				"down": {"uv": [0, 0, 0.25, 2], "texture": "#missing"}
			}
		},
		{
			"from": [-0.25, 0, 0],
			"to": [0, 2, 16],
			"rotation": {"angle": 0, "axis": "y", "origin": [-2, 1, 2]},
			"faces": {
				"north": {"uv": [0, 14, 0.25, 16], "texture": "#bottom"},
				"east": {"uv": [0, 0, 11, 1], "texture": "#missing"},
				"south": {"uv": [15.75, 14, 16, 16], "texture": "#bottom"},
				"west": {"uv": [0, 14, 16, 16], "texture": "#bottom"},
				"up": {"uv": [0, 14, 16, 15], "rotation": 90, "texture": "#bottom"},
				"down": {"uv": [16, 15.75, 0, 16], "rotation": 90, "texture": "#bottom"}
			}
		},
		{
			"from": [3, 13, 14],
			"to": [3.25, 15, 15],
			"rotation": {"angle": 0, "axis": "y", "origin": [1.25, 14, 6]},
			"faces": {
				"north": {"uv": [14, 1, 14.25, 3], "texture": "#bottom"},
				"east": {"uv": [14, 1, 15, 3], "texture": "#bottom"},
				"south": {"uv": [14, 1, 14.25, 3], "texture": "#bottom"},
				"west": {"uv": [14, 1, 15, 3], "texture": "#bottom"},
				"up": {"uv": [12, 15.5, 14, 16], "rotation": 90, "texture": "#missing"},
				"down": {"uv": [0, 0, 0.25, 2], "texture": "#missing"}
			}
		},
		{
			"from": [3, 13, 11],
			"to": [3.25, 15, 12],
			"rotation": {"angle": 0, "axis": "y", "origin": [1.25, 14, 3]},
			"faces": {
				"north": {"uv": [11, 1, 11.25, 3], "texture": "#bottom"},
				"east": {"uv": [11, 1, 12, 3], "texture": "#bottom"},
				"south": {"uv": [11, 1, 11.25, 3], "texture": "#bottom"},
				"west": {"uv": [11, 1, 12, 3], "texture": "#bottom"},
				"up": {"uv": [12, 15.5, 14, 16], "rotation": 90, "texture": "#missing"},
				"down": {"uv": [0, 0, 0.25, 2], "texture": "#missing"}
			}
		},
		{
			"from": [3, 12, 11],
			"to": [3.25, 13, 15],
			"rotation": {"angle": 0, "axis": "y", "origin": [1.25, 13, 3]},
			"faces": {
				"north": {"uv": [11, 3, 11.25, 4], "texture": "#bottom"},
				"east": {"uv": [15, 3, 11, 4], "texture": "#bottom"},
				"south": {"uv": [14, 3, 14.25, 4], "texture": "#bottom"},
				"west": {"uv": [11, 3, 15, 4], "texture": "#bottom"},
				"up": {"uv": [12, 3.5, 14, 4], "rotation": 90, "texture": "#bottom"},
				"down": {"uv": [15, 3, 11, 3.5], "rotation": 90, "texture": "#bottom"}
			}
		},
		{
			"from": [3, 15, 11],
			"to": [3.25, 16, 15],
			"rotation": {"angle": 0, "axis": "y", "origin": [1.25, 16, 3]},
			"faces": {
				"north": {"uv": [11, 0, 11.25, 1], "texture": "#bottom"},
				"east": {"uv": [15, 0, 11, 1], "texture": "#bottom"},
				"south": {"uv": [14, 0, 14.25, 1], "texture": "#bottom"},
				"west": {"uv": [11, 0, 15, 1], "texture": "#bottom"},
				"up": {"uv": [11, 0, 15, 0.5], "rotation": 90, "texture": "#bottom"},
				"down": {"uv": [15, 0, 11, 1], "rotation": 90, "texture": "#bottom"}
			}
		},
		{
			"from": [3, 7, 2],
			"to": [3.25, 8, 13],
			"rotation": {"angle": 0, "axis": "y", "origin": [1.25, 8, 2]},
			"faces": {
				"north": {"uv": [0, 0, 0.25, 1], "texture": "#missing"},
				"east": {"uv": [13, 8, 2, 9], "texture": "#bottom"},
				"south": {"uv": [12, 8, 12.25, 9], "texture": "#bottom"},
				"west": {"uv": [2, 8, 13, 9], "texture": "#bottom"},
				"up": {"uv": [2, 8, 13, 9], "rotation": 90, "texture": "#bottom"},
				"down": {"uv": [13, 8.75, 2, 9], "rotation": 90, "texture": "#bottom"}
			}
		},
		{
			"from": [3, 6, 1],
			"to": [3.25, 9, 2],
			"rotation": {"angle": 0, "axis": "y", "origin": [1.25, 8, 1]},
			"faces": {
				"north": {"uv": [0, 0, 0.25, 3], "texture": "#missing"},
				"east": {"uv": [1, 7, 2, 10], "texture": "#bottom"},
				"south": {"uv": [1, 7, 1.25, 10], "texture": "#bottom"},
				"west": {"uv": [1, 7, 2, 10], "texture": "#bottom"},
				"up": {"uv": [1, 7, 1.25, 8], "texture": "#bottom"},
				"down": {"uv": [1, 9, 1.25, 10], "texture": "#bottom"}
			}
		},
		{
			"from": [3, 5, 0],
			"to": [3.25, 10, 1],
			"rotation": {"angle": 0, "axis": "y", "origin": [1.25, 8, 0]},
			"faces": {
				"north": {"uv": [0, 6, 0.25, 11], "texture": "#bottom"},
				"east": {"uv": [0, 6, 1, 11], "texture": "#bottom"},
				"south": {"uv": [0, 6, 0.25, 11], "texture": "#bottom"},
				"west": {"uv": [0, 6, 1, 11], "texture": "#bottom"},
				"up": {"uv": [1, 7, 1.25, 8], "texture": "#bottom"},
				"down": {"uv": [1, 9, 1.25, 10], "texture": "#bottom"}
			}
		},
		{
			"from": [3, 0, 0],
			"to": [3.25, 2, 16],
			"rotation": {"angle": 0, "axis": "y", "origin": [1.25, 1, 2]},
			"faces": {
				"north": {"uv": [0, 14, 0.25, 16], "texture": "#bottom"},
				"east": {"uv": [16, 14, 0, 16], "texture": "#bottom"},
				"south": {"uv": [15.75, 14, 16, 16], "texture": "#bottom"},
				"west": {"uv": [0, 14, 16, 16], "texture": "#bottom"},
				"up": {"uv": [0, 14, 16, 15], "rotation": 90, "texture": "#bottom"},
				"down": {"uv": [16, 15.75, 0, 16], "rotation": 90, "texture": "#bottom"}
			}
		}
	]
}