{
	"credit": "Made with Blockbench",
	"parent": "minecraft:block/pressure_plate_down",
	"textures": {
		"3": "deeperdarker:block/plate_bloom",
		"particle": "deeperdarker:block/plate_bloom"
	},
	"elements": [
		{
			"from": [1, 0, 1],
			"to": [15, 1, 15],
			"faces": {
				"north": {"uv": [1, 15, 15, 16], "texture": "#3"},
				"east": {"uv": [0, 15, 1, 1], "rotation": 90, "texture": "#3"},
				"south": {"uv": [15, 0, 1, 1], "texture": "#3"},
				"west": {"uv": [16, 15, 15, 1], "rotation": 270, "texture": "#3"},
				"up": {"uv": [1, 1, 15, 15], "texture": "#3"},
				"down": {"uv": [1, 1, 15, 15], "texture": "#3"}
			}
		}
	],
	"display": {
		"thirdperson_righthand": {
			"rotation": [75, 45, 0],
			"translation": [0, 2.5, 3.25],
			"scale": [0.375, 0.375, 0.375]
		},
		"thirdperson_lefthand": {
			"rotation": [75, 45, 0],
			"translation": [0, 2.5, 3],
			"scale": [0.375, 0.375, 0.375]
		},
		"firstperson_righthand": {
			"rotation": [0, 45, 0],
			"translation": [0, 4, 0],
			"scale": [0.4, 0.4, 0.4]
		},
		"firstperson_lefthand": {
			"rotation": [0, 225, 0],
			"translation": [0, 4.75, 0],
			"scale": [0.4, 0.4, 0.4]
		},
		"ground": {
			"translation": [0, 3, 0],
			"scale": [0.25, 0.25, 0.25]
		},
		"gui": {
			"rotation": [30, 225, 0],
			"scale": [0.625, 0.625, 0.625]
		},
		"fixed": {
			"scale": [0.5, 0.5, 0.5]
		}
	}
}