{
	"credit": "Made with Blockbench",
	"parent": "minecraft:block/door_top_left",
	"render_type": "minecraft:cutout",
	"textures": {
		"3": "deeperdarker:block/bloom_door_side",
		"top": "deeperdarker:block/bloom_door_top",
		"particle": "deeperdarker:block/bloom_door_bottom"
	},
	"elements": [
		{
			"from": [-0.25, 0, 12],
			"to": [0, 1, 14],
			"rotation": {"angle": 0, "axis": "y", "origin": [1.75, 1, 3]},
			"faces": {
				"north": {"uv": [12.25, 15, 12, 16], "texture": "#top"},
				"east": {"uv": [14, 15, 12, 16], "texture": "#top"},
				"south": {"uv": [13.25, 15, 13, 16], "texture": "#top"},
				"west": {"uv": [12, 15, 14, 16], "texture": "#top"},
				"up": {"uv": [14, 15.5, 12, 16], "rotation": 270, "texture": "#top"},
				"down": {"uv": [0, 2, 0.25, 0], "rotation": 180, "texture": "#missing"}
			}
		},
		{
			"from": [0, 0, 0],
			"to": [3, 16, 16],
			"rotation": {"angle": 0, "axis": "y", "origin": [3, 0, 0]},
			"faces": {
				"north": {"uv": [3, 0, 0, 16], "texture": "#3"},
				"east": {"uv": [16, 0, 0, 16], "texture": "#top"},
				"south": {"uv": [7, 0, 4, 16], "texture": "#3"},
				"west": {"uv": [0, 0, 16, 16], "texture": "#top"},
				"up": {"uv": [16, 0, 0, 3], "rotation": 270, "texture": "#top"},
				"down": {"uv": [0, 16, 3, 0], "rotation": 180, "texture": "#missing"}
			}
		},
		{
			"from": [3, 6, 0],
			"to": [3.25, 11, 1],
			"rotation": {"angle": 0, "axis": "y", "origin": [5, 9, 0]},
			"faces": {
				"north": {"uv": [0.25, 5, 0, 10], "texture": "#top"},
				"east": {"uv": [1, 5, 0, 10], "texture": "#top"},
				"south": {"uv": [0.25, 5, 0, 10], "texture": "#top"},
				"west": {"uv": [1, 0, 0, 5], "texture": "#missing"},
				"up": {"uv": [1, 7, 1.25, 6], "rotation": 180, "texture": "#top"},
				"down": {"uv": [1, 7, 1.25, 6], "rotation": 180, "texture": "#top"}
			}
		},
		{
			"from": [3, 7, 1],
			"to": [3.25, 10, 2],
			"rotation": {"angle": 0, "axis": "y", "origin": [5, 9, 1]},
			"faces": {
				"north": {"uv": [0.25, 0, 0, 3], "texture": "#missing"},
				"east": {"uv": [2, 6, 1, 9], "texture": "#top"},
				"south": {"uv": [1.25, 6, 1, 9], "texture": "#top"},
				"west": {"uv": [1, 0, 0, 3], "texture": "#missing"},
				"up": {"uv": [1, 7, 1.25, 6], "rotation": 180, "texture": "#top"},
				"down": {"uv": [1, 9, 1.25, 8], "rotation": 180, "texture": "#top"}
			}
		},
		{
			"from": [3, 8, 2],
			"to": [3.25, 9, 13],
			"rotation": {"angle": 0, "axis": "y", "origin": [5, 9, 2]},
			"faces": {
				"north": {"uv": [0.25, 0, 0, 1], "texture": "#missing"},
				"east": {"uv": [13, 7, 2, 8], "texture": "#top"},
				"south": {"uv": [12.25, 7, 12, 8], "texture": "#top"},
				"west": {"uv": [11, 0, 0, 1], "texture": "#missing"},
				"up": {"uv": [13, 7, 2, 8], "rotation": 270, "texture": "#top"},
				"down": {"uv": [2, 7.75, 13, 8], "rotation": 270, "texture": "#top"}
			}
		},
		{
			"from": [3, 0, 12],
			"to": [3.25, 1, 14],
			"rotation": {"angle": 0, "axis": "y", "origin": [5, 1, 3]},
			"faces": {
				"north": {"uv": [12.25, 15, 12, 16], "texture": "#top"},
				"east": {"uv": [14, 15, 12, 16], "texture": "#top"},
				"south": {"uv": [13.25, 15, 13, 16], "texture": "#top"},
				"west": {"uv": [2, 0, 0, 1], "texture": "#missing"},
				"up": {"uv": [14, 15.5, 12, 16], "rotation": 270, "texture": "#top"},
				"down": {"uv": [0, 2, 0.25, 0], "rotation": 180, "texture": "#missing"}
			}
		},
		{
			"from": [-0.25, 8, 2],
			"to": [0, 9, 13],
			"rotation": {"angle": 0, "axis": "y", "origin": [1.75, 9, 2]},
			"faces": {
				"north": {"uv": [0.25, 0, 0, 1], "texture": "#missing"},
				"east": {"uv": [13, 7, 2, 8], "texture": "#top"},
				"south": {"uv": [12.25, 7, 12, 8], "texture": "#top"},
				"west": {"uv": [2, 7, 13, 8], "texture": "#top"},
				"up": {"uv": [13, 7, 2, 8], "rotation": 270, "texture": "#top"},
				"down": {"uv": [2, 7.75, 13, 8], "rotation": 270, "texture": "#top"}
			}
		},
		{
			"from": [-0.25, 7, 1],
			"to": [0, 10, 2],
			"rotation": {"angle": 0, "axis": "y", "origin": [1.75, 9, 1]},
			"faces": {
				"north": {"uv": [0.25, 0, 0, 3], "texture": "#missing"},
				"east": {"uv": [2, 6, 1, 9], "texture": "#top"},
				"south": {"uv": [1.25, 6, 1, 9], "texture": "#top"},
				"west": {"uv": [2, 6, 1, 9], "texture": "#top"},
				"up": {"uv": [1, 7, 1.25, 6], "rotation": 180, "texture": "#top"},
				"down": {"uv": [1, 9, 1.25, 8], "rotation": 180, "texture": "#top"}
			}
		},
		{
			"from": [-0.25, 6, 0],
			"to": [0, 11, 1],
			"rotation": {"angle": 0, "axis": "y", "origin": [1.75, 9, 0]},
			"faces": {
				"north": {"uv": [0.25, 5, 0, 10], "texture": "#top"},
				"east": {"uv": [1, 5, 0, 10], "texture": "#top"},
				"south": {"uv": [0.25, 5, 0, 10], "texture": "#top"},
				"west": {"uv": [1, 5, 0, 10], "texture": "#top"},
				"up": {"uv": [1, 7, 1.25, 6], "rotation": 180, "texture": "#top"},
				"down": {"uv": [1, 7, 1.25, 6], "rotation": 180, "texture": "#top"}
			}
		}
	],
	"groups": [
		{
			"name": "group",
			"origin": [1.25, 9, 0],
			"color": 0,
			"children": [0, 1, 2, 3, 4, 5, 6, 7, 8]
		}
	]
}