{
	"credit": "Made with Blockbench",
	"parent": "minecraft:block/button_inventory",
	"textures": {
		"3": "deeperdarker:block/button_bloom"
	},
	"elements": [
		{
			"from": [5, 6, 5],
			"to": [11, 8, 11],
			"rotation": {"angle": 0, "axis": "y", "origin": [0, 6, 0]},
			"faces": {
				"north": {"uv": [5, 14, 11, 16], "texture": "#3"},
				"east": {"uv": [5, 14, 11, 16], "texture": "#3"},
				"south": {"uv": [5, 14, 11, 16], "texture": "#3"},
				"west": {"uv": [5, 14, 11, 16], "texture": "#3"},
				"up": {"uv": [5, 11, 11, 5], "texture": "#3"},
				"down": {"uv": [5, 5, 11, 11], "texture": "#3", "cullface": "down"}
			}
		}
	],
	"display": {
		"thirdperson_righthand": {
			"rotation": [75, 45, 0],
			"translation": [0, 2.5, 0],
			"scale": [0.375, 0.375, 0.375]
		},
		"thirdperson_lefthand": {
			"rotation": [75, 45, 0],
			"translation": [0, 2.5, 0],
			"scale": [0.375, 0.375, 0.375]
		},
		"firstperson_righthand": {
			"rotation": [0, 45, 0],
			"translation": [0, 1.75, 0],
			"scale": [0.4, 0.4, 0.4]
		},
		"firstperson_lefthand": {
			"rotation": [0, 225, 0],
			"translation": [0, 1.75, 0],
			"scale": [0.4, 0.4, 0.4]
		},
		"ground": {
			"translation": [0, 3, 0],
			"scale": [0.25, 0.25, 0.25]
		},
		"gui": {
			"rotation": [30, 225, 0],
			"translation": [0, -1.5, 0],
			"scale": [0.625, 0.625, 0.625]
		},
		"fixed": {
			"scale": [0.5, 0.5, 0.5]
		}
	}
}