{
	"credit": "Made with Blockbench",
	"textures": {
		"1": "deeperdarker:block/bloom_trapdoor",
		"particle": "block/spruce_trapdoor"
	},
	"elements": [
		{
			"from": [0, 0, 13],
			"to": [16, 16, 16],
			"faces": {
				"north": {"uv": [0, 0, 16, 16], "texture": "#1"},
				"east": {"uv": [6, 0, 9, 16], "texture": "#1"},
				"south": {"uv": [16, 0, 0, 16], "texture": "#1"},
				"west": {"uv": [12, 0, 15, 16], "texture": "#1"},
				"up": {"uv": [16, 0, 0, 3], "texture": "#1"},
				"down": {"uv": [16, 13, 0, 16], "texture": "#1"}
			}
		}
	]
}