{
	"credit": "Made with Blockbench",
	"parent": "minecraft:block/door_bottom_left",
	"render_type": "minecraft:cutout",
	"textures": {
		"2": "deeperdarker:block/bloom_door_side",
		"bottom": "deeperdarker:block/bloom_door_bottom",
		"particle": "deeperdarker:block/bloom_door_side"
	},
	"elements": [
		{
			"from": [0, 0, 0],
			"to": [3, 16, 16],
			"rotation": {"angle": 0, "axis": "y", "origin": [0, 0, 16]},
			"faces": {
				"north": {"uv": [15, 0, 12, 16], "texture": "#2"},
				"east": {"uv": [0, 0, 16, 16], "texture": "#bottom"},
				"south": {"uv": [11, 0, 8, 16], "texture": "#2"},
				"west": {"uv": [16, 0, 0, 16], "texture": "#bottom"},
				"up": {"uv": [16, 0, 0, 3], "rotation": 90, "texture": "#missing"},
				"down": {"uv": [16, 15, 0, 16], "rotation": 90, "texture": "#bottom"}
			}
		},
		{
			"from": [-0.25, 5, 15],
			"to": [0, 10, 16],
			"rotation": {"angle": 0, "axis": "y", "origin": [-2, 8, 16]},
			"faces": {
				"north": {"uv": [0.25, 6, 0, 11], "texture": "#bottom"},
				"east": {"uv": [1, 0, 0, 5], "texture": "#missing"},
				"south": {"uv": [0.25, 6, 0, 11], "texture": "#bottom"},
				"west": {"uv": [1, 6, 0, 11], "texture": "#bottom"},
				"up": {"uv": [1, 8, 1.25, 7], "texture": "#bottom"},
				"down": {"uv": [1, 10, 1.25, 9], "texture": "#bottom"}
			}
		},
		{
			"from": [-0.25, 6, 14],
			"to": [0, 9, 15],
			"rotation": {"angle": 0, "axis": "y", "origin": [-2, 8, 15]},
			"faces": {
				"north": {"uv": [1.25, 7, 1, 10], "texture": "#bottom"},
				"east": {"uv": [1, 0, 0, 3], "texture": "#missing"},
				"south": {"uv": [0.25, 0, 0, 3], "texture": "#missing"},
				"west": {"uv": [2, 7, 1, 10], "texture": "#bottom"},
				"up": {"uv": [1, 8, 1.25, 7], "texture": "#bottom"},
				"down": {"uv": [1, 10, 1.25, 9], "texture": "#bottom"}
			}
		},
		{
			"from": [-0.25, 7, 3],
			"to": [0, 8, 14],
			"rotation": {"angle": 0, "axis": "y", "origin": [-2, 8, 14]},
			"faces": {
				"north": {"uv": [12.25, 8, 12, 9], "texture": "#bottom"},
				"east": {"uv": [11, 0, 0, 1], "texture": "#missing"},
				"south": {"uv": [0.25, 0, 0, 1], "texture": "#missing"},
				"west": {"uv": [13, 8, 2, 9], "texture": "#bottom"},
				"up": {"uv": [13, 8, 2, 9], "rotation": 90, "texture": "#bottom"},
				"down": {"uv": [2, 8.75, 13, 9], "rotation": 90, "texture": "#bottom"}
			}
		},
		{
			"from": [-0.25, 15, 1],
			"to": [0, 16, 5],
			"rotation": {"angle": 0, "axis": "y", "origin": [-2, 16, 13]},
			"faces": {
				"north": {"uv": [14.25, 0, 14, 1], "texture": "#bottom"},
				"east": {"uv": [2, 0, 0, 1], "texture": "#missing"},
				"south": {"uv": [11.25, 0, 11, 1], "texture": "#bottom"},
				"west": {"uv": [15, 0, 11, 1], "texture": "#bottom"},
				"up": {"uv": [15, 0, 11, 0.5], "rotation": 90, "texture": "#bottom"},
				"down": {"uv": [11, 0, 15, 1], "rotation": 90, "texture": "#bottom"}
			}
		},
		{
			"from": [-0.25, 12, 1],
			"to": [0, 13, 5],
			"rotation": {"angle": 0, "axis": "y", "origin": [-2, 13, 13]},
			"faces": {
				"north": {"uv": [14.25, 3, 14, 4], "texture": "#bottom"},
				"east": {"uv": [2, 0, 0, 1], "texture": "#missing"},
				"south": {"uv": [11.25, 3, 11, 4], "texture": "#bottom"},
				"west": {"uv": [15, 3, 11, 4], "texture": "#bottom"},
				"up": {"uv": [14, 3.5, 12, 4], "rotation": 90, "texture": "#bottom"},
				"down": {"uv": [11, 3, 15, 3.5], "rotation": 90, "texture": "#bottom"}
			}
		},
		{
			"from": [-0.25, 13, 4],
			"to": [0, 15, 5],
			"rotation": {"angle": 0, "axis": "y", "origin": [-2, 14, 13]},
			"faces": {
				"north": {"uv": [11.25, 1, 11, 3], "texture": "#bottom"},
				"east": {"uv": [2, 0, 0, 1], "texture": "#missing"},
				"south": {"uv": [11.25, 1, 11, 3], "texture": "#bottom"},
				"west": {"uv": [12, 1, 11, 3], "texture": "#bottom"},
				"up": {"uv": [14, 15.5, 12, 16], "rotation": 90, "texture": "#missing"},
				"down": {"uv": [0, 2, 0.25, 0], "texture": "#missing"}
			}
		},
		{
			"from": [-0.25, 13, 1],
			"to": [0, 15, 2],
			"rotation": {"angle": 0, "axis": "y", "origin": [-2, 14, 10]},
			"faces": {
				"north": {"uv": [14.25, 1, 14, 3], "texture": "#bottom"},
				"east": {"uv": [2, 0, 0, 1], "texture": "#missing"},
				"south": {"uv": [14.25, 1, 14, 3], "texture": "#bottom"},
				"west": {"uv": [15, 1, 14, 3], "texture": "#bottom"},
				"up": {"uv": [14, 15.5, 12, 16], "rotation": 90, "texture": "#missing"},
				"down": {"uv": [0, 2, 0.25, 0], "texture": "#missing"}
			}
		},
		{
			"from": [-0.25, 0, 0],
			"to": [0, 2, 16],
			"rotation": {"angle": 0, "axis": "y", "origin": [-2, 1, 14]},
			"faces": {
				"north": {"uv": [16, 14, 15.75, 16], "texture": "#bottom"},
				"east": {"uv": [11, 0, 0, 1], "texture": "#missing"},
				"south": {"uv": [0.25, 14, 0, 16], "texture": "#bottom"},
				"west": {"uv": [16, 14, 0, 16], "texture": "#bottom"},
				"up": {"uv": [16, 14, 0, 15], "rotation": 90, "texture": "#bottom"},
				"down": {"uv": [0, 15.75, 16, 16], "rotation": 90, "texture": "#bottom"}
			}
		},
		{
			"from": [3, 13, 1],
			"to": [3.25, 15, 2],
			"rotation": {"angle": 0, "axis": "y", "origin": [1.25, 14, 10]},
			"faces": {
				"north": {"uv": [14.25, 1, 14, 3], "texture": "#bottom"},
				"east": {"uv": [15, 1, 14, 3], "texture": "#bottom"},
				"south": {"uv": [14.25, 1, 14, 3], "texture": "#bottom"},
				"west": {"uv": [15, 1, 14, 3], "texture": "#bottom"},
				"up": {"uv": [14, 15.5, 12, 16], "rotation": 90, "texture": "#missing"},
				"down": {"uv": [0, 2, 0.25, 0], "texture": "#missing"}
			}
		},
		{
			"from": [3, 13, 4],
			"to": [3.25, 15, 5],
			"rotation": {"angle": 0, "axis": "y", "origin": [1.25, 14, 13]},
			"faces": {
				"north": {"uv": [11.25, 1, 11, 3], "texture": "#bottom"},
				"east": {"uv": [12, 1, 11, 3], "texture": "#bottom"},
				"south": {"uv": [11.25, 1, 11, 3], "texture": "#bottom"},
				"west": {"uv": [12, 1, 11, 3], "texture": "#bottom"},
				"up": {"uv": [14, 15.5, 12, 16], "rotation": 90, "texture": "#missing"},
				"down": {"uv": [0, 2, 0.25, 0], "texture": "#missing"}
			}
		},
		{
			"from": [3, 12, 1],
			"to": [3.25, 13, 5],
			"rotation": {"angle": 0, "axis": "y", "origin": [1.25, 13, 13]},
			"faces": {
				"north": {"uv": [14.25, 3, 14, 4], "texture": "#bottom"},
				"east": {"uv": [11, 3, 15, 4], "texture": "#bottom"},
				"south": {"uv": [11.25, 3, 11, 4], "texture": "#bottom"},
				"west": {"uv": [15, 3, 11, 4], "texture": "#bottom"},
				"up": {"uv": [14, 3.5, 12, 4], "rotation": 90, "texture": "#bottom"},
				"down": {"uv": [11, 3, 15, 3.5], "rotation": 90, "texture": "#bottom"}
			}
		},
		{
			"from": [3, 15, 1],
			"to": [3.25, 16, 5],
			"rotation": {"angle": 0, "axis": "y", "origin": [1.25, 16, 13]},
			"faces": {
				"north": {"uv": [14.25, 0, 14, 1], "texture": "#bottom"},
				"east": {"uv": [11, 0, 15, 1], "texture": "#bottom"},
				"south": {"uv": [11.25, 0, 11, 1], "texture": "#bottom"},
				"west": {"uv": [15, 0, 11, 1], "texture": "#bottom"},
				"up": {"uv": [15, 0, 11, 0.5], "rotation": 90, "texture": "#bottom"},
				"down": {"uv": [11, 0, 15, 1], "rotation": 90, "texture": "#bottom"}
			}
		},
		{
			"from": [3, 7, 3],
			"to": [3.25, 8, 14],
			"rotation": {"angle": 0, "axis": "y", "origin": [1.25, 8, 14]},
			"faces": {
				"north": {"uv": [12.25, 8, 12, 9], "texture": "#bottom"},
				"east": {"uv": [2, 8, 13, 9], "texture": "#bottom"},
				"south": {"uv": [0.25, 0, 0, 1], "texture": "#missing"},
				"west": {"uv": [13, 8, 2, 9], "texture": "#bottom"},
				"up": {"uv": [13, 8, 2, 9], "rotation": 90, "texture": "#bottom"},
				"down": {"uv": [2, 8.75, 13, 9], "rotation": 90, "texture": "#bottom"}
			}
		},
		{
			"from": [3, 6, 14],
			"to": [3.25, 9, 15],
			"rotation": {"angle": 0, "axis": "y", "origin": [1.25, 8, 15]},
			"faces": {
				"north": {"uv": [1.25, 7, 1, 10], "texture": "#bottom"},
				"east": {"uv": [2, 7, 1, 10], "texture": "#bottom"},
				"south": {"uv": [0.25, 0, 0, 3], "texture": "#missing"},
				"west": {"uv": [2, 7, 1, 10], "texture": "#bottom"},
				"up": {"uv": [1, 8, 1.25, 7], "texture": "#bottom"},
				"down": {"uv": [1, 10, 1.25, 9], "texture": "#bottom"}
			}
		},
		{
			"from": [3, 5, 15],
			"to": [3.25, 10, 16],
			"rotation": {"angle": 0, "axis": "y", "origin": [1.25, 8, 16]},
			"faces": {
				"north": {"uv": [0.25, 6, 0, 11], "texture": "#bottom"},
				"east": {"uv": [1, 6, 0, 11], "texture": "#bottom"},
				"south": {"uv": [0.25, 6, 0, 11], "texture": "#bottom"},
				"west": {"uv": [1, 6, 0, 11], "texture": "#bottom"},
				"up": {"uv": [1, 8, 1.25, 7], "texture": "#bottom"},
				"down": {"uv": [1, 10, 1.25, 9], "texture": "#bottom"}
			}
		},
		{
			"from": [3, 0, 0],
			"to": [3.25, 2, 16],
			"rotation": {"angle": 0, "axis": "y", "origin": [1.25, 1, 14]},
			"faces": {
				"north": {"uv": [16, 14, 15.75, 16], "texture": "#bottom"},
				"east": {"uv": [0, 14, 16, 16], "texture": "#bottom"},
				"south": {"uv": [0.25, 14, 0, 16], "texture": "#bottom"},
				"west": {"uv": [16, 14, 0, 16], "texture": "#bottom"},
				"up": {"uv": [16, 14, 0, 15], "rotation": 90, "texture": "#bottom"},
				"down": {"uv": [0, 15.75, 16, 16], "rotation": 90, "texture": "#bottom"}
			}
		}
	],
	"groups": [
		{
			"name": "group",
			"origin": [1.25, 1, 2],
			"color": 0,
			"children": [0, 1, 2, 3, 4, 5, 6, 7, 8, 9, 10, 11, 12, 13, 14, 15, 16]
		}
	]
}