{
	"credit": "Made with Blockbench",
	"parent": "minecraft:block/button",
	"textures": {
		"3": "deeperdarker:block/button_bloom",
		"particle": "deeperdarker:block/button_bloom"
	},
	"elements": [
		{
			"from": [5, 0, 5],
			"to": [11, 2, 11],
			"faces": {
				"north": {"uv": [5, 14, 11, 16], "texture": "#3"},
				"east": {"uv": [5, 14, 11, 16], "texture": "#3"},
				"south": {"uv": [5, 14, 11, 16], "texture": "#3"},
				"west": {"uv": [5, 14, 11, 16], "texture": "#3"},
				"up": {"uv": [5, 11, 11, 5], "texture": "#3"},
				"down": {"uv": [5, 5, 11, 11], "texture": "#3", "cullface": "down"}
			}
		}
	]
}