{
	"credit": "Made with Blockbench",
	"parent": "minecraft:block/door_top_left",
	"render_type": "minecraft:cutout",
	"textures": {
		"3": "deeperdarker:block/bloom_door_side",
		"top": "deeperdarker:block/bloom_door_top",
		"particle": "deeperdarker:block/bloom_door_bottom"
	},
	"elements": [
		{
			"from": [-0.25, 0, 2],
			"to": [0, 1, 4],
			"rotation": {"angle": 0, "axis": "y", "origin": [1.75, 1, 13]},
			"faces": {
				"north": {"uv": [13, 15, 13.25, 16], "texture": "#top"},
				"east": {"uv": [12, 15, 14, 16], "texture": "#top"},
				"south": {"uv": [12, 15, 12.25, 16], "texture": "#top"},
				"west": {"uv": [14, 15, 12, 16], "texture": "#top"},
				"up": {"uv": [12, 15.5, 14, 16], "rotation": 270, "texture": "#top"},
				"down": {"uv": [0, 0, 0.25, 2], "rotation": 180, "texture": "#missing"}
			}
		},
		{
			"from": [0, 0, 0],
			"to": [3, 16, 16],
			"rotation": {"angle": 0, "axis": "y", "origin": [3, 0, 16]},
			"faces": {
				"north": {"uv": [4, 0, 7, 16], "texture": "#3"},
				"east": {"uv": [0, 0, 16, 16], "texture": "#top"},
				"south": {"uv": [0, 0, 3, 16], "texture": "#3"},
				"west": {"uv": [16, 0, 0, 16], "texture": "#top"},
				"up": {"uv": [0, 0, 16, 3], "rotation": 270, "texture": "#top"},
				"down": {"uv": [0, 0, 3, 16], "rotation": 180, "texture": "#missing"}
			}
		},
		{
			"from": [3, 6, 15],
			"to": [3.25, 11, 16],
			"rotation": {"angle": 0, "axis": "y", "origin": [5, 9, 16]},
			"faces": {
				"north": {"uv": [0, 5, 0.25, 10], "texture": "#top"},
				"east": {"uv": [0, 5, 1, 10], "texture": "#top"},
				"south": {"uv": [0, 5, 0.25, 10], "texture": "#top"},
				"west": {"uv": [0, 0, 1, 5], "texture": "#missing"},
				"up": {"uv": [1, 6, 1.25, 7], "rotation": 180, "texture": "#top"},
				"down": {"uv": [1, 6, 1.25, 7], "rotation": 180, "texture": "#top"}
			}
		},
		{
			"from": [3, 7, 14],
			"to": [3.25, 10, 15],
			"rotation": {"angle": 0, "axis": "y", "origin": [5, 9, 15]},
			"faces": {
				"north": {"uv": [1, 6, 1.25, 9], "texture": "#top"},
				"east": {"uv": [1, 6, 2, 9], "texture": "#top"},
				"south": {"uv": [0, 0, 0.25, 3], "texture": "#missing"},
				"west": {"uv": [0, 0, 1, 3], "texture": "#missing"},
				"up": {"uv": [1, 6, 1.25, 7], "rotation": 180, "texture": "#top"},
				"down": {"uv": [1, 8, 1.25, 9], "rotation": 180, "texture": "#top"}
			}
		},
		{
			"from": [3, 8, 3],
			"to": [3.25, 9, 14],
			"rotation": {"angle": 0, "axis": "y", "origin": [5, 9, 14]},
			"faces": {
				"north": {"uv": [12, 7, 12.25, 8], "texture": "#top"},
				"east": {"uv": [2, 7, 13, 8], "texture": "#top"},
				"south": {"uv": [0, 0, 0.25, 1], "texture": "#missing"},
				"west": {"uv": [0, 0, 11, 1], "texture": "#missing"},
				"up": {"uv": [2, 7, 13, 8], "rotation": 270, "texture": "#top"},
				"down": {"uv": [13, 7.75, 2, 8], "rotation": 270, "texture": "#top"}
			}
		},
		{
			"from": [3, 0, 2],
			"to": [3.25, 1, 4],
			"rotation": {"angle": 0, "axis": "y", "origin": [5, 1, 13]},
			"faces": {
				"north": {"uv": [13, 15, 13.25, 16], "texture": "#top"},
				"east": {"uv": [12, 15, 14, 16], "texture": "#top"},
				"south": {"uv": [12, 15, 12.25, 16], "texture": "#top"},
				"west": {"uv": [0, 0, 2, 1], "texture": "#missing"},
				"up": {"uv": [12, 15.5, 14, 16], "rotation": 270, "texture": "#top"},
				"down": {"uv": [0, 0, 0.25, 2], "rotation": 180, "texture": "#missing"}
			}
		},
		{
			"from": [-0.25, 8, 3],
			"to": [0, 9, 14],
			"rotation": {"angle": 0, "axis": "y", "origin": [1.75, 9, 14]},
			"faces": {
				"north": {"uv": [12, 7, 12.25, 8], "texture": "#top"},
				"east": {"uv": [2, 7, 13, 8], "texture": "#top"},
				"south": {"uv": [0, 0, 0.25, 1], "texture": "#missing"},
				"west": {"uv": [13, 7, 2, 8], "texture": "#top"},
				"up": {"uv": [2, 7, 13, 8], "rotation": 270, "texture": "#top"},
				"down": {"uv": [13, 7.75, 2, 8], "rotation": 270, "texture": "#top"}
			}
		},
		{
			"from": [-0.25, 7, 14],
			"to": [0, 10, 15],
			"rotation": {"angle": 0, "axis": "y", "origin": [1.75, 9, 15]},
			"faces": {
				"north": {"uv": [1, 6, 1.25, 9], "texture": "#top"},
				"east": {"uv": [1, 6, 2, 9], "texture": "#top"},
				"south": {"uv": [0, 0, 0.25, 3], "texture": "#missing"},
				"west": {"uv": [1, 6, 2, 9], "texture": "#top"},
				"up": {"uv": [1, 6, 1.25, 7], "rotation": 180, "texture": "#top"},
				"down": {"uv": [1, 8, 1.25, 9], "rotation": 180, "texture": "#top"}
			}
		},
		{
			"from": [-0.25, 6, 15],
			"to": [0, 11, 16],
			"rotation": {"angle": 0, "axis": "y", "origin": [1.75, 9, 16]},
			"faces": {
				"north": {"uv": [0, 5, 0.25, 10], "texture": "#top"},
				"east": {"uv": [0, 5, 1, 10], "texture": "#top"},
				"south": {"uv": [0, 5, 0.25, 10], "texture": "#top"},
				"west": {"uv": [0, 5, 1, 10], "texture": "#top"},
				"up": {"uv": [1, 6, 1.25, 7], "rotation": 180, "texture": "#top"},
				"down": {"uv": [1, 6, 1.25, 7], "rotation": 180, "texture": "#top"}
			}
		}
	],
	"groups": [
		{
			"name": "group",
			"origin": [1.25, 9, 0],
			"color": 0,
			"children": [0, 1, 2, 3, 4, 5, 6, 7, 8]
		}
	]
}