{
	"credit": "Made with Blockbench",
	"parent": "minecraft:block/fence_side",
	"textures": {
		"1": "deeperdarker:block/stripped_echo_log",
		"texture": "deeperdarker:block/echo_planks",
		"particle": "deeperdarker:block/stripped_echo_log"
	},
	"elements": [
		{
			"from": [7, 0, 0],
			"to": [9, 14, 1],
			"rotation": {"angle": 0, "axis": "y", "origin": [6, 0, 0]},
			"faces": {
				"north": {"uv": [3, 2, 5, 15], "texture": "#1"},
				"east": {"uv": [10, 1, 11, 14], "texture": "#1"},
				"south": {"uv": [5, 1, 7, 14], "texture": "#1"},
				"west": {"uv": [11, 1, 12, 14], "texture": "#1"},
				"up": {"uv": [11, 5, 13, 6], "texture": "#1"},
				"down": {"uv": [11, 5, 13, 6], "texture": "#1"}
			}
		},
		{
			"from": [7.5, 10, 1],
			"to": [8.5, 12, 6],
			"rotation": {"angle": 0, "axis": "y", "origin": [7.5, 8, 0]},
			"faces": {
				"north": {"uv": [4, 5, 5, 7], "texture": "#1"},
				"east": {"uv": [9, 2, 14, 4], "texture": "#texture"},
				"south": {"uv": [4, 5, 5, 7], "texture": "#1"},
				"west": {"uv": [9, 2, 14, 4], "texture": "#texture"},
				"up": {"uv": [4, 1, 5, 6], "texture": "#1"},
				"down": {"uv": [15, 1, 16, 6], "texture": "#1"}
			}
		},
		{
			"from": [7.5, 6, 1],
			"to": [8.5, 8, 6],
			"rotation": {"angle": 0, "axis": "y", "origin": [7.5, 4, 0]},
			"faces": {
				"north": {"uv": [4, 5, 5, 7], "texture": "#1"},
				"east": {"uv": [9, 2, 14, 4], "texture": "#texture"},
				"south": {"uv": [4, 5, 5, 7], "texture": "#1"},
				"west": {"uv": [9, 2, 14, 4], "texture": "#texture"},
				"up": {"uv": [4, 1, 5, 6], "texture": "#1"},
				"down": {"uv": [15, 1, 16, 6], "texture": "#1"}
			}
		},
		{
			"from": [7.5, 2, 1],
			"to": [8.5, 4, 6],
			"rotation": {"angle": 0, "axis": "y", "origin": [7.5, 0, 0]},
			"faces": {
				"north": {"uv": [4, 5, 5, 7], "texture": "#1"},
				"east": {"uv": [9, 2, 14, 4], "texture": "#texture"},
				"south": {"uv": [4, 5, 5, 7], "texture": "#1"},
				"west": {"uv": [9, 2, 14, 4], "texture": "#texture"},
				"up": {"uv": [4, 1, 5, 6], "texture": "#1"},
				"down": {"uv": [15, 1, 16, 6], "texture": "#1"}
			}
		}
	]
}