{
	"credit": "Made with Blockbench",
	"parent": "minecraft:block/template_fence_gate_wall",
	"textures": {
		"1": "deeperdarker:block/stripped_echo_log",
		"texture": "deeperdarker:block/echo_planks",
		"particle": "deeperdarker:block/stripped_echo_log"
	},
	"elements": [
		{
			"from": [15, 0, 7],
			"to": [16, 14, 9],
			"rotation": {"angle": 0, "axis": "y", "origin": [16, 0, 6]},
			"faces": {
				"north": {"uv": [11, 1, 12, 14], "texture": "#1"},
				"east": {"uv": [3, 2, 5, 15], "texture": "#1"},
				"south": {"uv": [10, 1, 11, 14], "texture": "#1"},
				"west": {"uv": [5, 1, 7, 14], "texture": "#1"},
				"up": {"uv": [11, 5, 13, 6], "rotation": 90, "texture": "#1"},
				"down": {"uv": [11, 5, 13, 6], "rotation": 270, "texture": "#1"}
			}
		},
		{
			"from": [10, 10, 7.5],
			"to": [15, 12, 8.5],
			"rotation": {"angle": 0, "axis": "y", "origin": [16, 8, 7.5]},
			"faces": {
				"north": {"uv": [9, 2, 14, 4], "texture": "#texture"},
				"east": {"uv": [4, 5, 5, 7], "texture": "#missing"},
				"south": {"uv": [9, 2, 14, 4], "texture": "#texture"},
				"west": {"uv": [4, 5, 5, 7], "texture": "#missing"},
				"up": {"uv": [4, 1, 5, 6], "rotation": 90, "texture": "#1"},
				"down": {"uv": [15, 1, 16, 6], "rotation": 270, "texture": "#1"}
			}
		},
		{
			"from": [10, 6, 7.5],
			"to": [15, 8, 8.5],
			"rotation": {"angle": 0, "axis": "y", "origin": [16, 4, 7.5]},
			"faces": {
				"north": {"uv": [9, 2, 14, 4], "texture": "#texture"},
				"east": {"uv": [4, 5, 5, 7], "texture": "#missing"},
				"south": {"uv": [9, 2, 14, 4], "texture": "#texture"},
				"west": {"uv": [4, 5, 5, 7], "texture": "#missing"},
				"up": {"uv": [4, 1, 5, 6], "rotation": 90, "texture": "#1"},
				"down": {"uv": [15, 1, 16, 6], "rotation": 270, "texture": "#1"}
			}
		},
		{
			"from": [10, 2, 7.5],
			"to": [15, 4, 8.5],
			"rotation": {"angle": 0, "axis": "y", "origin": [16, 0, 7.5]},
			"faces": {
				"north": {"uv": [9, 2, 14, 4], "texture": "#texture"},
				"east": {"uv": [4, 5, 5, 7], "texture": "#missing"},
				"south": {"uv": [9, 2, 14, 4], "texture": "#texture"},
				"west": {"uv": [4, 5, 5, 7], "texture": "#missing"},
				"up": {"uv": [4, 1, 5, 6], "rotation": 90, "texture": "#1"},
				"down": {"uv": [15, 1, 16, 6], "rotation": 270, "texture": "#1"}
			}
		},
		{
			"from": [8, 0, 7],
			"to": [10, 14, 9],
			"rotation": {"angle": 0, "axis": "y", "origin": [10, 0, 6]},
			"faces": {
				"north": {"uv": [7, 0, 9, 14], "texture": "#1"},
				"east": {"uv": [3, 1, 5, 15], "texture": "#1"},
				"south": {"uv": [7, 0, 9, 14], "texture": "#1"},
				"west": {"uv": [3, 1, 5, 15], "texture": "#1"},
				"up": {"uv": [11, 4, 13, 6], "rotation": 90, "texture": "#1"},
				"down": {"uv": [11, 4, 13, 6], "rotation": 270, "texture": "#1"}
			}
		},
		{
			"from": [0, 0, 7],
			"to": [1, 14, 9],
			"rotation": {"angle": 0, "axis": "y", "origin": [0, 0, 10]},
			"faces": {
				"north": {"uv": [10, 1, 11, 14], "texture": "#1"},
				"east": {"uv": [5, 1, 7, 14], "texture": "#1"},
				"south": {"uv": [11, 1, 12, 14], "texture": "#1"},
				"west": {"uv": [3, 2, 5, 15], "texture": "#1"},
				"up": {"uv": [11, 5, 13, 6], "rotation": 270, "texture": "#1"},
				"down": {"uv": [11, 5, 13, 6], "rotation": 90, "texture": "#1"}
			}
		},
		{
			"from": [1, 10, 7.5],
			"to": [6, 12, 8.5],
			"rotation": {"angle": 0, "axis": "y", "origin": [0, 8, 8.5]},
			"faces": {
				"north": {"uv": [9, 2, 14, 4], "texture": "#texture"},
				"east": {"uv": [4, 5, 5, 7], "texture": "#missing"},
				"south": {"uv": [9, 2, 14, 4], "texture": "#texture"},
				"west": {"uv": [4, 5, 5, 7], "texture": "#missing"},
				"up": {"uv": [4, 1, 5, 6], "rotation": 270, "texture": "#1"},
				"down": {"uv": [15, 1, 16, 6], "rotation": 90, "texture": "#1"}
			}
		},
		{
			"from": [1, 6, 7.5],
			"to": [6, 8, 8.5],
			"rotation": {"angle": 0, "axis": "y", "origin": [0, 4, 8.5]},
			"faces": {
				"north": {"uv": [9, 2, 14, 4], "texture": "#texture"},
				"east": {"uv": [4, 5, 5, 7], "texture": "#missing"},
				"south": {"uv": [9, 2, 14, 4], "texture": "#texture"},
				"west": {"uv": [4, 5, 5, 7], "texture": "#missing"},
				"up": {"uv": [4, 1, 5, 6], "rotation": 270, "texture": "#1"},
				"down": {"uv": [15, 1, 16, 6], "rotation": 90, "texture": "#1"}
			}
		},
		{
			"from": [1, 2, 7.5],
			"to": [6, 4, 8.5],
			"rotation": {"angle": 0, "axis": "y", "origin": [0, 0, 8.5]},
			"faces": {
				"north": {"uv": [9, 2, 14, 4], "texture": "#texture"},
				"east": {"uv": [4, 5, 5, 7], "texture": "#missing"},
				"south": {"uv": [9, 2, 14, 4], "texture": "#texture"},
				"west": {"uv": [4, 5, 5, 7], "texture": "#missing"},
				"up": {"uv": [4, 1, 5, 6], "rotation": 270, "texture": "#1"},
				"down": {"uv": [15, 1, 16, 6], "rotation": 90, "texture": "#1"}
			}
		},
		{
			"from": [6, 0, 7],
			"to": [8, 14, 9],
			"rotation": {"angle": 0, "axis": "y", "origin": [6, 0, 10]},
			"faces": {
				"north": {"uv": [7, 0, 9, 13], "texture": "#1"},
				"east": {"uv": [3, 2, 5, 15], "texture": "#1"},
				"south": {"uv": [7, 0, 9, 13], "texture": "#1"},
				"west": {"uv": [3, 2, 5, 15], "texture": "#1"},
				"up": {"uv": [11, 4, 13, 6], "rotation": 270, "texture": "#1"},
				"down": {"uv": [11, 4, 13, 6], "rotation": 90, "texture": "#1"}
			}
		}
	],
	"display": {
		"thirdperson_righthand": {
			"rotation": [75, 45, 0],
			"translation": [0, 2.5, 0],
			"scale": [0.375, 0.375, 0.375]
		},
		"thirdperson_lefthand": {
			"rotation": [75, 45, 0],
			"translation": [0, 2.5, 0],
			"scale": [0.375, 0.375, 0.375]
		},
		"firstperson_righthand": {
			"rotation": [-180, 45, 0],
			"scale": [0.4, 0.4, 0.4]
		},
		"firstperson_lefthand": {
			"rotation": [-180, 225, 0],
			"scale": [0.4, 0.4, 0.4]
		},
		"ground": {
			"translation": [0, 3, 0],
			"scale": [0.25, 0.25, 0.25]
		},
		"gui": {
			"rotation": [30, 225, 0],
			"scale": [0.625, 0.625, 0.625]
		},
		"fixed": {
			"scale": [0.5, 0.5, 0.5]
		}
	},
	"groups": [
		{
			"name": "group",
			"origin": [6, 0, 10],
			"color": 0,
			"children": [0, 1, 2, 3, 4]
		},
		{
			"name": "group",
			"origin": [6, 0, 10],
			"color": 0,
			"children": [5, 6, 7, 8, 9]
		}
	]
}