{
	"credit": "Made with Blockbench",
	"textures": {
		"3": "deeperdarker:block/echo_leaves",
		"4": "deeperdarker:block/echo_leaves_tips",
		"particle": "deeperdarker:block/echo_leaves"
	},
	"elements": [
		{
			"name": "leaves",
			"from": [0, 0, 0],
			"to": [16, 16, 16],
			"faces": {
				"north": {"uv": [0, 0, 16, 16], "texture": "#3", "cullface": "north", "tintindex": 0},
				"east": {"uv": [0, 0, 16, 16], "texture": "#3", "cullface": "east", "tintindex": 0},
				"south": {"uv": [0, 0, 16, 16], "texture": "#3", "cullface": "south", "tintindex": 0},
				"west": {"uv": [0, 0, 16, 16], "texture": "#3", "cullface": "west", "tintindex": 0},
				"up": {"uv": [0, 0, 16, 16], "texture": "#3", "cullface": "up", "tintindex": 0},
				"down": {"uv": [0, 0, 16, 16], "texture": "#3", "cullface": "down", "tintindex": 0}
			}
		},
		{
			"name": "edgeNS",
			"from": [0.025, -6, 0.025],
			"to": [15.975, 0, 15.975],
			"faces": {
				"north": {"uv": [0.05, 0, 16, 6], "texture": "#4", "tintindex": 0},
				"east": {"uv": [0.05, 0, 16, 6], "texture": "#4", "tintindex": 0},
				"south": {"uv": [0.05, 0, 16, 6], "texture": "#4", "tintindex": 0},
				"west": {"uv": [0.05, 0, 16, 6], "texture": "#4", "tintindex": 0}
			}
		},
		{
			"name": "topcrossEW",
			"from": [8, 13, -1],
			"to": [8, 19, 17],
			"rotation": {"angle": 45, "axis": "y", "origin": [8, 8, 8]},
			"faces": {
				"east": {"uv": [0, 10, 16, 16], "texture": "#4", "tintindex": 0},
				"west": {"uv": [0, 10, 16, 16], "texture": "#4", "tintindex": 0}
			}
		},
		{
			"name": "topcrossNS",
			"from": [-1, 13, 8],
			"to": [17, 19, 8],
			"rotation": {"angle": 45, "axis": "y", "origin": [8, 8, 8]},
			"faces": {
				"north": {"uv": [0, 10, 16, 16], "texture": "#4", "tintindex": 0},
				"south": {"uv": [0, 10, 16, 16], "texture": "#4", "tintindex": 0}
			}
		}
	],
	"display": {
		"thirdperson_righthand": {
			"rotation": [75, 45, 0],
			"translation": [0, 2.5, 0],
			"scale": [0.375, 0.375, 0.375]
		},
		"thirdperson_lefthand": {
			"rotation": [75, 45, 0],
			"translation": [0, 2.5, 0],
			"scale": [0.375, 0.375, 0.375]
		},
		"firstperson_righthand": {
			"rotation": [0, 45, 0],
			"scale": [0.4, 0.4, 0.4]
		},
		"firstperson_lefthand": {
			"rotation": [0, 225, 0],
			"scale": [0.4, 0.4, 0.4]
		},
		"ground": {
			"translation": [0, 3, 0],
			"scale": [0.25, 0.25, 0.25]
		},
		"gui": {
			"rotation": [30, 225, 0],
			"scale": [0.625, 0.625, 0.625]
		},
		"fixed": {
			"scale": [0.5, 0.5, 0.5]
		}
	}
}