{
	"credit": "Made with Blockbench",
	"parent": "minecraft:block/door_top_right",
	"render_type": "minecraft:cutout",
	"textures": {
		"2": "deeperdarker:block/echo_log",
		"top": "deeperdarker:block/echo_door_top",
		"particle": "deeperdarker:block/echo_log"
	},
	"elements": [
		{
			"from": [0, 0, 0],
			"to": [3, 1, 16],
			"rotation": {"angle": 0, "axis": "y", "origin": [3, 0, 16]},
			"faces": {
				"north": {"uv": [13, 15, 16, 16], "texture": "#2"},
				"east": {"uv": [16, 15, 0, 16], "texture": "#top"},
				"south": {"uv": [0, 10, 3, 11], "texture": "#2"},
				"west": {"uv": [0, 15, 16, 16], "texture": "#top"},
				"up": {"uv": [16, 0, 0, 3], "rotation": 270, "texture": "#top"},
				"down": {"uv": [0, 1, 16, 3], "rotation": 270, "texture": "#top"}
			}
		},
		{
			"from": [0, 2, 12],
			"to": [3, 3, 16],
			"rotation": {"angle": 0, "axis": "y", "origin": [3, 2, 16]},
			"faces": {
				"north": {"uv": [10, 9, 13, 10], "texture": "#top"},
				"east": {"uv": [16, 13, 12, 14], "texture": "#top"},
				"south": {"uv": [0, 11, 3, 12], "texture": "#2"},
				"west": {"uv": [12, 13, 16, 14], "texture": "#top"},
				"up": {"uv": [10, 7, 13, 11], "rotation": 180, "texture": "#top"},
				"down": {"uv": [0, 0, 3, 4], "rotation": 180, "texture": "#missing"}
			}
		},
		{
			"from": [0, 1, 0],
			"to": [3, 2, 16],
			"rotation": {"angle": 0, "axis": "y", "origin": [3, 0, 16]},
			"faces": {
				"north": {"uv": [13, 14, 16, 15], "texture": "#2"},
				"east": {"uv": [16, 14, 0, 15], "texture": "#top"},
				"south": {"uv": [0, 9, 3, 10], "texture": "#2"},
				"west": {"uv": [0, 14, 16, 15], "texture": "#top"},
				"up": {"uv": [16, 0, 0, 3], "rotation": 270, "texture": "#top"},
				"down": {"uv": [0, 1, 16, 3], "rotation": 270, "texture": "#top"}
			}
		},
		{
			"from": [0, 2, 0],
			"to": [3, 3, 4],
			"rotation": {"angle": 0, "axis": "y", "origin": [3, 2, 4]},
			"faces": {
				"north": {"uv": [0, 12, 3, 13], "texture": "#2"},
				"east": {"uv": [4, 13, 0, 14], "texture": "#top"},
				"south": {"uv": [10, 9, 13, 10], "texture": "#top"},
				"west": {"uv": [0, 13, 4, 14], "texture": "#top"},
				"up": {"uv": [10, 11, 13, 7], "rotation": 180, "texture": "#top"},
				"down": {"uv": [0, 0, 3, 4], "rotation": 180, "texture": "#missing"}
			}
		},
		{
			"from": [0, 3, 13],
			"to": [3, 4, 16],
			"rotation": {"angle": 0, "axis": "y", "origin": [3, 3, 16]},
			"faces": {
				"north": {"uv": [11, 3, 12, 0], "rotation": 90, "texture": "#top"},
				"east": {"uv": [16, 12, 13, 13], "texture": "#top"},
				"south": {"uv": [0, 8, 3, 9], "texture": "#2"},
				"west": {"uv": [13, 12, 16, 13], "texture": "#top"},
				"up": {"uv": [0, 0, 3, 3], "rotation": 180, "texture": "#missing"},
				"down": {"uv": [0, 0, 3, 3], "rotation": 180, "texture": "#missing"}
			}
		},
		{
			"from": [0, 3, 0],
			"to": [2, 12, 3],
			"rotation": {"angle": 0, "axis": "y", "origin": [3, 3, 3]},
			"faces": {
				"north": {"uv": [1, 3, 3, 12], "texture": "#2"},
				"east": {"uv": [3, 4, 0, 13], "texture": "#top"},
				"south": {"uv": [3, 1, 12, 3], "rotation": 90, "texture": "#top"},
				"west": {"uv": [0, 4, 3, 13], "texture": "#top"},
				"up": {"uv": [1, 0, 3, 3], "rotation": 180, "texture": "#missing"},
				"down": {"uv": [1, 0, 3, 3], "rotation": 180, "texture": "#missing"}
			}
		},
		{
			"from": [1, 5, 3],
			"to": [2, 7, 13],
			"rotation": {"angle": 0, "axis": "y", "origin": [2.5, 5, 13]},
			"faces": {
				"north": {"uv": [0, 0, 1, 2], "texture": "#missing"},
				"east": {"uv": [13, 9, 3, 11], "texture": "#top"},
				"south": {"uv": [0, 0, 1, 2], "texture": "#missing"},
				"west": {"uv": [3, 9, 13, 11], "texture": "#top"},
				"up": {"uv": [2, 2, 3, 12], "rotation": 180, "texture": "#top"},
				"down": {"uv": [2, 2, 3, 12], "rotation": 180, "texture": "#top"}
			}
		},
		{
			"from": [0, 4, 13],
			"to": [3, 12, 16],
			"rotation": {"angle": 0, "axis": "y", "origin": [3, 3, 16]},
			"faces": {
				"north": {"uv": [3, 3, 11, 0], "rotation": 90, "texture": "#top"},
				"east": {"uv": [16, 4, 13, 12], "texture": "#top"},
				"south": {"uv": [0, 0, 3, 8], "texture": "#2"},
				"west": {"uv": [13, 4, 16, 12], "texture": "#top"},
				"up": {"uv": [0, 0, 3, 3], "rotation": 180, "texture": "#missing"},
				"down": {"uv": [0, 0, 3, 3], "rotation": 180, "texture": "#missing"}
			}
		},
		{
			"from": [1, 8, 3],
			"to": [2, 10, 13],
			"rotation": {"angle": 0, "axis": "y", "origin": [2.5, 8, 13]},
			"faces": {
				"north": {"uv": [0, 0, 1, 2], "texture": "#missing"},
				"east": {"uv": [13, 6, 3, 8], "texture": "#top"},
				"south": {"uv": [0, 0, 1, 2], "texture": "#missing"},
				"west": {"uv": [3, 6, 13, 8], "texture": "#top"},
				"up": {"uv": [2, 2, 3, 12], "rotation": 180, "texture": "#top"},
				"down": {"uv": [2, 2, 3, 12], "rotation": 180, "texture": "#top"}
			}
		},
		{
			"from": [0, 12, 12],
			"to": [3, 13, 16],
			"rotation": {"angle": 0, "axis": "y", "origin": [3, 12, 16]},
			"faces": {
				"north": {"uv": [10, 6, 13, 7], "texture": "#top"},
				"east": {"uv": [16, 3, 12, 4], "texture": "#top"},
				"south": {"uv": [0, 7, 3, 8], "texture": "#2"},
				"west": {"uv": [12, 3, 16, 4], "texture": "#top"},
				"up": {"uv": [0, 0, 3, 4], "rotation": 180, "texture": "#missing"},
				"down": {"uv": [10, 6, 13, 10], "rotation": 180, "texture": "#top"}
			}
		},
		{
			"from": [0, 12, 0],
			"to": [3, 13, 4],
			"rotation": {"angle": 0, "axis": "y", "origin": [3, 12, 4]},
			"faces": {
				"north": {"uv": [13, 4, 16, 5], "texture": "#2"},
				"east": {"uv": [4, 3, 0, 4], "texture": "#top"},
				"south": {"uv": [13, 6, 10, 7], "texture": "#top"},
				"west": {"uv": [0, 3, 4, 4], "texture": "#top"},
				"up": {"uv": [0, 0, 3, 4], "rotation": 180, "texture": "#missing"},
				"down": {"uv": [10, 6, 13, 10], "rotation": 180, "texture": "#top"}
			}
		},
		{
			"from": [0, 13, 15],
			"to": [3, 16, 16],
			"rotation": {"angle": 0, "axis": "y", "origin": [3, 13, 16]},
			"faces": {
				"north": {"uv": [13, 3, 16, 6], "texture": "#2"},
				"east": {"uv": [16, 0, 15, 2], "texture": "#top"},
				"south": {"uv": [0, 3, 3, 6], "texture": "#2"},
				"west": {"uv": [15, 0, 16, 2], "texture": "#top"},
				"up": {"uv": [0, 0, 1, 3], "rotation": 270, "texture": "#2"},
				"down": {"uv": [15, 0, 16, 3], "rotation": 270, "texture": "#top"}
			}
		},
		{
			"from": [0, 13, 0],
			"to": [3, 16, 15],
			"rotation": {"angle": 0, "axis": "y", "origin": [3, 13, 16]},
			"faces": {
				"north": {"uv": [13, 4, 16, 6], "texture": "#2"},
				"east": {"uv": [15, 0, 0, 3], "texture": "#top"},
				"south": {"uv": [0, 4, 3, 6], "texture": "#2"},
				"west": {"uv": [0, 0, 15, 3], "texture": "#top"},
				"up": {"uv": [1, 0, 16, 3], "rotation": 270, "texture": "#2"},
				"down": {"uv": [0, 0, 15, 3], "rotation": 270, "texture": "#top"}
			}
		},
		{
			"from": [2, 3, 0],
			"to": [3, 12, 3],
			"rotation": {"angle": 0, "axis": "y", "origin": [3, 3, 3]},
			"faces": {
				"north": {"uv": [0, 3, 1, 12], "texture": "#2"},
				"east": {"uv": [3, 4, 0, 13], "texture": "#top"},
				"south": {"uv": [3, 0, 12, 1], "rotation": 90, "texture": "#top"},
				"west": {"uv": [0, 4, 3, 13], "texture": "#top"},
				"up": {"uv": [0, 0, 1, 3], "rotation": 180, "texture": "#missing"},
				"down": {"uv": [0, 0, 1, 3], "rotation": 180, "texture": "#missing"}
			}
		}
	],
	"groups": [
		{
			"name": "group",
			"origin": [0, 13, 0],
			"color": 0,
			"children": [0, 1, 2, 3, 4, 5, 6, 7, 8, 9, 10, 11, 12, 13]
		}
	]
}