{
	"credit": "Made with Blockbench",
	"parent": "minecraft:block/template_fence_gate_wall_open",
	"textures": {
		"1": "deeperdarker:block/stripped_echo_log",
		"texture": "deeperdarker:block/echo_planks",
		"particle": "deeperdarker:block/stripped_echo_log"
	},
	"elements": [
		{
			"from": [15, 0, 7],
			"to": [16, 14, 9],
			"rotation": {"angle": 0, "axis": "y", "origin": [16, 0, 6]},
			"faces": {
				"north": {"uv": [11, 1, 12, 14], "texture": "#1"},
				"east": {"uv": [3, 2, 5, 15], "texture": "#1"},
				"south": {"uv": [10, 1, 11, 14], "texture": "#1"},
				"west": {"uv": [5, 1, 7, 14], "texture": "#1"},
				"up": {"uv": [11, 5, 13, 6], "rotation": 90, "texture": "#1"},
				"down": {"uv": [11, 5, 13, 6], "rotation": 270, "texture": "#1"}
			}
		},
		{
			"from": [14.5, 10, 9],
			"to": [15.5, 12, 14],
			"rotation": {"angle": 0, "axis": "y", "origin": [14.5, 8, 8]},
			"faces": {
				"north": {"uv": [4, 5, 5, 7], "texture": "#1"},
				"east": {"uv": [9, 2, 14, 4], "texture": "#texture"},
				"south": {"uv": [4, 5, 5, 7], "texture": "#1"},
				"west": {"uv": [9, 2, 14, 4], "texture": "#texture"},
				"up": {"uv": [4, 1, 5, 6], "texture": "#1"},
				"down": {"uv": [15, 1, 16, 6], "texture": "#1"}
			}
		},
		{
			"from": [14.5, 6, 9],
			"to": [15.5, 8, 14],
			"rotation": {"angle": 0, "axis": "y", "origin": [14.5, 4, 8]},
			"faces": {
				"north": {"uv": [4, 5, 5, 7], "texture": "#1"},
				"east": {"uv": [9, 2, 14, 4], "texture": "#texture"},
				"south": {"uv": [4, 5, 5, 7], "texture": "#1"},
				"west": {"uv": [9, 2, 14, 4], "texture": "#texture"},
				"up": {"uv": [4, 1, 5, 6], "texture": "#1"},
				"down": {"uv": [15, 1, 16, 6], "texture": "#1"}
			}
		},
		{
			"from": [14.5, 2, 9],
			"to": [15.5, 4, 14],
			"rotation": {"angle": 0, "axis": "y", "origin": [14.5, 0, 8]},
			"faces": {
				"north": {"uv": [4, 5, 5, 7], "texture": "#1"},
				"east": {"uv": [9, 2, 14, 4], "texture": "#texture"},
				"south": {"uv": [4, 5, 5, 7], "texture": "#1"},
				"west": {"uv": [9, 2, 14, 4], "texture": "#texture"},
				"up": {"uv": [4, 1, 5, 6], "texture": "#1"},
				"down": {"uv": [15, 1, 16, 6], "texture": "#1"}
			}
		},
		{
			"from": [14, 0, 14],
			"to": [16, 14, 16],
			"rotation": {"angle": 0, "axis": "y", "origin": [13, 0, 14]},
			"faces": {
				"north": {"uv": [3, 1, 5, 15], "texture": "#1"},
				"east": {"uv": [7, 0, 9, 14], "texture": "#1"},
				"south": {"uv": [3, 1, 5, 15], "texture": "#1"},
				"west": {"uv": [7, 0, 9, 14], "texture": "#1"},
				"up": {"uv": [11, 4, 13, 6], "texture": "#1"},
				"down": {"uv": [11, 4, 13, 6], "texture": "#1"}
			}
		},
		{
			"from": [0, 0, 7],
			"to": [1, 14, 9],
			"rotation": {"angle": 0, "axis": "y", "origin": [0, 0, 10]},
			"faces": {
				"north": {"uv": [10, 1, 11, 14], "texture": "#1"},
				"east": {"uv": [5, 1, 7, 14], "texture": "#1"},
				"south": {"uv": [11, 1, 12, 14], "texture": "#1"},
				"west": {"uv": [3, 2, 5, 15], "texture": "#1"},
				"up": {"uv": [11, 5, 13, 6], "rotation": 270, "texture": "#1"},
				"down": {"uv": [11, 5, 13, 6], "rotation": 90, "texture": "#1"}
			}
		},
		{
			"from": [0, 10, 9],
			"to": [1, 12, 14],
			"rotation": {"angle": 0, "axis": "y", "origin": [0, 8, 8]},
			"faces": {
				"north": {"uv": [4, 5, 5, 7], "texture": "#1"},
				"east": {"uv": [9, 2, 14, 4], "texture": "#texture"},
				"south": {"uv": [4, 5, 5, 7], "texture": "#1"},
				"west": {"uv": [9, 2, 14, 4], "texture": "#texture"},
				"up": {"uv": [4, 1, 5, 6], "texture": "#1"},
				"down": {"uv": [15, 1, 16, 6], "texture": "#1"}
			}
		},
		{
			"from": [0, 6, 9],
			"to": [1, 8, 14],
			"rotation": {"angle": 0, "axis": "y", "origin": [0, 4, 8]},
			"faces": {
				"north": {"uv": [4, 5, 5, 7], "texture": "#1"},
				"east": {"uv": [9, 2, 14, 4], "texture": "#texture"},
				"south": {"uv": [4, 5, 5, 7], "texture": "#1"},
				"west": {"uv": [9, 2, 14, 4], "texture": "#texture"},
				"up": {"uv": [4, 1, 5, 6], "texture": "#1"},
				"down": {"uv": [15, 1, 16, 6], "texture": "#1"}
			}
		},
		{
			"from": [0, 2, 9],
			"to": [1, 4, 14],
			"rotation": {"angle": 0, "axis": "y", "origin": [0, 0, 8]},
			"faces": {
				"north": {"uv": [4, 5, 5, 7], "texture": "#1"},
				"east": {"uv": [9, 2, 14, 4], "texture": "#texture"},
				"south": {"uv": [4, 5, 5, 7], "texture": "#1"},
				"west": {"uv": [9, 2, 14, 4], "texture": "#texture"},
				"up": {"uv": [4, 1, 5, 6], "texture": "#1"},
				"down": {"uv": [15, 1, 16, 6], "texture": "#1"}
			}
		},
		{
			"from": [0, 0, 14],
			"to": [2, 14, 16],
			"rotation": {"angle": 0, "axis": "y", "origin": [-1, 0, 14]},
			"faces": {
				"north": {"uv": [3, 2, 5, 15], "texture": "#1"},
				"east": {"uv": [7, 0, 9, 13], "texture": "#1"},
				"south": {"uv": [3, 2, 5, 15], "texture": "#1"},
				"west": {"uv": [7, 0, 9, 13], "texture": "#1"},
				"up": {"uv": [11, 4, 13, 6], "texture": "#1"},
				"down": {"uv": [11, 4, 13, 6], "texture": "#1"}
			}
		}
	],
	"groups": [
		{
			"name": "group",
			"origin": [6, 0, 10],
			"color": 0,
			"children": [0, 1, 2, 3, 4]
		},
		{
			"name": "group",
			"origin": [6, 0, 10],
			"color": 0,
			"children": [5, 6, 7, 8, 9]
		}
	]
}