{
	"credit": "Made with Blockbench",
	"parent": "minecraft:block/fence_post",
	"textures": {
		"1": "deeperdarker:block/stripped_echo_log",
		"particle": "deeperdarker:block/stripped_echo_log"
	},
	"elements": [
		{
			"from": [6, 0, 6],
			"to": [10, 16, 10],
			"rotation": {"angle": 0, "axis": "y", "origin": [7, 0, 7]},
			"faces": {
				"north": {"uv": [5, 0, 9, 16], "texture": "#1"},
				"east": {"uv": [5, 0, 9, 16], "texture": "#1"},
				"south": {"uv": [5, 0, 9, 16], "texture": "#1"},
				"west": {"uv": [5, 0, 9, 16], "texture": "#1"},
				"up": {"uv": [11, 0, 15, 4], "texture": "#1"},
				"down": {"uv": [0, 0, 4, 4], "texture": "#missing"}
			}
		}
	]
}