{
	"credit": "Made with Blockbench",
	"parent": "minecraft:block/button_pressed",
	"textures": {
		"1": "deeperdarker:block/button_echo",
		"particle": "deeperdarker:block/button_echo"
	},
	"elements": [
		{
			"from": [5, 0, 5],
			"to": [11, 1, 11],
			"faces": {
				"north": {"uv": [5, 14, 11, 15], "texture": "#1"},
				"east": {"uv": [5, 14, 11, 15], "texture": "#1"},
				"south": {"uv": [5, 14, 11, 15], "texture": "#1"},
				"west": {"uv": [5, 14, 11, 15], "texture": "#1"},
				"up": {"uv": [5, 11, 11, 5], "texture": "#1"},
				"down": {"uv": [5, 5, 11, 11], "texture": "#1", "cullface": "down"}
			}
		}
	]
}