{
	"credit": "Made with Blockbench",
	"parent": "minecraft:block/fence_inventory",
	"textures": {
		"1": "deeperdarker:block/stripped_echo_log",
		"2": "deeperdarker:block/echo_planks",
		"particle": "deeperdarker:block/stripped_echo_log"
	},
	"elements": [
		{
			"from": [6, 0, 6],
			"to": [10, 16, 10],
			"rotation": {"angle": 0, "axis": "y", "origin": [7, 0, 7]},
			"faces": {
				"north": {"uv": [5, 0, 9, 16], "texture": "#1"},
				"east": {"uv": [5, 0, 9, 16], "texture": "#1"},
				"south": {"uv": [5, 0, 9, 16], "texture": "#1"},
				"west": {"uv": [5, 0, 9, 16], "texture": "#1"},
				"up": {"uv": [11, 0, 15, 4], "texture": "#1"},
				"down": {"uv": [0, 0, 4, 4], "texture": "#1"}
			}
		},
		{
			"from": [7, 0, 15],
			"to": [9, 14, 16],
			"rotation": {"angle": 0, "axis": "y", "origin": [10, 0, 16]},
			"faces": {
				"north": {"uv": [5, 1, 7, 14], "texture": "#1"},
				"east": {"uv": [11, 1, 12, 14], "texture": "#1"},
				"south": {"uv": [3, 2, 5, 15], "texture": "#1"},
				"west": {"uv": [10, 1, 11, 14], "texture": "#1"},
				"up": {"uv": [11, 5, 13, 6], "rotation": 180, "texture": "#1"},
				"down": {"uv": [11, 5, 13, 6], "rotation": 180, "texture": "#1"}
			}
		},
		{
			"from": [7.5, 2, 10],
			"to": [8.5, 4, 15],
			"rotation": {"angle": 0, "axis": "y", "origin": [8.5, 0, 16]},
			"faces": {
				"north": {"uv": [4, 5, 5, 7], "texture": "#missing"},
				"east": {"uv": [9, 2, 14, 4], "texture": "#2"},
				"south": {"uv": [4, 5, 5, 7], "texture": "#missing"},
				"west": {"uv": [9, 2, 14, 4], "texture": "#2"},
				"up": {"uv": [4, 1, 5, 6], "rotation": 180, "texture": "#1"},
				"down": {"uv": [15, 1, 16, 6], "rotation": 180, "texture": "#2"}
			}
		},
		{
			"from": [7.5, 6, 10],
			"to": [8.5, 8, 15],
			"rotation": {"angle": 0, "axis": "y", "origin": [8.5, 4, 16]},
			"faces": {
				"north": {"uv": [4, 5, 5, 7], "texture": "#missing"},
				"east": {"uv": [9, 2, 14, 4], "texture": "#2"},
				"south": {"uv": [4, 5, 5, 7], "texture": "#missing"},
				"west": {"uv": [9, 2, 14, 4], "texture": "#2"},
				"up": {"uv": [4, 1, 5, 6], "rotation": 180, "texture": "#1"},
				"down": {"uv": [15, 1, 16, 6], "rotation": 180, "texture": "#2"}
			}
		},
		{
			"from": [7.5, 10, 10],
			"to": [8.5, 12, 15],
			"rotation": {"angle": 0, "axis": "y", "origin": [8.5, 8, 16]},
			"faces": {
				"north": {"uv": [4, 5, 5, 7], "texture": "#missing"},
				"east": {"uv": [9, 2, 14, 4], "texture": "#2"},
				"south": {"uv": [4, 5, 5, 7], "texture": "#missing"},
				"west": {"uv": [9, 2, 14, 4], "texture": "#2"},
				"up": {"uv": [4, 1, 5, 6], "rotation": 180, "texture": "#1"},
				"down": {"uv": [15, 1, 16, 6], "rotation": 180, "texture": "#2"}
			}
		},
		{
			"from": [7, 0, 0],
			"to": [9, 14, 1],
			"rotation": {"angle": 0, "axis": "y", "origin": [6, 0, 0]},
			"faces": {
				"north": {"uv": [3, 2, 5, 15], "texture": "#1"},
				"east": {"uv": [10, 1, 11, 14], "texture": "#1"},
				"south": {"uv": [5, 1, 7, 14], "texture": "#1"},
				"west": {"uv": [11, 1, 12, 14], "texture": "#1"},
				"up": {"uv": [11, 5, 13, 6], "texture": "#1"},
				"down": {"uv": [11, 5, 13, 6], "texture": "#1"}
			}
		},
		{
			"from": [7.5, 2, 1],
			"to": [8.5, 4, 6],
			"rotation": {"angle": 0, "axis": "y", "origin": [7.5, 0, 0]},
			"faces": {
				"north": {"uv": [4, 5, 5, 7], "texture": "#missing"},
				"east": {"uv": [9, 2, 14, 4], "texture": "#2"},
				"south": {"uv": [4, 5, 5, 7], "texture": "#missing"},
				"west": {"uv": [9, 2, 14, 4], "texture": "#2"},
				"up": {"uv": [4, 1, 5, 6], "texture": "#1"},
				"down": {"uv": [15, 1, 16, 6], "texture": "#2"}
			}
		},
		{
			"from": [7.5, 6, 1],
			"to": [8.5, 8, 6],
			"rotation": {"angle": 0, "axis": "y", "origin": [7.5, 4, 0]},
			"faces": {
				"north": {"uv": [4, 5, 5, 7], "texture": "#missing"},
				"east": {"uv": [9, 2, 14, 4], "texture": "#2"},
				"south": {"uv": [4, 5, 5, 7], "texture": "#missing"},
				"west": {"uv": [9, 2, 14, 4], "texture": "#2"},
				"up": {"uv": [4, 1, 5, 6], "texture": "#1"},
				"down": {"uv": [15, 1, 16, 6], "texture": "#2"}
			}
		},
		{
			"from": [7.5, 10, 1],
			"to": [8.5, 12, 6],
			"rotation": {"angle": 0, "axis": "y", "origin": [7.5, 8, 0]},
			"faces": {
				"north": {"uv": [4, 5, 5, 7], "texture": "#missing"},
				"east": {"uv": [9, 2, 14, 4], "texture": "#2"},
				"south": {"uv": [4, 5, 5, 7], "texture": "#missing"},
				"west": {"uv": [9, 2, 14, 4], "texture": "#2"},
				"up": {"uv": [4, 1, 5, 6], "texture": "#1"},
				"down": {"uv": [15, 1, 16, 6], "texture": "#2"}
			}
		}
	],
	"groups": [
		0,
		{
			"name": "group",
			"origin": [7.5, 8, 0],
			"color": 0,
			"children": [1, 2, 3, 4]
		},
		{
			"name": "group",
			"origin": [7.5, 8, 0],
			"color": 0,
			"children": [5, 6, 7, 8]
		}
	]
}