{
	"credit": "Made with Blockbench",
	"parent": "minecraft:block/door_bottom_right",
	"render_type": "minecraft:cutout",
	"textures": {
		"2": "deeperdarker:block/echo_log",
		"particle": "deeperdarker:block/echo_log",
		"bottom": "deeperdarker:block/echo_door_bottom"
	},
	"elements": [
		{
			"from": [0, 0, 0],
			"to": [3, 7, 16],
			"faces": {
				"north": {"uv": [13, 9, 16, 16], "texture": "#2"},
				"east": {"uv": [0, 9, 16, 16], "texture": "#bottom"},
				"south": {"uv": [0, 9, 3, 16], "texture": "#2"},
				"west": {"uv": [16, 9, 0, 16], "texture": "#bottom"},
				"up": {"uv": [3, 2, 4, 3], "texture": "#bottom"},
				"down": {"uv": [0, 0, 16, 3], "rotation": 90, "texture": "#2"}
			}
		},
		{
			"from": [0, 7, 0],
			"to": [3, 12, 6],
			"rotation": {"angle": 0, "axis": "y", "origin": [0, 7, 0]},
			"faces": {
				"north": {"uv": [13, 4, 16, 9], "texture": "#2"},
				"east": {"uv": [10, 4, 16, 9], "texture": "#bottom"},
				"south": {"uv": [7, 1, 8, 2], "texture": "#bottom"},
				"west": {"uv": [16, 4, 10, 9], "texture": "#bottom"},
				"up": {"uv": [0, 0, 3, 6], "texture": "#missing"},
				"down": {"uv": [0, 0, 3, 6], "texture": "#missing"}
			}
		},
		{
			"from": [0, 7, 10],
			"to": [3, 12, 16],
			"rotation": {"angle": 0, "axis": "y", "origin": [0, 7, 12]},
			"faces": {
				"north": {"uv": [7, 0, 8, 1], "texture": "#bottom"},
				"east": {"uv": [0, 4, 6, 9], "texture": "#bottom"},
				"south": {"uv": [0, 4, 3, 9], "texture": "#2"},
				"west": {"uv": [6, 4, 0, 9], "texture": "#bottom"},
				"up": {"uv": [0, 0, 3, 6], "texture": "#missing"},
				"down": {"uv": [0, 0, 3, 6], "texture": "#missing"}
			}
		},
		{
			"from": [0, 12, 0],
			"to": [3, 16, 16],
			"rotation": {"angle": 0, "axis": "y", "origin": [0, 13, 0]},
			"faces": {
				"north": {"uv": [13, 0, 16, 4], "texture": "#2"},
				"east": {"uv": [0, 0, 16, 4], "texture": "#bottom"},
				"south": {"uv": [0, 0, 3, 4], "texture": "#2"},
				"west": {"uv": [16, 0, 0, 4], "texture": "#bottom"},
				"up": {"uv": [0, 13, 16, 16], "rotation": 90, "texture": "#2"},
				"down": {"uv": [2, 10, 3, 11], "texture": "#bottom"}
			}
		},
		{
			"from": [0, 7, 6],
			"to": [3, 8, 7],
			"rotation": {"angle": 0, "axis": "y", "origin": [0, 7, 6]},
			"faces": {
				"north": {"uv": [0, 0, 3, 1], "texture": "#missing"},
				"east": {"uv": [6, 8, 7, 9], "texture": "#bottom"},
				"south": {"uv": [6, 8, 7, 9], "texture": "#bottom"},
				"west": {"uv": [6, 8, 7, 9], "texture": "#bottom"},
				"up": {"uv": [6, 8, 7, 9], "texture": "#bottom"},
				"down": {"uv": [0, 0, 3, 1], "texture": "#missing"}
			}
		},
		{
			"from": [0, 7, 9],
			"to": [3, 8, 10],
			"rotation": {"angle": 0, "axis": "y", "origin": [0, 7, 9]},
			"faces": {
				"north": {"uv": [9, 8, 10, 9], "texture": "#bottom"},
				"east": {"uv": [9, 8, 10, 9], "texture": "#bottom"},
				"south": {"uv": [0, 0, 3, 1], "texture": "#missing"},
				"west": {"uv": [9, 8, 10, 9], "texture": "#bottom"},
				"up": {"uv": [9, 8, 10, 9], "texture": "#bottom"},
				"down": {"uv": [0, 0, 3, 1], "texture": "#missing"}
			}
		},
		{
			"from": [0, 11, 6],
			"to": [3, 12, 7],
			"rotation": {"angle": 0, "axis": "y", "origin": [0, 11, 6]},
			"faces": {
				"north": {"uv": [0, 0, 3, 1], "texture": "#missing"},
				"east": {"uv": [6, 4, 7, 5], "texture": "#bottom"},
				"south": {"uv": [6, 4, 7, 5], "texture": "#bottom"},
				"west": {"uv": [6, 4, 7, 5], "texture": "#bottom"},
				"up": {"uv": [0, 0, 3, 1], "texture": "#missing"},
				"down": {"uv": [6, 4, 7, 5], "texture": "#bottom"}
			}
		},
		{
			"from": [0, 11, 9],
			"to": [3, 12, 10],
			"rotation": {"angle": 0, "axis": "y", "origin": [0, 11, 9]},
			"faces": {
				"north": {"uv": [9, 4, 10, 5], "texture": "#bottom"},
				"east": {"uv": [9, 4, 10, 5], "texture": "#bottom"},
				"south": {"uv": [0, 0, 3, 1], "texture": "#missing"},
				"west": {"uv": [9, 4, 10, 5], "texture": "#bottom"},
				"up": {"uv": [0, 0, 3, 1], "texture": "#missing"},
				"down": {"uv": [9, 4, 10, 5], "texture": "#bottom"}
			}
		}
	],
	"groups": [
		{
			"name": "group",
			"origin": [0, 11, 9],
			"color": 0,
			"children": [0, 1, 2, 3, 4, 5, 6, 7]
		}
	]
}