{
	"credit": "Made with Blockbench",
	"parent": "minecraft:block/pressure_plate_down",
	"textures": {
		"1": "deeperdarker:block/plate_echo",
		"particle": "deeperdarker:block/plate_echo"
	},
	"elements": [
		{
			"from": [1, 0, 1],
			"to": [15, 0.5, 15],
			"faces": {
				"north": {"uv": [1, 15, 15, 16], "texture": "#1"},
				"east": {"uv": [0, 15, 1, 1], "rotation": 90, "texture": "#1"},
				"south": {"uv": [15, 0, 1, 1], "texture": "#1"},
				"west": {"uv": [16, 15, 15, 1], "rotation": 270, "texture": "#1"},
				"up": {"uv": [1, 1, 15, 15], "texture": "#1"},
				"down": {"uv": [1, 1, 15, 15], "texture": "#1"}
			}
		}
	]
}