{
	"credit": "Made with Blockbench",
	"parent": "minecraft:block/template_orientable_trapdoor_bottom",
	"render_type": "minecraft:cutout",
	"textures": {
		"1": "deeperdarker:block/echo_log",
		"2": "deeperdarker:block/echo_trapdoor_extra",
		"texture": "deeperdarker:block/echo_trapdoor",
		"particle": "deeperdarker:block/echo_log"
	},
	"elements": [
		{
			"from": [0, 0, 0],
			"to": [16, 3, 2],
			"faces": {
				"north": {"uv": [0, 0, 16, 3], "texture": "#1"},
				"east": {"uv": [14, 0, 16, 3], "texture": "#1"},
				"south": {"uv": [0, 13, 16, 16], "texture": "#2"},
				"west": {"uv": [0, 0, 2, 3], "texture": "#1"},
				"up": {"uv": [16, 16, 0, 14], "texture": "#texture"},
				"down": {"uv": [16, 2, 0, 0], "texture": "#texture"}
			}
		},
		{
			"from": [0, 0, 14],
			"to": [16, 3, 16],
			"rotation": {"angle": 0, "axis": "y", "origin": [0, 0, 14]},
			"faces": {
				"north": {"uv": [0, 0, 16, 3], "texture": "#2"},
				"east": {"uv": [0, 0, 2, 3], "texture": "#1"},
				"south": {"uv": [0, 0, 16, 3], "texture": "#1"},
				"west": {"uv": [14, 0, 16, 3], "texture": "#1"},
				"up": {"uv": [16, 2, 0, 0], "texture": "#texture"},
				"down": {"uv": [16, 16, 0, 14], "texture": "#texture"}
			}
		},
		{
			"from": [0, 0, 2],
			"to": [2, 3, 14],
			"rotation": {"angle": 0, "axis": "y", "origin": [0, 0, 2]},
			"faces": {
				"north": {"uv": [0, 0, 2, 3], "texture": "#missing"},
				"east": {"uv": [13, 2, 16, 14], "rotation": 90, "texture": "#2"},
				"south": {"uv": [0, 0, 2, 3], "texture": "#missing"},
				"west": {"uv": [2, 0, 14, 3], "texture": "#1"},
				"up": {"uv": [16, 14, 14, 2], "texture": "#texture"},
				"down": {"uv": [16, 14, 14, 2], "texture": "#texture"}
			}
		},
		{
			"from": [14, 0, 2],
			"to": [16, 3, 14],
			"rotation": {"angle": 0, "axis": "y", "origin": [14, 0, 2]},
			"faces": {
				"north": {"uv": [0, 0, 2, 3], "texture": "#missing"},
				"east": {"uv": [2, 0, 14, 3], "texture": "#1"},
				"south": {"uv": [0, 0, 2, 3], "texture": "#missing"},
				"west": {"uv": [0, 2, 3, 14], "rotation": 90, "texture": "#2"},
				"up": {"uv": [2, 14, 0, 2], "texture": "#texture"},
				"down": {"uv": [2, 14, 0, 2], "texture": "#texture"}
			}
		},
		{
			"from": [13, 0, 2],
			"to": [14, 3, 3],
			"rotation": {"angle": 0, "axis": "y", "origin": [12, 0, 1]},
			"faces": {
				"north": {"uv": [2, 2, 3, 3], "texture": "#texture"},
				"east": {"uv": [2, 2, 3, 3], "texture": "#texture"},
				"south": {"uv": [2, 2, 3, 3], "texture": "#texture"},
				"west": {"uv": [2, 2, 3, 3], "texture": "#texture"},
				"up": {"uv": [2, 2, 3, 3], "texture": "#texture"},
				"down": {"uv": [2, 2, 3, 3], "texture": "#texture"}
			}
		},
		{
			"from": [2, 0, 2],
			"to": [3, 3, 3],
			"rotation": {"angle": 0, "axis": "y", "origin": [1, 0, 1]},
			"faces": {
				"north": {"uv": [2, 2, 3, 3], "texture": "#texture"},
				"east": {"uv": [2, 2, 3, 3], "texture": "#texture"},
				"south": {"uv": [2, 2, 3, 3], "texture": "#texture"},
				"west": {"uv": [2, 2, 3, 3], "texture": "#texture"},
				"up": {"uv": [2, 2, 3, 3], "texture": "#texture"},
				"down": {"uv": [2, 2, 3, 3], "texture": "#texture"}
			}
		},
		{
			"from": [2, 0, 13],
			"to": [3, 3, 14],
			"rotation": {"angle": 0, "axis": "y", "origin": [1, 0, 12]},
			"faces": {
				"north": {"uv": [2, 2, 3, 3], "texture": "#texture"},
				"east": {"uv": [2, 2, 3, 3], "texture": "#texture"},
				"south": {"uv": [2, 2, 3, 3], "texture": "#texture"},
				"west": {"uv": [2, 2, 3, 3], "texture": "#texture"},
				"up": {"uv": [2, 2, 3, 3], "texture": "#texture"},
				"down": {"uv": [2, 2, 3, 3], "texture": "#texture"}
			}
		},
		{
			"from": [13, 0, 13],
			"to": [14, 3, 14],
			"rotation": {"angle": 0, "axis": "y", "origin": [12, 0, 12]},
			"faces": {
				"north": {"uv": [2, 2, 3, 3], "texture": "#texture"},
				"east": {"uv": [2, 2, 3, 3], "texture": "#texture"},
				"south": {"uv": [2, 2, 3, 3], "texture": "#texture"},
				"west": {"uv": [2, 2, 3, 3], "texture": "#texture"},
				"up": {"uv": [2, 2, 3, 3], "texture": "#texture"},
				"down": {"uv": [2, 2, 3, 3], "texture": "#texture"}
			}
		},
		{
			"from": [2, 1, 3],
			"to": [7, 2, 5],
			"rotation": {"angle": 0, "axis": "y", "origin": [2, 0, 3]},
			"faces": {
				"north": {"uv": [9, 12, 14, 13], "texture": "#texture"},
				"east": {"uv": [9, 13, 10, 11], "rotation": 90, "texture": "#texture"},
				"south": {"uv": [14, 11, 9, 12], "texture": "#texture"},
				"west": {"uv": [0, 0, 2, 1], "texture": "#missing"},
				"up": {"uv": [14, 13, 9, 11], "texture": "#texture"},
				"down": {"uv": [14, 5, 9, 3], "texture": "#texture"}
			}
		},
		{
			"from": [10, 1, 7],
			"to": [14, 2, 9],
			"rotation": {"angle": 0, "axis": "y", "origin": [9, 0, 7]},
			"faces": {
				"north": {"uv": [2, 8, 6, 9], "texture": "#texture"},
				"east": {"uv": [0, 0, 2, 1], "texture": "#missing"},
				"south": {"uv": [6, 7, 2, 8], "texture": "#texture"},
				"west": {"uv": [5, 7, 6, 9], "rotation": 90, "texture": "#texture"},
				"up": {"uv": [6, 7, 2, 9], "texture": "#texture"},
				"down": {"uv": [6, 9, 2, 7], "texture": "#texture"}
			}
		},
		{
			"from": [2, 1, 7],
			"to": [6, 2, 9],
			"rotation": {"angle": 0, "axis": "y", "origin": [2, 0, 7]},
			"faces": {
				"north": {"uv": [10, 8, 14, 9], "texture": "#texture"},
				"east": {"uv": [10, 9, 11, 7], "rotation": 90, "texture": "#texture"},
				"south": {"uv": [14, 7, 10, 8], "texture": "#texture"},
				"west": {"uv": [0, 0, 2, 1], "texture": "#missing"},
				"up": {"uv": [14, 9, 10, 7], "texture": "#texture"},
				"down": {"uv": [14, 9, 10, 7], "texture": "#texture"}
			}
		},
		{
			"from": [9, 1, 3],
			"to": [14, 2, 5],
			"rotation": {"angle": 0, "axis": "y", "origin": [9, 0, 3]},
			"faces": {
				"north": {"uv": [2, 12, 7, 13], "texture": "#texture"},
				"east": {"uv": [0, 0, 2, 1], "texture": "#missing"},
				"south": {"uv": [7, 11, 2, 12], "texture": "#texture"},
				"west": {"uv": [6, 11, 7, 13], "rotation": 90, "texture": "#texture"},
				"up": {"uv": [7, 13, 2, 11], "texture": "#texture"},
				"down": {"uv": [7, 5, 2, 3], "texture": "#texture"}
			}
		},
		{
			"from": [2, 1, 11],
			"to": [7, 2, 13],
			"rotation": {"angle": 0, "axis": "y", "origin": [2, 0, 11]},
			"faces": {
				"north": {"uv": [9, 4, 14, 5], "texture": "#texture"},
				"east": {"uv": [9, 5, 10, 3], "rotation": 90, "texture": "#texture"},
				"south": {"uv": [0, 0, 5, 1], "texture": "#texture"},
				"west": {"uv": [0, 0, 2, 1], "texture": "#missing"},
				"up": {"uv": [14, 5, 9, 3], "texture": "#texture"},
				"down": {"uv": [14, 13, 9, 11], "texture": "#texture"}
			}
		},
		{
			"from": [9, 1, 11],
			"to": [14, 2, 13],
			"rotation": {"angle": 0, "axis": "y", "origin": [9, 0, 11]},
			"faces": {
				"north": {"uv": [2, 4, 7, 5], "texture": "#texture"},
				"east": {"uv": [0, 0, 2, 1], "texture": "#missing"},
				"south": {"uv": [7, 3, 2, 4], "texture": "#texture"},
				"west": {"uv": [6, 3, 7, 5], "rotation": 90, "texture": "#texture"},
				"up": {"uv": [7, 5, 2, 3], "texture": "#texture"},
				"down": {"uv": [7, 13, 2, 11], "texture": "#texture"}
			}
		}
	]
}