{
  "ambientocclusion": false,
  "render_type": "cutout",
  "textures": {
    "flowers": "deeperdarker:block/glowing_flowers",
    "stem": "deeperdarker:block/glowing_flowers_stem",
    "particle": "#flowers"
  },
  "elements": [
    {
      "from": [0, 2.99, 0],
      "to": [16, 3, 16],
      "faces": {
        "up": {"uv": [0, 0, 16, 16], "texture": "#flowers"},
        "down": {"uv": [0, 16, 16, 0], "texture": "#flowers"}
      }
    },
    {
      "from": [17.25, 0, -0.6],
      "to": [17.25, 2.99, 0.4],
      "rotation": {"angle": -45, "axis": "y", "origin": [0, 0, 0]},
      "faces": {
        "east": {"uv": [0, 4, 1, 7], "texture": "#stem", "tintindex": 1},
        "west": {"uv": [0, 4, 1, 7], "texture": "#stem", "tintindex": 1}
      }
    },
    {
      "from": [16.75, 0, -0.1],
      "to": [17.75, 2.99, -0.1],
      "rotation": {"angle": -45, "axis": "y", "origin": [0, 0, 0]},
      "faces": {
        "north": {"uv": [0, 4, 1, 7], "texture": "#stem", "tintindex": 1},
        "south": {"uv": [0, 4, 1, 7], "texture": "#stem", "tintindex": 1}
      }
    },
    {
      "from": [7.9, 0, 1.3],
      "to": [7.9, 2.99, 2.3],
      "rotation": {"angle": -45, "axis": "y", "origin": [0, 0, 0]},
      "faces": {
        "east": {"uv": [0, 4, 1, 7], "texture": "#stem", "tintindex": 1},
        "west": {"uv": [0, 4, 1, 7], "texture": "#stem", "tintindex": 1}
      }
    },
    {
      "from": [7.4, 0, 1.8],
      "to": [8.4, 2.99, 1.8],
      "rotation": {"angle": -45, "axis": "y", "origin": [0, 0, 0]},
      "faces": {
        "north": {"uv": [0, 4, 1, 7], "texture": "#stem", "tintindex": 1},
        "south": {"uv": [0, 4, 1, 7], "texture": "#stem", "tintindex": 1}
      }
    },
    {
      "from": [12.65, 0, 4.55],
      "to": [12.65, 2.99, 5.55],
      "rotation": {"angle": -45, "axis": "y", "origin": [0, 0, 0]},
      "faces": {
        "east": {"uv": [0, 4, 1, 7], "texture": "#stem", "tintindex": 1},
        "west": {"uv": [0, 4, 1, 7], "texture": "#stem", "tintindex": 1}
      }
    },
    {
      "from": [12.15, 0, 5.05],
      "to": [13.15, 2.99, 5.05],
      "rotation": {"angle": -45, "axis": "y", "origin": [0, 0, 0]},
      "faces": {
        "north": {"uv": [0, 4, 1, 7], "texture": "#stem", "tintindex": 1},
        "south": {"uv": [0, 4, 1, 7], "texture": "#stem", "tintindex": 1}
      }
    },
    {
      "from": [8.65, 0, -3.95],
      "to": [8.65, 2.99, -2.95],
      "rotation": {"angle": -45, "axis": "y", "origin": [0, 0, 0]},
      "faces": {
        "east": {"uv": [0, 4, 1, 7], "texture": "#stem", "tintindex": 1},
        "west": {"uv": [0, 4, 1, 7], "texture": "#stem", "tintindex": 1}
      }
    },
    {
      "from": [8.15, 0, -3.45],
      "to": [9.15, 2.99, -3.45],
      "rotation": {"angle": -45, "axis": "y", "origin": [0, 0, 0]},
      "faces": {
        "north": {"uv": [0, 4, 1, 7], "texture": "#stem", "tintindex": 1},
        "south": {"uv": [0, 4, 1, 7], "texture": "#stem", "tintindex": 1}
      }
    },
    {
      "from": [14.15, 0, -5.45],
      "to": [14.15, 2.99, -4.45],
      "rotation": {"angle": -45, "axis": "y", "origin": [0, 0, 0]},
      "faces": {
        "east": {"uv": [0, 4, 1, 7], "texture": "#stem", "tintindex": 1},
        "west": {"uv": [0, 4, 1, 7], "texture": "#stem", "tintindex": 1}
      }
    },
    {
      "from": [13.65, 0, -4.95],
      "to": [14.65, 2.99, -4.95],
      "rotation": {"angle": -45, "axis": "y", "origin": [0, 0, 0]},
      "faces": {
        "north": {"uv": [0, 4, 1, 7], "texture": "#stem", "tintindex": 1},
        "south": {"uv": [0, 4, 1, 7], "texture": "#stem", "tintindex": 1}
      }
    }
  ]
}