{
  "parent": "block/block",
  "render_type": "cutout",
  "textures": {
    "texture": "deeperdarker:block/ice_lily",
    "particle": "#texture"
  },
  "elements": [
    {
      "from": [0, 0.25, 0],
      "to": [16, 0.25, 16],
      "faces": {
        "north": {"uv": [0, 0, 0, 0], "texture": "#texture"},
        "east": {"uv": [0, 0, 0, 0], "texture": "#texture"},
        "south": {"uv": [0, 0, 0, 0], "texture": "#texture"},
        "west": {"uv": [0, 0, 0, 0], "texture": "#texture"},
        "up": {"uv": [0, 0, 16, 16], "texture": "#texture", "tintindex": 0},
        "down": {"uv": [0, 16, 16, 0], "texture": "#texture", "tintindex": 0}
      }
    }
  ]
}