{
  "parent": "block/block",
  "render_type": "cutout",
  "textures": {
    "flower": "deeperdarker:block/lily_flower",
    "texture": "deeperdarker:block/ice_lily",
    "particle": "#texture"
  },
  "elements": [
    {
      "from": [0, 0.25, 0],
      "to": [16, 0.25, 16],
      "faces": {
        "north": {"uv": [0, 0, 0, 0], "texture": "#texture"},
        "east": {"uv": [0, 0, 0, 0], "texture": "#texture"},
        "south": {"uv": [0, 0, 0, 0], "texture": "#texture"},
        "west": {"uv": [0, 0, 0, 0], "texture": "#texture"},
        "up": {"uv": [0, 0, 16, 16], "texture": "#texture", "tintindex": 0},
        "down": {"uv": [0, 16, 16, 0], "texture": "#texture", "tintindex": 0}
      }
    },
    {
      "from": [0, 0, 8],
      "to": [16, 16, 8],
      "rotation": {"angle": 45, "axis": "y", "origin": [8, 0, 8]},
      "faces": {
        "north": {"uv": [16, 0, 0, 16], "texture": "#flower"},
        "east": {"uv": [0, 0, 0, 16], "texture": "#flower"},
        "south": {"uv": [0, 0, 16, 16], "texture": "#flower"},
        "west": {"uv": [0, 0, 0, 16], "texture": "#flower"},
        "up": {"uv": [0, 0, 16, 0], "texture": "#flower"},
        "down": {"uv": [0, 0, 16, 0], "texture": "#flower"}
      }
    },
    {
      "from": [0, 0, 8],
      "to": [16, 16, 8],
      "rotation": {"angle": -45, "axis": "y", "origin": [8, 0, 8]},
      "faces": {
        "north": {"uv": [0, 0, 16, 16], "texture": "#flower"},
        "east": {"uv": [0, 0, 0, 16], "texture": "#flower"},
        "south": {"uv": [16, 0, 0, 16], "texture": "#flower"},
        "west": {"uv": [0, 0, 0, 16], "texture": "#flower"},
        "up": {"uv": [0, 0, 16, 0], "rotation": 180, "texture": "#flower"},
        "down": {"uv": [0, 0, 16, 0], "rotation": 180, "texture": "#flower"}
      }
    }
  ]
}