{
  "textures": {
    "particle": "#stem"
  },
  "elements": [
    {
      "from": [5, 11, 5],
      "to": [11, 16, 11],
      "faces": {
        "north": {"uv": [5, 0, 11, 5], "texture": "#stem"},
        "east": {"uv": [5, 0, 11, 5], "texture": "#stem"},
        "south": {"uv": [5, 0, 11, 5], "texture": "#stem"},
        "west": {"uv": [5, 0, 11, 5], "texture": "#stem"},
        "up": {"uv": [5, 5, 11, 11], "texture": "#stem"},
        "down": {"uv": [5, 5, 11, 11], "texture": "#stem"}
      }
    }
  ]
}